actionable,base_retest_grade,ticker,formation_date,event_date,event_day,formation_close,atr_abs20,adv20,rank_pct,swing_score,swing_rank_pct,mom12_1_pct,atr_pct20_pct,return_volume_corr20_pct,sma200_slope20_pct,expansion_date,expansion_peak_atr,pullback_from_peak_atr,close_vs_level_atr,close_location,event_volume_ratio,event_body_atr,event_body_return,entry_date,entry_open,r5,mfe5,mae5,r10,mfe10,mae10,policy,days_to_end,formation_return5,formation_return10,formation_return20,formation_return63,price_vs_sma20,price_vs_sma50,price_vs_sma200,sma20_slope5,sma50_slope10,sma200_slope20_raw,distance_prior_high20,distance_prior_high60,formation_volume_ratio20,relative_volume5_20,relative_volume20_60,signed_volume20,formation_gap,formation_close_location,atr_pct_raw,year,sample,quality_points,grade,month
True,A,MRNA,2020-05-28,2020-06-02,3,55.540000915527344,6.970999526977539,1989609658.6781883,0.979557069846678,0.7485875706214689,0.8898305084745762,0.7966101694915254,0.9830508474576272,0.4661016949152542,0.9830508474576272,2020-05-29,1.1992542214353388,-0.5781097213388358,0.6211445000965029,0.9825893776275328,0.700066535209223,0.167837935495112,0.0199318254469937,2020-06-03,57.5099983215332,0.0125195834066567,0.1018953361394452,-0.0153016393514391,0.1187619234167165,0.1646671067951428,-0.0153016393514391,rolling_daily_cohorts_cooldown_10,1,-0.2440451886112571,-0.1478981182036439,0.1977572179182678,1.1230887323962144,-0.0800447106718076,0.2038634819477258,1.17260348277803,0.0534282596924464,0.2124846925694996,0.2247686543618603,-0.361609184878996,-0.361609184878996,1.0406558355410926,0.2667458637278266,0.4642811733506327,0.1489148308997576,0.0252970426811838,0.3802086161793444,0.1255131330944694,2020,development,3,A+,2020-06
True,A+,DQ,2020-07-30,2020-08-03,2,22.194000244140625,1.689599800109863,34276581.73241615,0.9418907198612316,0.7068965517241379,0.8232758620689655,0.4224137931034483,0.853448275862069,0.8448275862068966,0.7241379310344828,2020-07-31,0.4758517058840064,0.1917621629895977,0.6676138688736042,0.7345018205934634,0.7622833931117929,0.6451232726927496,0.0490284335813806,2020-08-04,23.74399948120117,0.0035377205030504,0.0845687909109182,-0.0279649415432654,-0.0363038885846175,0.0845687909109182,-0.0772405523021128,rolling_daily_cohorts_cooldown_10,1,0.0138876593407282,0.2666362890017542,0.2909493353291412,1.1287167664933024,0.1279387780311041,0.4666427141220142,0.9436572566660476,0.0887772413694696,0.1647316729393331,0.0999436481336601,-0.069511952395929,-0.069511952395929,1.0083113665499903,-0.3286951010472033,0.1639041019336089,0.0385318986503032,0.0155238196963356,0.6790831063005376,0.0761286735840209,2020,development,3,A+,2020-08
True,A,ZM,2020-09-29,2020-10-01,2,465.5,40.56180267333984,7284413832.792358,0.9857142857142858,0.9215686274509804,0.9831932773109244,0.8571428571428571,0.9327731092436976,0.9747899159663864,0.9831932773109244,2020-09-30,0.3958155608881213,0.0353780518620016,0.4311936127501229,0.9604901058257094,0.4750318604925963,0.1476756416033761,0.0125576315186057,2020-10-02,485.0050048828125,-0.0133091762453119,0.0463603161311609,-0.0242925595011126,0.1059680189149143,0.1134936389439038,-0.0242925595011126,rolling_daily_cohorts_cooldown_10,1,-0.0550142220213875,0.1327687673004602,0.4318670909276432,0.8360022573427282,0.0836688889172827,0.4020505743734186,1.433946521760229,0.1185310112154809,0.1387163410143812,0.232018786258368,-0.1212670204602696,-0.1212670204602696,0.9194014911647386,0.0962644724606576,0.7216411562045013,0.1594547768375352,0.0009637887404618,0.0932836245789595,0.087135988557121,2020,development,3,A+,2020-10
True,A+,MRNA,2020-12-30,2021-01-06,4,111.12999725341795,12.79354934692383,4322282692.947884,0.9921813917122752,0.7864583333333333,0.921875,0.921875,0.9609375,0.4765625,0.8515625,2021-01-05,0.3009333844044898,0.1000503257217404,0.4009837101262303,0.8992484187653255,0.7100854237609213,0.4025467355638271,0.0463504769830693,2021-01-07,120.0999984741211,0.0329725156934614,0.0622814608823276,-0.0716902641110927,0.1072439418572792,0.1407160844345929,-0.0716902641110927,rolling_daily_cohorts_cooldown_10,1,-0.11717508994146,-0.2451433478334324,-0.2118998540345978,0.5707420106490171,-0.2145596073643276,0.0252828482655607,0.5256030343729403,-0.01320607430938,0.109782790721405,0.1912611312818826,-0.3774229845746893,-0.3774229845746893,0.7881816979904663,-0.1225558326202079,0.4218713490947741,-0.1149116327468932,0.0350555307074627,0.2297598331629299,0.115122376164104,2021,development,3,A+,2021-01
True,A,MARA,2021-01-28,2021-02-01,2,19.89999961853028,3.64650001525879,1076617256.0746956,0.9969348659003832,0.946564885496183,0.9923664122137404,0.9694656488549618,0.9770992366412212,0.8931297709923665,0.9923664122137404,2021-01-29,1.1737284159429122,-0.9433704976451186,0.2303579182977935,0.7679556904867534,0.3178153659885439,0.0438776489078823,0.0077745310012276,2021-02-02,21.38999938964844,0.4992987662423356,0.4992987662423356,-0.050958400359534,1.0364657604605454,1.1159420108930207,-0.050958400359534,rolling_daily_cohorts_cooldown_10,1,0.1332574159313799,-0.1347826252812922,0.6921768053759985,6.210144814236078,0.0396530867532087,0.7072458973443188,3.770523350418472,0.0942091039833743,0.4315083581019499,0.8100537979945415,-0.2985548456167051,-0.2985548456167051,0.7363862919502,-0.4313954829739845,0.4201971775010051,0.1526216667979869,0.0419263335474104,0.57083337638114,0.1832412103095358,2021,development,3,A+,2021-02
True,B,RIOT,2021-01-28,2021-02-01,2,19.93000030517578,3.609049844741821,720260103.6461735,0.9961685823754788,0.9134860050890584,0.9694656488549618,0.9618320610687024,0.9694656488549618,0.8091603053435115,0.9694656488549618,2021-01-29,1.3313754345001323,-1.3175215839822758,0.0138538505178566,0.7206702362875942,0.393617981042198,0.052645583250793,-0.0094199570321731,2021-02-02,20.559999465942383,0.5948444439331793,0.6001946683110437,-0.0457197787512636,1.8939689467678087,1.980009854016393,-0.0457197787512636,rolling_daily_cohorts_cooldown_10,1,0.0299741556729624,-0.1654103431494432,0.2621912826677997,3.957711542223041,-0.0682343976538475,0.4034223143749083,2.573173464506688,0.0612898023489303,0.3481364791386487,0.5829725439797488,-0.3193306066326092,-0.3193306066326092,0.8027895395274984,-0.3750583409517394,0.2130467606262005,0.0594223644324688,0.0256552747709588,0.4678112396047449,0.1810862914941631,2021,development,3,A+,2021-02
True,A,NVAX,2021-02-25,2021-03-01,2,221.5,31.375498199462896,1603310416.6960907,0.992603550295858,0.931372549019608,0.9852941176470588,0.9264705882352942,0.8676470588235294,1.0,0.8088235294117647,2021-02-26,0.3805518040064347,0.2183229347046296,0.5988747387110643,0.8554686762702972,0.3787470648627219,0.0653372188685696,0.0086047168640932,2021-03-02,225.75,-0.3006866218507752,0.0186046376444837,-0.3471096372551564,-0.0367220079119947,0.0186046376444837,-0.3471096372551564,rolling_daily_cohorts_cooldown_10,1,-0.165064673129244,-0.2576082220308366,0.6885196856768374,1.3568843593115103,-0.1633237404850582,0.2289660928255126,0.8530122129188482,0.1250366506949385,0.1801055550213057,0.258153626480414,-0.3321876360009532,-0.3321876360009532,0.385862549173079,-0.5522436842257532,0.2964072513869793,0.3287533593296119,0.0002083981464076,0.0414779484190224,0.1416501047379814,2021,development,3,A+,2021-03
True,A+,LQDT,2021-05-27,2021-06-01,2,24.239999771118164,2.08899974822998,20475782.908172607,0.9439880507841673,0.7686567164179103,0.9029850746268656,0.4402985074626865,0.9104477611940298,0.9552238805970148,0.8955223880597015,2021-05-28,0.3446622307946907,0.2776457161118023,0.622307946906493,0.7619052905225935,0.3782880267440837,0.6414553920953219,0.0553719053860528,2021-06-02,25.709999084472656,-0.0085569553165546,0.0606768350385964,-0.0824581488672677,-0.1267988501602884,0.0606768350385964,-0.1481913497322291,rolling_daily_cohorts_cooldown_10,1,-0.0601008565097015,-0.072685526507039,0.3217011760873811,0.5528507561977682,0.0034773857017129,0.1732021924109121,0.6498830872250954,0.064492674745316,0.0730073382266411,0.1458704624770279,-0.1920000076293945,-0.1920000076293945,0.5494602169186492,-0.5682992120046753,0.7785220148044392,0.412007188729279,0.0057898837006411,0.4324321537838984,0.0861798584139845,2021,development,3,A+,2021-06
True,A,BBW,2021-06-29,2021-07-01,2,13.876249313354492,1.6134688406029636,10223448.210611343,0.993482983345402,0.8153477218225419,0.8992805755395683,0.935251798561151,0.9784172661870504,0.5323741007194245,0.9856115107913668,2021-06-30,0.408795359331753,0.1138436266401531,0.5226389859719062,0.7678567171092744,0.3838032952856426,0.1655884623112685,0.0184864069726762,2021-07-02,14.652715467115613,-0.0301992387172556,0.0045584004093355,-0.1287748622682618,-0.1310539645329352,0.0598291344140722,-0.1350425518969623,rolling_daily_cohorts_cooldown_10,1,-0.0370799257369097,-0.011302648655036,-0.0047903133292814,1.377682926629986,-0.0484640954845088,0.3105809812086062,1.3886004835308174,0.0529599666179263,0.1696981989067325,0.2705054136809055,-0.2085712859439735,-0.2085712859439735,0.5075610223720236,-0.0675431700149918,0.0667997409484812,0.295164692560995,0.0134662267399801,0.2376253703749171,0.11627557304337,2021,development,3,A+,2021-07
True,A+,PRTA,2021-07-29,2021-08-02,2,49.720001220703125,4.939399719238281,25202768.54444504,0.9713178294573644,0.8217054263565892,0.9224806201550388,0.7131782945736435,0.9534883720930232,0.7984496124031008,0.9612403100775194,2021-07-30,0.3745391301124314,0.2368712900649813,0.6114104201774127,0.755627597305426,0.4439822576879815,0.4757667778263468,0.0466362833356397,2021-08-03,52.70000076293945,0.0848196838955137,0.1132826815859209,-0.031593944808787,0.0702087421133668,0.1347248267805352,-0.031593944808787,rolling_daily_cohorts_cooldown_10,1,-0.0315543226932208,-0.0394126191457273,-0.0328729552951759,0.8517691066781852,-0.0544292520405015,0.1187665920807392,1.056593595675544,0.0093192505701662,0.1417113711997335,0.2104442305966285,-0.2587844264772134,-0.2587844264772134,0.6621532715040642,-0.3149260383284874,-0.0742586577251532,0.0632016808506122,0.0182024849055819,0.0657282754890616,0.0993443201522196,2021,development,3,A+,2021-08
True,A+,OCGN,2021-07-29,2021-08-03,3,6.820000171661377,0.5828999519348145,124532300.46826364,0.9976744186046512,0.9431524547803616,0.9844961240310076,0.9767441860465116,0.9224806201550388,0.9302325581395348,0.8914728682170543,2021-08-02,0.3431117271519395,0.0514671680942333,0.3945788952461728,0.878049432912476,0.7827027450966824,0.3088013724796303,0.0262009182204132,2021-08-04,6.960000038146973,0.2227011756091217,0.3433908520435969,-0.0258620441597793,0.0316091650841747,0.3433908520435969,-0.0258620441597793,rolling_daily_cohorts_cooldown_10,1,-0.0367231292155975,0.0723270485047593,-0.1506848818863037,-0.4297658737534555,-0.039436595540651,-0.1118519393139586,0.2316427730046679,-0.0476190470098851,-0.0549278775056072,0.1394037661635903,-0.2014051285567502,-0.5072254265556398,0.4254189096023743,-0.444992389228603,-0.565118731451313,-0.1378401671688132,0.0028328585111347,0.0,0.085469199012178,2021,development,3,A+,2021-08
True,A,OXY,2022-03-30,2022-04-01,2,53.86381149291992,3.8276731663084265,3091384386.585369,0.9619718309859157,0.8145539906103285,0.971830985915493,0.6197183098591549,0.8591549295774648,0.9647887323943662,0.908450704225352,2022-03-31,0.4259878314273201,-0.2717504781916376,0.1542373532356825,0.9627661409286375,0.3844493965251787,0.3158170167917913,0.0227032897299512,2022-04-04,55.01644293664239,0.0526314974078101,0.0575710459794891,-0.0614889578392684,0.0453071795357185,0.0732410750265173,-0.0614889578392684,rolling_daily_cohorts_cooldown_10,1,-0.0394387222643656,0.0847329412438933,0.1911758800650858,0.969144698454704,0.0154393241280388,0.2431305768169103,0.7102282609883719,0.067247914737474,0.1180945798030814,0.0959681110348045,-0.091081823518637,-0.091081823518637,0.4768167856989126,-0.4649500890882316,0.6314841301035561,0.0279378197417345,0.0267653184993401,0.1355307670057993,0.0710620555846025,2022,development,3,A+,2022-04
True,A+,RES,2022-03-30,2022-04-01,2,9.73013401031494,0.7989380685074172,21826054.924139977,0.9429577464788732,0.6830985915492958,0.8028169014084507,0.4295774647887324,0.9225352112676056,0.6971830985915493,0.9014084507042254,2022-03-31,0.5432924486069046,-0.2150538434674197,0.3282386051394848,0.8524589138754771,0.5392960324922128,0.3848331653603064,0.0317460458801936,2022-04-04,10.272705868481609,0.031690240603144,0.068662081037657,-0.0906689041589682,0.098591485693587,0.1364436244306937,-0.0906689041589682,rolling_daily_cohorts_cooldown_10,1,0.0559374004183887,0.1035895810641105,0.1837184066812176,1.3493450455360692,0.0307007241216623,0.2744889282889937,0.910782854341369,0.0547612784235023,0.1246902550756787,0.095841366220893,-0.0873623089380057,-0.0873623089380057,0.4860262731356272,-0.1794839383711249,0.3973959612445057,0.0939990244292016,0.0179585798813519,0.2542381922218987,0.0821096675195286,2022,development,3,A+,2022-04
True,A+,SD,2022-03-30,2022-04-01,2,11.310744285583496,0.9057019619963108,19837613.890399933,0.9964788732394366,0.7652582159624413,0.9190140845070424,0.9647887323943662,0.9014084507042254,0.4295774647887324,0.9225352112676056,2022-03-31,0.4961236686336959,0.0155056465995524,0.5116293152332484,0.9528308846683288,0.5607135594840842,0.7441862108907641,0.0607210634198229,2022-04-04,11.921563906361778,0.025324107573341,0.0415196125086543,-0.0594227900653761,0.1654892018794438,0.2073030587776472,-0.0594227900653761,rolling_daily_cohorts_cooldown_10,1,0.0183314121841642,0.1507142764277618,0.1589928012559933,0.5098411291204465,0.0461040122255471,0.2195307965418762,0.5040964972020152,0.0562776622857006,0.0730241183132789,0.0987976648220494,-0.0752007819435581,-0.0752007819435581,0.7511271405252135,-0.2324631825956628,0.4182691416882917,0.1114731910235563,0.0096852784734882,0.0312506984915556,0.0800744795504487,2022,development,3,A+,2022-04
True,B,AMR,2022-07-28,2022-08-01,2,128.6383514404297,9.220063396636949,67011143.65219116,1.0,0.7268170426065164,0.8947368421052632,1.0,0.9774436090225564,0.2030075187969924,0.9924812030075189,2022-07-29,0.2901675191301745,-0.2643584975223095,0.0258090216078649,0.7109097567471573,0.6413832986744993,0.0836126817937089,-0.0059462454216353,2022-08-02,127.87693863181762,0.0515779165189282,0.0568622778775622,-0.0621463651730829,0.1207204525730702,0.1393644610359325,-0.0621463651730829,rolling_daily_cohorts_cooldown_10,1,-0.0152993186766645,0.1032568642886733,-0.0044928901737039,-0.1208225623244605,0.0450259875814917,-0.0728383593514138,0.3111102092496449,0.0081180014107788,-0.0234061552851512,0.0803128266956889,-0.0988732899115039,-0.2752827340805572,1.0118343689755365,-0.3163496070433981,-0.306372626557772,-0.1009280365662189,0.0148481439706507,0.0063037610079715,0.0716742969215258,2022,development,3,A+,2022-08
True,A,TMDX,2022-08-30,2022-09-01,2,51.43000030517578,3.747150421142578,28707567.32580185,0.9238165680473372,0.7083333333333333,0.8161764705882353,0.2426470588235294,0.9558823529411764,0.9264705882352942,0.9411764705882352,2022-08-31,0.5284014036545104,-0.4003041862254948,0.1280972174290156,0.912547738088504,0.7510661953834155,0.0213490272250743,0.001543469294448,2022-09-02,52.65999984741211,0.0138625055896615,0.0634257531763367,-0.0488036403773464,-0.050892523982935,0.0712115459716296,-0.0753133234858218,rolling_daily_cohorts_cooldown_10,1,0.0341846124791458,0.1675369170473497,0.3795601391955243,0.7631127929606085,0.0872920425031846,0.3099346824506954,0.9672212815091148,0.0749494350831458,0.129564043528545,0.0789256728027658,-0.0439809849443697,-0.0439809849443697,0.7855827151889282,-0.0631751879324936,0.4965356247050936,0.377159356797929,0.0084538937969065,0.3352061543780793,0.0728592338889306,2022,development,3,A+,2022-09
True,A+,PTGX,2023-04-27,2023-05-01,2,22.670000076293945,1.301649856567384,25357873.659181595,0.991011235955056,0.7164179104477612,0.8432835820895522,0.9104477611940298,0.9029850746268656,0.3358208955223881,0.9701492537313432,2023-04-28,0.2765725425583573,0.3994918816234815,0.6760644241818389,0.8520170857417535,0.569384905170174,0.7298420929389475,0.0420353468829914,2023-05-02,23.459999084472656,0.0626599010260007,0.1116794945216976,-0.0225915942020501,0.106990636267463,0.1172208059385699,-0.0225915942020501,rolling_daily_cohorts_cooldown_10,1,-0.0190393994996489,0.1619682117037684,0.0147717064213102,0.7200303149758993,0.0608577696562275,0.1060209128839717,0.8140680335662993,0.0241792479535951,0.0730743254261414,0.1165785458769517,-0.0739378880632541,-0.117555484429049,0.5577747466874513,-0.3764614185502728,-0.2999816235324876,-0.0135018836061314,0.0030094451476958,0.0958900530400025,0.0574172850545563,2023,validation,3,A+,2023-05
True,A,AI,2023-06-29,2023-07-03,2,35.900001525878906,4.49749994277954,1462622630.1864245,0.9839385474860336,0.8194444444444443,0.9583333333333334,0.8402777777777778,1.0,0.6180555555555556,0.9583333333333334,2023-06-30,0.5380763090015089,-0.1867704643190622,0.3513058446824467,0.9502476703801408,0.3335962364011817,0.1200669088154829,0.0146183252734857,2023-07-05,37.43999862670898,0.1076389621210942,0.1372864154081172,-0.0336538025574161,0.0846688595063454,0.1372864154081172,-0.0336538025574161,rolling_daily_cohorts_cooldown_10,1,-0.0411324027061119,-0.1619980999530821,-0.102724243141053,0.3818322616794272,-0.0480988024198152,0.2382641450784528,0.8143501246296563,-0.0040667581394503,0.118992476982991,0.1097637910920681,-0.265397947400889,-0.265397947400889,0.602781221179513,-0.3105120901369976,0.261358558095552,-0.0934361169112136,0.0200225353300573,0.4182701830319481,0.1252785446133607,2023,validation,3,A+,2023-07
True,A,COIN,2024-02-28,2024-03-01,2,200.8000030517578,13.28050117492676,2363631843.324089,0.9719945355191256,0.8004535147392289,0.8979591836734694,0.7210884353741497,0.8707482993197279,0.8095238095238095,0.8231292517006803,2024-02-29,0.7913853828557694,-0.4171524261894706,0.3742329566662988,0.9402702480213536,0.6433565756108667,0.2311665263066137,0.0151455716351225,2024-03-04,217.38999938964844,0.1804590636077212,0.2445374145663283,-0.0236441391236011,0.1148626951138955,0.2495974730170576,-0.0236441391236011,rolling_daily_cohorts_cooldown_10,1,0.2363770612893896,0.4303013314676578,0.5349334337988807,0.6765467870068802,0.3036040750484823,0.3351277008592734,1.0038740499959733,0.1077514423425898,0.0500895118769719,0.1060119583298839,-0.043536245038386,-0.043536245038386,1.7574151145962034,0.2024915241746558,-0.0071456854167101,0.5399426837339925,0.051149494925047,0.2156593349011338,0.0661379530532357,2024,validation,3,A+,2024-03
True,A,DFTX,2024-03-27,2024-04-01,2,9.5,1.190299940109253,40507792.85381556,0.9138047138047138,0.7046979865771812,0.8322147651006712,0.1409395973154362,0.9865771812080536,0.9865771812080536,0.8657718120805369,2024-03-28,0.420062190336754,-0.4032593181448625,0.0168028721918914,0.8771934521021001,0.3002984968393143,0.1008156307412615,0.0127660472450277,2024-04-02,9.31999969482422,0.1684550107196269,0.3111588698672467,-0.0372317739734495,0.0493562288851177,0.3111588698672467,-0.0372317739734495,rolling_daily_cohorts_cooldown_10,1,-0.0384615495991237,0.1046511137917489,0.7757009662325309,1.4547804343481463,0.1190623382721345,0.5908367748620131,1.2710022896043165,0.1627118653366024,0.2328289220677231,0.1375205660134422,-0.1441441735570351,-0.1441441735570351,0.3781701387498721,-0.3915869266391747,1.287571711449663,0.5384164542490202,0.0111562489028149,0.2236842435482679,0.1252947305378161,2024,validation,3,A+,2024-04
True,A+,WGS,2024-05-30,2024-06-03,2,20.38999938964844,1.91069974899292,11144726.344652176,0.9635237439779766,0.7922374429223744,0.928082191780822,0.636986301369863,0.9452054794520548,0.7945205479452054,0.9931506849315068,2024-05-31,0.4867328347459912,0.0680384598280052,0.5547712945739964,0.9411763972569096,0.7356687898089171,0.4710324195904007,0.0437956963159305,2024-06-04,21.21999931335449,0.2101791298840645,0.3450989722518518,-0.004241289137613,0.3072573359444177,0.3718191117957112,-0.004241289137613,rolling_daily_cohorts_cooldown_10,1,0.0200099861485842,-0.0363894358845111,-0.0253346407606417,1.5018405330091855,-0.0185319186691483,0.3937877287721711,2.0797346868559727,0.0810459206130185,0.1875410947823825,0.2631187352862714,-0.1643442742448443,-0.1643442742448443,0.4803297115024353,-0.365455226676658,0.1686236162092342,-0.0433683027351067,0.0118203311824633,0.1583323399216421,0.0937076903475995,2024,validation,3,A+,2024-06
True,A,ASTS,2024-08-29,2024-09-03,2,29.25,4.374350357055664,710188404.5372391,0.997945205479452,0.9634703196347032,1.0,0.9794520547945206,0.9863013698630136,0.9246575342465754,1.0,2024-08-30,0.5372227164381709,-0.5006458914579689,0.036576824980202,0.7586580404328496,0.4161704966767167,0.0251467306851943,0.0037542871404729,2024-09-04,31.989999771118164,-0.1838074149058075,0.1422319842751953,-0.2381994056393961,-0.1247264707616688,0.1422319842751953,-0.2641450114426013,rolling_daily_cohorts_cooldown_10,1,-0.1432337280923071,-0.067283181418532,0.4310175751347438,2.478002441224858,0.0792163315744516,0.5490615664179099,2.725011393492984,0.1210241115549581,0.3243372129359363,0.4313714726960753,-0.2515353472487132,-0.2515353472487132,0.6704206676970111,-0.2012600606383068,0.6189676000019142,0.032990448199853,0.0010763824324917,0.5641025999313913,0.1495504395574586,2024,validation,3,A+,2024-09
True,A,IONQ,2025-01-30,2025-02-03,2,38.810001373291016,5.886050128936766,1356823086.644497,0.9852280025690432,0.7585470085470085,0.8910256410256411,0.8525641025641025,0.9615384615384616,0.4615384615384615,0.9743589743589745,2025-01-31,0.7084544095954829,-0.2565384746062235,0.4519159349892593,0.8244633805291702,0.4575826351104998,0.69146534699313,0.1088235168121045,2025-02-04,41.88999938964844,-0.0195750705841941,0.0644545429047358,-0.0646932232981204,-0.189782785361033,0.0644545429047358,-0.2165194515869468,rolling_daily_cohorts_cooldown_10,1,-0.0614267761683166,-0.0147244992471323,-0.1237299487233727,1.17911300039657,-0.0276716171804006,0.0396352904012828,1.368680516733182,-0.0331843686874835,0.1188557982260818,0.2312990360821694,-0.2910120536485515,-0.2910120536485515,0.3451576497318476,-0.5448335098383248,0.1269723268472227,0.0300963780734155,0.0230146642979653,0.1679240335755134,0.1516632290816546,2025,validation,3,A+,2025-02
True,A,QBTS,2025-01-30,2025-02-03,2,5.639999866485596,1.3014999985694882,628740023.7088394,0.9974309569685292,0.8675213675213674,0.9455128205128204,0.9743589743589745,0.9807692307692308,0.6474358974358975,0.9807692307692308,2025-01-31,0.5762581642906985,-0.4840565795591305,0.0922015847315679,0.7547175413184104,0.5525434488753022,0.0998848364070721,0.0230906060032696,2025-02-04,5.940000057220459,-0.0185185408173005,0.1212120847232052,-0.069023542670463,0.0168350006177209,0.1447811658636295,-0.106060624305064,rolling_daily_cohorts_cooldown_10,1,-0.0646766716008372,-0.0259067523930389,-0.3935484138909532,3.699999701976788,-0.1412257493634832,0.0204081456589761,1.5138506438974444,-0.1124400265059469,0.1897760886206174,0.2583682943132921,-0.4669187233311466,-0.5056967623216229,0.5521030361192634,-0.2875199063556075,0.3757359030131721,0.040025794744381,0.0271739304140821,0.202020056064503,0.2307624165566657,2025,validation,3,A+,2025-02
True,A,IONQ,2025-04-29,2025-05-06,5,28.09000015258789,2.8027998924255373,465232660.77760696,0.9839846252402308,0.8747346072186837,0.9426751592356688,0.8407643312101911,0.9171974522292994,0.8662420382165605,0.9044585987261148,2025-05-02,1.1559868329787435,-0.6814613674610912,0.4745254655176525,0.9477124916319792,0.586640993429565,0.3104041931728852,0.0304728848505206,2025-05-07,29.02499961853028,0.1445306341880072,0.1748492307421363,-0.031524514046662,0.2165375310030404,0.2399656210672227,-0.031524514046662,rolling_daily_cohorts_cooldown_10,1,0.0989828145347431,0.1080867743544904,0.2727684884914367,-0.2771487464901055,0.110101175973071,0.1203197135379785,0.2534023504567526,0.0453606565319997,-0.0966891265712223,0.0872133210691925,-0.1180533809685414,-0.3700381238738879,0.4415786030555237,-0.1191219924926207,-0.0203728383803852,0.1711731906038962,0.0069686010548501,0.2768598623871263,0.0997792765112291,2025,validation,3,A+,2025-05
True,B,GRRR,2025-05-29,2025-06-03,3,17.219999313354492,1.463549757003784,21798956.657562256,0.9909385113268608,0.789247311827957,0.9032258064516128,0.9096774193548388,0.8838709677419355,0.5741935483870968,0.9161290322580644,2025-06-02,0.2801406959005421,0.1434874289830831,0.4236281248836253,0.7399997711181641,0.5882670117545562,0.0068328588310578,0.0005608653350883,2025-06-04,17.889999389648438,0.1866964933783335,0.309614402113884,-0.0268306069654796,0.0313024814084144,0.309614402113884,-0.0268306069654796,rolling_daily_cohorts_cooldown_10,1,0.1131221083464009,0.0081966856132198,-0.1151079073228469,-0.3056451676167263,0.028366636785251,-0.1072910123862941,0.3128902131062048,-0.023757468697437,-0.1183186925235089,0.1202514480005287,-0.1165153147154728,-0.6099660539476801,0.585571012617276,-0.1149419975042751,-0.5217908072679409,-0.1210657669732402,0.0011587750578476,0.2481542348784504,0.0849912784763451,2025,validation,3,A+,2025-06
True,B,RCAT,2025-07-30,2025-08-01,2,8.1899995803833,0.948699951171875,103035944.78972912,0.984596426370918,0.8977505112474438,0.9754601226993864,0.8466257668711656,0.9754601226993864,0.8711656441717791,0.7300613496932515,2025-07-31,0.4321712050053077,-0.421630223244443,0.0105409817608646,0.7192983630255251,0.3513668184918351,0.4068722456332229,0.0493984736573409,2025-08-04,8.329999923706055,0.1200480203071956,0.2496998730800292,0.0,0.0096038324656384,0.2496998730800292,-0.0516206281244855,rolling_daily_cohorts_cooldown_10,1,-0.1433055208263607,-0.2853403531307854,0.1835259378739071,0.6090371974191962,-0.082275866752155,0.0309407592453305,0.1382429603446147,0.0525431157520304,0.0992237536301703,0.0904902453569951,-0.3586531490369607,-0.3586531490369607,0.379524492241883,-0.4744245223548227,0.1661794969238932,0.1488266329352553,0.0169903333994578,0.410713160525406,0.115836385809372,2025,validation,3,A+,2025-08
True,A+,NEGG,2025-09-29,2025-10-01,2,39.97999954223633,7.254500579833985,103691728.20462228,0.9751184834123224,0.8323471400394475,0.9289940828402368,0.7514792899408284,0.9940828402366864,0.7514792899408284,0.8994082840236687,2025-09-30,0.288097041221233,0.1902268878372348,0.4783239290584678,0.7219827533051785,0.5290009813622446,0.4617826205887531,0.0835412073888313,2025-10-02,43.0,0.1530232983966206,0.2639534528865368,-0.0069767264432685,0.0995348553324857,0.2639534528865368,-0.0069767264432685,rolling_daily_cohorts_cooldown_10,1,-0.0915700734604454,-0.0809195507531879,-0.0465060994215816,1.4618226666073166,-0.050130675927043,-0.3001753971753755,0.8875674407364578,-0.0939716485641328,0.0606278869629279,0.1648179401073586,-0.3207611429211378,-0.7099535649708495,0.8346252232446721,-0.27300359832823,0.4279777522671817,-0.1095163692441478,0.0194534540678825,0.0530300840967546,0.1814532431940142,2025,validation,3,A+,2025-10
True,A,VNET,2025-09-29,2025-10-01,2,10.40999984741211,0.8245000600814816,82471346.16236925,0.9478672985781992,0.7593688362919131,0.8284023668639053,0.4792899408284023,0.863905325443787,0.9349112426035504,0.5443786982248521,2025-09-30,0.8247425780764406,-0.4002424495559676,0.4245001285204729,0.8648655963172694,0.3852561939776763,0.5457850533336108,0.0436469244374546,2025-10-02,11.329999923706056,-0.1270961685860521,0.0414828129032387,-0.1500441148025239,-0.1535745615917895,0.0414828129032387,-0.2612533149231262,rolling_daily_cohorts_cooldown_10,1,0.0358208606810903,0.0855057019579859,0.2020785255005468,0.5086956092074904,0.1257705004164371,0.2206561517004566,0.3785523016786341,0.0658137422451961,0.0502709389901021,0.0775092036130618,-0.1087329130634433,-0.1087329130634433,0.8999166368112826,0.4226420913377646,0.2077785954193556,0.317642155106546,0.0351851951601733,0.0434782157998942,0.0792026966538764,2025,validation,3,A+,2025-10
True,A,HYMC,2025-12-30,2026-01-02,2,23.479999542236328,2.2421000003814697,92867323.06118488,0.9959420289855072,0.9287090558766858,0.9942196531791908,0.9595375722543352,0.884393063583815,0.9421965317919077,0.9884393063583816,2025-12-31,0.5218322448128476,-0.1115026091420833,0.4103296356707642,0.8649789708682573,0.776920530526986,0.0557513045710416,-0.0050968400385031,2026-01-05,25.100000381469727,0.0808764441611538,0.2083665124601916,-0.0027888324207315,0.3796812964863978,0.4302789235167648,-0.0027888324207315,rolling_daily_cohorts_cooldown_10,1,-0.0424143921742078,0.7964804965936239,0.9881455298879986,2.7870968168657617,0.4348569889178486,0.9910791233992488,2.88796429566465,0.2726707088721773,0.2867555563641761,0.2960939981705324,-0.2120805321016383,-0.2120805321016383,0.9272803398436194,0.8082808623428033,0.6482245674692244,0.4802482620846679,0.0279449532301883,0.3395347310504874,0.0954897804128288,2026,validation,3,A+,2026-01
True,B,DMRA,2026-02-26,2026-03-02,2,29.780000686645508,2.9607003211975096,10324729.685907364,0.9898190045248868,0.911487758945386,1.0,0.8983050847457628,0.8813559322033898,0.9548022598870056,0.9661016949152542,2026-02-27,0.7025364603144829,-0.6113423099028557,0.0911941504116273,0.7320573871576727,0.4894478675202823,0.2668284265457767,0.0269992823649714,2026-03-03,29.14999961853028,-0.0157804147681787,0.0566037612392071,-0.0934820040181916,-0.1430531777311974,0.0566037612392071,-0.2459691310505566,rolling_daily_cohorts_cooldown_10,1,-0.0223243078879075,0.3660551251771953,0.2179959000976843,0.8258737990047404,0.0889975963972267,0.1307587106553571,1.4647574576504447,0.0444974954586525,0.0395100915269721,0.2560986528630731,-0.1238599818748579,-0.2229615109246656,0.4276988465496732,-0.0552667103275905,1.122223798042831,0.5195605394351702,0.0,0.05342230470061,0.0994190816968382,2026,validation,3,A+,2026-03
True,A,CIFR,2026-03-30,2026-04-02,3,12.015000343322754,1.308800077438354,354005206.316247,0.9914089347079038,0.8476190476190475,0.9542857142857144,0.9142857142857144,0.9028571428571428,0.7257142857142858,0.5314285714285715,2026-03-31,1.073502177445712,-0.4584354721647574,0.6150667052809545,0.7965363890526541,0.7722074230086269,0.6265278471171571,0.0683333079020183,2026-04-06,12.779999732971191,0.2934273108003022,0.3521127580358816,-0.0070422656078543,0.5156495496052811,0.5164318908996559,-0.0070422656078543,rolling_daily_cohorts_cooldown_10,1,-0.1930826013237306,-0.206406864540015,-0.2376268928407743,-0.2090190470551961,-0.168512095198792,-0.2307741378136358,-0.0805433053321779,-0.0357023711496677,-0.0352912083422044,0.090594226371663,-0.2792441338732186,-0.3899776165423376,1.314056144435981,0.1045782814600704,-0.1563145802905977,-0.2015221233820719,0.0207348017304487,0.095132801245009,0.1089305068697488,2026,validation,3,A+,2026-04
True,A+,ONTO,2026-07-30,2026-08-03,2,250.5200042724609,26.9577980041504,340996094.14993286,0.9657303370786516,0.6367041198501872,0.8033707865168539,0.6573033707865169,0.898876404494382,0.3539325842696629,0.5168539325842697,2026-07-31,0.8402024954629562,-0.1736055442154007,0.6665969512475555,0.8416419531698364,0.7373283375011424,0.7515448592543336,0.0816178336846673,2026-08-04,282.9800109863281,0.0295780436505526,0.1166866482850874,-0.080853784700425,0.2409357199405695,0.2503922001481986,-0.080853784700425,rolling_daily_cohorts_cooldown_10,1,-0.1399045088002465,-0.1104008476130162,-0.2869990473679109,-0.1189420851832617,-0.1241753502189501,-0.1441334789616558,0.1362353214992615,-0.0809298104573601,-0.0077472617847479,0.0758954409461949,-0.3036468827214323,-0.3517569481663117,1.2248373723695032,0.1265047729028721,-0.0936799978917012,-0.3842664517683418,0.0924373970970071,0.7363158164167971,0.107607366854551,2026,validation,3,A+,2026-08
True,B,MDB,2019-03-28,2019-04-01,2,146.17999267578125,7.476799392700198,271815211.25076294,0.9867139061116031,0.8908554572271385,0.9823008849557522,0.8672566371681416,0.8230088495575221,0.9823008849557522,0.9734513274336284,2019-03-29,0.4801535266794389,-0.2434206441322569,0.2367328825471819,0.7327091022138054,0.3684997951190691,0.1069980629062854,-0.0053781717765231,2019-04-02,146.47000122070312,-0.0928518194181137,0.0099678530955849,-0.1021370013599251,-0.0114699796584206,0.0099678530955849,-0.1021370013599251,rolling_daily_cohorts_cooldown_10,1,-0.0547077518575928,0.1163891091356492,0.4393461617744185,0.8343579896771012,0.1700437058110713,0.3762184245257951,0.8351076166813123,0.1023363865698878,0.1404481025502504,0.1097706374544624,-0.0556848204524546,-0.0556848204524546,0.4715596679975986,-0.1492676697891155,0.4290295674672748,0.3662270461887382,0.0010946409257284,0.3915529092703614,0.0511478982577547,2019,development,2,A,2019-04
True,A,CDNA,2019-05-30,2019-06-04,3,32.209999084472656,2.0166500091552733,28298911.64466858,0.989100817438692,0.8948948948948948,0.981981981981982,0.8918918918918919,0.972972972972973,0.8198198198198198,0.8828828828828829,2019-06-03,0.5950466156703637,0.0099176642812946,0.6049642799516582,0.9683549117247624,0.7118065306030755,0.0793394226493121,0.004809132708466,2019-06-05,33.650001525878906,0.0627042109948072,0.1254085353535696,-0.0160475747708971,0.1473996689319052,0.1638037733419217,-0.0160475747708971,rolling_daily_cohorts_cooldown_10,1,-0.0301114130553393,-0.0427935327223922,0.1903178019279727,0.035025649609401,0.0119701811340293,0.0438879920526986,0.1825955067411973,0.0364376408237843,-0.017368763274677,0.0722392598690184,-0.0841626169627242,-0.182072163259739,0.4569400294292742,-0.29598885731295,-0.0232359120740067,0.1027216462421512,0.0045059346966056,0.8130084326550613,0.0626094401265423,2019,development,2,A,2019-06
True,A,QURE,2019-06-27,2019-07-01,2,75.23999786376953,5.606498908996582,93321533.46895218,0.966131907308378,0.7728613569321534,0.8761061946902655,0.6637168141592921,0.991150442477876,0.6637168141592921,0.9292035398230089,2019-06-28,0.5868191484435995,-0.3085697073378521,0.2782494411057473,0.8290165988717986,0.4395942449675017,0.0481577981997197,-0.0035032651373494,2019-07-02,76.79000091552734,-0.0474019969559917,0.0080740036357607,-0.058210719721443,-0.093501760900799,0.0080740036357607,-0.1242349368640038,rolling_daily_cohorts_cooldown_10,1,-0.0695028778649621,0.0565931587011578,0.3082942107407047,0.2881355600123851,0.0235411362225372,0.1665224415776607,0.6783628086645139,0.0547161958527384,0.0591730180609666,0.0825311251821525,-0.0878894434204401,-0.0878894434204401,0.5034864643150123,-0.2748469741906986,0.8322393538736508,0.2930365368839528,-0.0033494105311403,0.7649757757729603,0.0745148733144275,2019,development,2,A,2019-07
True,A+,ENPH,2020-02-27,2020-03-02,2,48.7599983215332,3.677500057220459,431697903.4109116,0.9974424552429668,0.9689265536723164,1.0,0.9745762711864406,0.9491525423728814,0.9830508474576272,0.9491525423728814,2020-02-28,0.3970096197016585,0.3208702343481819,0.7178798540498406,0.7437072755984144,0.7960592141800621,0.2556090895391382,0.0186286654471126,2020-03-03,52.40999984741211,-0.1722953406904609,0.1257393659945467,-0.1986262140377802,-0.4762449753318426,0.1257393659945467,-0.5477962062213265,rolling_daily_cohorts_cooldown_10,1,-0.169901312083076,0.1749397185911614,0.4975428828308053,1.305437314467505,0.1178486309024,0.3943459246308447,0.9140332933512694,0.1388457267876421,0.1796745290991652,0.1440722678670971,-0.1756551637585324,-0.1756551637585324,1.041757326925624,0.018598755037557,0.4081127157582291,0.3468198699834502,-0.058993592088022,0.5266154994245317,0.075420430348875,2020,development,2,A,2020-03
True,A,ALT,2020-07-30,2020-08-03,2,26.059999465942383,4.621349716186524,197254146.1472797,0.9956634865568084,0.9683908045977012,0.9913793103448276,0.956896551724138,1.0,0.9482758620689656,0.9913793103448276,2020-07-31,0.4911985885450025,-0.2336979432487642,0.2575006452962382,0.7623316851456983,0.2551057855070185,0.1601263303069819,0.0279139858441779,2020-08-04,27.170000076293945,-0.0395657254295485,0.0934854251397254,-0.0613176430450045,-0.0224512553786775,0.0934854251397254,-0.2561649235287985,rolling_daily_cohorts_cooldown_10,1,-0.0575045271075634,-0.0195635989185949,1.621730439241877,7.544262253562149,0.1126291348046646,0.8352887816493368,3.888773738336901,0.1738585689843639,0.4837718585064179,0.6729266408768235,-0.2575498404891333,-0.2575498404891333,0.3343040475836843,-0.7165159930903793,0.5409436197023805,0.7134449221280661,-0.0421847577099824,0.9492600857621452,0.1773349889061253,2020,development,2,A,2020-08
True,A,BE,2020-08-28,2020-09-01,2,16.309999465942383,1.3194000244140625,72166461.222291,0.9768439108061748,0.7777777777777777,0.9145299145299144,0.7692307692307693,0.8632478632478633,0.7008547008547008,0.8034188034188035,2020-08-31,0.6828868878963597,-0.5767770694891301,0.1061098184072294,1.0,0.6125938131124001,0.5457035071853005,0.0457724883443171,2020-09-02,16.440000534057617,-0.1192214676490363,0.0109489233168142,-0.1970803296557317,-0.0930657321741511,0.0109489233168142,-0.1970803296557317,rolling_daily_cohorts_cooldown_10,1,-0.0439624867220692,0.1510232447513253,0.341282867648512,0.94166669126541,0.0943737770999306,0.1891568397793714,0.7743400067282895,0.044796522205905,0.1213800961252096,0.1422863979394846,-0.12288249162618,-0.1708185357050911,1.0208932712819532,-0.2693129755220735,-0.0658678416477527,-0.1384637634747395,-0.0054844700441654,0.8351650539769839,0.0808951604915229,2020,development,2,A,2020-09
True,A,TRUP,2020-08-28,2020-09-02,3,65.98999786376953,4.441249465942383,52991306.25589371,0.9459691252144082,0.7065527065527065,0.8290598290598291,0.4615384615384615,0.7692307692307693,0.8888888888888888,0.6153846153846154,2020-09-01,0.7430348322164311,-0.0968196694360964,0.6462151627803348,0.902147154364958,0.6508992120370256,0.1936393388721928,0.0126470677992875,2020-09-03,67.8499984741211,0.0481946108474586,0.0773765676944329,-0.0480471954243871,0.0343404846492867,0.1432572061797534,-0.0480471954243871,rolling_daily_cohorts_cooldown_10,1,0.1407087226335854,0.0907437663432979,0.304923833537684,1.0935912723794257,0.0716228300000736,0.2579155451891444,0.7826161266489642,0.0513380848916469,0.1031627199084153,0.1097624947993982,-0.1429870407302658,-0.1429870407302658,1.3025359869205522,0.0785381504382352,0.549047424093839,0.1180100554401406,0.0104744350640024,0.1510973966056599,0.0673018580044652,2020,development,2,A,2020-09
True,A+,SWBI,2020-09-29,2020-10-01,2,12.639403343200684,1.177826455992143,60459348.40860367,0.9873949579831932,0.8403361344537814,0.9327731092436976,0.8739495798319328,0.9663865546218487,0.680672268907563,0.6974789915966386,2020-09-30,0.4529362040411989,0.0696830718620575,0.5226192759032564,0.838095047792741,0.5403611541793911,0.4041592062093747,0.0372511197863962,2020-10-02,12.885621001371312,0.0630576720130424,0.1267520185989783,-0.0057324938650494,0.0687900256823574,0.1267520185989783,-0.0057324938650494,rolling_daily_cohorts_cooldown_10,1,-0.0487954896397144,-0.0632603328939906,-0.15406134806113,-0.0661555105482758,-0.0851100906623136,-0.1393250154448896,0.3881631737152262,-0.0393230063930257,-0.0105754148284811,0.1006314840185238,-0.3104089044690087,-0.3104089044690087,0.4582897634367341,-0.3333498525789684,0.1899996103668892,-0.4834999713549877,-0.0032239261720408,0.1428562445766308,0.0931868715642934,2020,development,2,A,2020-10
True,A,TGTX,2020-09-29,2020-10-01,2,26.170000076293945,1.7410001754760742,57961936.42847061,0.9890756302521008,0.8207282913165266,0.907563025210084,0.8907563025210085,0.7310924369747899,0.8403361344537815,0.7815126050420168,2020-09-30,0.6358416079133598,-0.1074096816831555,0.5284319262302042,0.7974687822920993,0.7675781977132521,0.0574384671973864,0.0037050901192201,2020-10-02,26.350000381469727,0.1529411279299606,0.1802656520392451,-0.0127893695753213,0.1404174118415875,0.2132826888244354,-0.0127893695753213,rolling_daily_cohorts_cooldown_10,1,0.0206708541053819,0.0372572552957841,0.0550292180739599,0.3434291935968698,0.0363330448335543,0.1323171276021169,0.5530443045684348,0.0072796163446191,0.0198391140485376,0.1133702343786431,-0.0524982157451555,-0.0524982157451555,0.7164647165873539,-0.296946549840024,0.2682374288875209,0.2000762103317558,0.0066588355550993,0.8260865238534367,0.0665265636377722,2020,development,2,A,2020-10
True,A,CLNE,2021-01-28,2021-02-01,2,10.4399995803833,1.1239999055862426,105045912.38596678,0.960919540229885,0.8167938931297709,0.9083969465648856,0.6106870229007634,0.8854961832061069,0.9541984732824428,0.9083969465648856,2021-01-29,0.5338082134061972,-0.4181497388860274,0.1156584745201698,0.8235294117647085,0.4362530454669234,0.3202844189648606,0.0352595157034481,2021-02-02,10.789999961853027,0.6561631976284532,0.707136250362931,-0.0713623268592782,0.4754402347152475,0.8341057447166753,-0.0713623268592782,rolling_daily_cohorts_cooldown_10,1,0.0255402030857829,0.0028818187714623,0.3419022235014151,3.1264820942462057,0.0491407427752901,0.4988800806561027,1.93778302958222,0.0764820412418538,0.2928685452266859,0.3041579516547412,-0.1747035655961337,-0.1747035655961337,0.7874378556057076,-0.056319991517275,0.3464835305801628,0.1330365986201112,-0.0090909437699753,0.3968253247411834,0.1076628305328892,2021,development,2,A,2021-02
True,A+,NIU,2021-01-28,2021-02-01,2,44.5,3.4809999465942383,81264027.15761185,0.9455938697318008,0.6946564885496183,0.8091603053435115,0.4580152671755725,0.6793893129770993,0.9465648854961832,0.6335877862595419,2021-01-29,0.548692868921422,0.1580003577991026,0.7066932267205247,0.9888886298661252,0.5368882755901632,0.6463659967020018,0.0503243132648911,2021-02-02,47.220001220703125,-0.0368488274774527,0.0584497723461114,-0.070944561673361,0.0468021818581338,0.1304531911937207,-0.0842863074830108,rolling_daily_cohorts_cooldown_10,1,-0.0517792518511401,0.1331805317359591,0.6336270328159894,0.6018718106580965,0.1492026559897965,0.3258884966183188,1.006013529753127,0.1324851910772699,0.0920212676367318,0.1681569255347574,-0.160377358490566,-0.160377358490566,0.581440047311616,-0.036114533537036,-0.1112678153770684,0.211344931250308,0.0146146999477887,0.2,0.0782247179009941,2021,development,2,A,2021-02
True,B,ENPH,2021-01-28,2021-02-04,5,193.7400054931641,15.328999328613282,1049258599.8749542,0.9839080459770116,0.7837150127226462,0.8778625954198473,0.8396946564885496,0.6946564885496184,0.816793893129771,0.8091603053435115,2021-02-03,0.2733372931131964,-0.1500416135236934,0.1232956795895029,0.7155477793893217,0.2884515765659701,0.0671928256513323,0.0052929020914265,2021-02-05,196.97999572753903,0.0106610120269285,0.1627576315055812,-0.0328967198095694,-0.0367549517281401,0.1627576315055812,-0.1089958457020184,rolling_daily_cohorts_cooldown_10,1,-0.0865198319655412,-0.0488487251656074,0.1383079257755828,0.964311171938618,-0.012945696556752,0.171301150643929,1.0744818032302792,0.0235256377426802,0.1143750671135124,0.2126941233069441,-0.1289843462092645,-0.1289843462092645,0.6540596644369892,-0.2891127566311086,0.4271228314006863,0.2865151289677868,0.0213942673424671,0.8951876056181743,0.079121497336564,2021,development,2,A,2021-02
True,A+,DFTX,2021-02-25,2021-03-01,2,51.59999847412109,5.368500328063966,14170352.437109184,1.0,0.7818627450980392,0.8897058823529411,1.0,0.6617647058823529,0.6838235294117647,0.8382352941176471,2021-02-26,0.2794076386954311,0.2794076386954311,0.5588152773908622,0.8181815379469828,0.4179056378517233,0.3911704099454541,0.0399999709356397,2021-03-02,55.20000076293945,-0.30706522696861,0.0054347687122127,-0.3831521962600902,-0.2119565326309683,0.0054347687122127,-0.3831521962600902,rolling_daily_cohorts_cooldown_10,1,-0.1156812369582787,-0.0171428862072173,0.0979891402681139,1.219354773080477,-0.0359555201642417,0.0228475302190294,1.5755635147168303,0.0152213490725205,0.108190927455076,0.3071344659173303,-0.2181818413011956,-0.3214990610979547,0.766999565057697,-0.225107248715362,-0.3253411773674485,0.1387044115766477,0.0529100521981098,0.1442153028805087,0.104040707108866,2021,development,2,A,2021-03
True,A,SIG,2021-04-29,2021-05-04,3,57.01178741455078,3.407364205134722,48083982.448387146,0.982998454404946,0.7769230769230768,0.9192307692307692,0.8307692307692308,0.6153846153846154,0.8846153846153846,0.946153846153846,2021-05-03,0.7170471913491901,-0.0717045580015835,0.6453426333476066,0.909420234769881,0.4938652462184273,0.1737444185187449,0.0100993466276162,2021-05-05,59.63356292385095,-0.0042544938871594,0.0772141765551812,-0.0627165131359609,-0.01087291485418,0.0772141765551812,-0.0871413611615863,rolling_daily_cohorts_cooldown_10,1,-0.0173309900536416,-0.0442661878862946,0.0463952385309982,0.6397294856870763,-0.009024648162112,0.0597600016293244,0.84927757648692,0.0187958840258188,0.0665067114022597,0.1816163279781886,-0.1115831537255509,-0.1115831537255509,0.581320667187699,-0.3311726772252803,-0.139273672897461,0.0690639484471979,0.0027055540623153,0.0876711126160893,0.0597659599822523,2021,development,2,A,2021-05
True,A,FCEL,2021-05-27,2021-06-01,2,295.20001220703125,23.85000152587892,180938581.0067215,0.9798356982823002,0.7910447761194028,0.917910447761194,0.7985074626865671,0.8731343283582089,0.7014925373134329,0.2537313432835821,2021-05-28,0.9308167827731416,-0.6163513940870243,0.3144653886861172,0.8166673448350694,0.711140942627756,0.1635230257671347,0.0130522910756099,2021-06-02,302.3999938964844,0.2043651440406506,0.2519841724372373,-0.0297619053626067,-0.0863095457351431,0.2519841724372373,-0.1051586919140425,rolling_daily_cohorts_cooldown_10,1,0.1603774343137305,0.3800842479214446,-0.0238094637393339,-0.4191263181497677,0.172475480075809,-0.0643541327785991,0.0256410709756826,-0.0379434817199202,-0.1173478799870351,0.0638722549326085,-0.0769230035176329,-0.4709677200590838,0.9573109750240536,-0.0297014192831899,-0.2014535446605895,-0.0676376160496822,0.0265674825515767,0.9482761947022168,0.0807926847548783,2021,development,2,A,2021-06
True,B,MRNA,2021-08-30,2021-09-01,2,370.6900024414063,35.9582000732422,9351201639.548492,0.989071038251366,0.7751937984496124,0.8604651162790697,0.8914728682170543,0.9689922480620154,0.4651162790697674,0.9844961240310076,2021-08-31,0.3890625839413319,0.1462812308433414,0.5353438147846734,0.7451967211344291,0.506802968147534,0.197534826874094,0.0185535795181479,2021-09-02,393.1300048828125,0.159718179139338,0.1686210864639603,-0.0113194417921819,0.1208760166445119,0.1824332926256342,-0.0113194417921819,rolling_daily_cohorts_cooldown_10,1,-0.1000267322386944,-0.0084790644475505,0.0694729468495252,1.0074190138092622,-0.0772244720297619,0.1483776955725972,0.911997529813602,0.0284630192141721,0.1273115414787764,0.205170292050574,-0.2548794755312188,-0.2548794755312188,0.6774851931806507,-0.424083927231133,0.2952162157835309,-0.0944227156338156,-0.034587413475177,0.3006862960598169,0.0970034256020325,2021,development,2,A,2021-09
True,A+,DDS,2021-08-30,2021-09-03,4,153.70790100097656,8.881414966229636,56660330.21064758,0.9914129586260734,0.7984496124031008,0.8682170542635659,0.9147286821705426,0.7131782945736435,0.7674418604651163,0.9069767441860463,2021-09-02,0.3507658010828391,-0.0052470881268892,0.3455187129559499,0.9193354902742278,0.6737414621483283,0.5178446248282796,0.0302225751550651,2021-09-07,158.0817659873276,-0.0213287279431416,0.0232455822962647,-0.070571925479549,-0.0195596239342712,0.0300276220473614,-0.070571925479549,rolling_daily_cohorts_cooldown_10,1,-0.0201562746215695,-0.0359126198158439,0.117796874887301,0.446919536421011,0.0373738761517015,0.0742153566160399,0.7504224179103722,0.0278711239107578,0.0385502083698843,0.1459001494314993,-0.0588877407037495,-0.0588877407037495,0.8201035283189799,-0.2719246034404212,0.0330475120889586,0.3539350067193925,0.0001491922733707,0.5703979405219176,0.0577811219097527,2021,development,2,A,2021-09
True,A,NOG,2021-10-28,2021-11-02,3,19.010311126708984,1.1717312739825352,25056200.002155304,0.987130961392884,0.7593984962406015,0.8872180451127819,0.8721804511278195,0.8571428571428571,0.5488721804511278,0.8646616541353384,2021-11-01,0.2784366785284977,-0.0135816039137963,0.2648550746147013,0.7816105057768642,0.5695133138518632,0.224108773430826,0.0137787020122646,2021-11-03,18.94665455356418,0.0365392102536634,0.0898781590070827,-0.0205796898578946,-0.013019839473867,0.0898781590070827,-0.0298196820730585,rolling_daily_cohorts_cooldown_10,1,-0.0132176202066041,-0.0575938517339748,0.1163550310067569,0.3863532183866875,-0.0346500045495592,0.1718192045915785,0.4561987875029416,0.0394235558080084,0.0849389556998634,0.1028878243146906,-0.1428057894377526,-0.1428057894377526,0.5470688953457118,-0.0734731113041264,0.2640571185841343,0.036266970889492,-0.0043084510071417,0.9901958584373984,0.0616366174215993,2021,development,2,A,2021-11
True,A,UUUU,2021-10-28,2021-11-02,3,8.180000305175781,0.621999979019165,39101785.543899536,0.979560938682816,0.7769423558897243,0.8947368421052632,0.7969924812030075,0.9473684210526316,0.5864661654135338,0.556390977443609,2021-11-01,0.4501603575818835,0.1446947839609453,0.5948551415428289,0.9117655308597652,0.5308601120837007,0.0803861614492476,0.0058823753805721,2021-11-03,8.829999923706055,0.2423556468644419,0.2559456679964824,-0.009060014088027,0.115515341628176,0.2899207748285277,-0.009060014088027,rolling_daily_cohorts_cooldown_10,1,-0.0399061190516806,0.0407124893416888,0.1652422118804861,0.5580952962239583,0.0664928517541709,0.2005048956538619,0.3815234414139299,0.065795880899576,0.1063159674479043,0.0675970521874582,-0.1001099925342724,-0.1001099925342724,0.6605343743197324,-0.2933631260048437,0.0278198802965563,0.0785366839350925,0.0258302626311111,0.25,0.0760391144026734,2021,development,2,A,2021-11
True,A+,DVN,2022-01-28,2022-02-02,3,41.73163604736328,2.1019641708408625,670567045.7411385,0.9905523255813954,0.7318840579710145,0.8913043478260869,0.9057971014492754,0.391304347826087,0.8985507246376812,0.9855072463768116,2022-02-01,0.654735005465026,-0.0038516251005649,0.650883380364461,0.9054734205082476,0.6866070332745213,0.4313508584674228,0.0214889249718854,2022-02-03,42.840700499731234,-0.0151170126719324,0.0476192456540234,-0.0447844952738855,0.0175737137982141,0.0525321864613617,-0.0542326699177233,rolling_daily_cohorts_cooldown_10,1,0.1177363395617352,0.0384770152777094,0.1804439282287544,0.2971005445482746,0.0540951665410589,0.1533377305038605,0.5480625358695168,0.0378162974654385,0.035630239904616,0.090486890276503,-0.0499448317699989,-0.0499448317699989,0.7111971198052763,0.2279909306605045,0.1705981339994438,0.179399952366755,0.0154617639232532,0.5122945693773919,0.0503686020949487,2022,development,2,A,2022-02
True,B,NEXT,2022-04-28,2022-05-04,4,6.21999979019165,0.8788999795913697,15275462.829418182,0.988660524450744,0.9248826291079812,0.9929577464788732,0.8873239436619719,0.9859154929577464,0.9014084507042254,0.7746478873239436,2022-05-03,0.580271066929541,-0.3072021699807591,0.2730688969487819,0.7042253142759665,0.3252894196107838,0.0568895117714191,-0.0076805205801738,2022-05-05,6.460000038146973,-0.1780185895629351,0.077399380347902,-0.222136212740823,0.077399380347902,0.1671826497412605,-0.230650191819925,rolling_daily_cohorts_cooldown_10,1,-0.0341615318437996,0.0081036812446424,0.0213464095807152,1.8663592495418408,-0.0250019861674842,0.2924406361887546,0.7849455596776751,0.0029871799438143,0.2157328284662236,0.0720999255654462,-0.2035851682762006,-0.2035851682762006,0.5703561426916705,-0.4826871880373925,0.5109454861935279,0.4626482706039324,0.0186125442224116,0.8732392285178155,0.1413022522890292,2022,development,2,A,2022-05
True,A+,LNTH,2022-05-27,2022-06-03,4,70.33999633789062,4.420949554443359,81765111.38837814,0.989384288747346,0.8450704225352113,0.971830985915493,0.8943661971830986,0.7323943661971831,0.908450704225352,0.9577464788732394,2022-06-02,0.5790622933969694,-0.228458190665249,0.3506041027317202,0.9156630105317828,0.5859658624844482,0.4275098293643405,0.0269999912806919,2022-06-06,73.62000274658203,-0.1327085562070905,0.0021732684969544,-0.1677533527311874,-0.175224138068615,0.0021732684969544,-0.1961423784662471,rolling_daily_cohorts_cooldown_10,1,0.1292341516141577,0.099062442779541,0.0591777211122717,0.4709325969632711,0.1025077861828207,0.1684850610809913,0.908218751291429,0.0249654550070472,0.0450972212088145,0.1139177761546752,0.0086178169816089,0.0086178169816089,1.474451809900586,0.0341728383432826,-0.0303499665103818,0.2223726711487364,0.0040815818116162,0.8381291508864372,0.0628511484875055,2022,development,2,A,2022-06
True,B,KOS,2022-07-28,2022-08-01,2,5.949999809265137,0.3899999856948852,39039716.610445976,0.9962321024868124,0.8020050125313283,0.9548872180451128,0.962406015037594,0.9097744360902256,0.5338345864661654,0.9022556390977444,2022-07-29,1.1025649255079462,-0.6666672779963791,0.4358976475115671,0.7037039653427665,0.5643200181293635,0.0512820042566887,-0.0032573259546275,2022-08-02,6.139999866485596,-0.0407166132632336,0.048859966980191,-0.0960911544919032,0.0048860277623297,0.0798046023795417,-0.0960911544919032,rolling_daily_cohorts_cooldown_10,1,0.0587188488302301,0.1531007723283626,-0.070312543655745,-0.1313868770653227,0.0558069039572965,-0.1042394599368646,0.1039575158961558,-0.0255900409457474,-0.0322279851632142,0.0559032979920826,-0.1376811989814481,-0.2991755041612327,0.6696969432847268,-0.0708236367386899,-0.2123386013615011,-0.0741328266408671,0.0183027707966845,0.3555553671753638,0.0655462181843418,2022,development,2,A,2022-08
True,A,PTEN,2022-07-28,2022-08-01,2,13.765203475952148,0.8658754602370335,48979108.99424553,0.987189148455162,0.7468671679197995,0.924812030075188,0.8721804511278195,0.9022556390977444,0.4661654135338345,0.8421052631578947,2022-07-29,1.3675217844008232,-0.7742587509155924,0.5932630334852307,0.9193531020522429,0.7585406063692155,0.1407736866868809,0.0086100484426663,2022-08-02,14.348548581805613,-0.1280339028604586,0.0212378878150278,-0.16868925124333,-0.1201455205897807,0.0212378878150278,-0.16868925124333,rolling_daily_cohorts_cooldown_10,1,0.1869369571247199,0.2458628653876926,-0.0406552319617332,-0.0238315471795704,0.1348790548519873,-0.0097992286381609,0.2327865990714133,-0.0221801158823355,-0.01744437512812,0.0428960295972744,-0.0611638245331103,-0.2282898385038227,1.0772028294824791,-0.221342015606156,-0.0437076893308369,-0.0408094759152419,0.0130633544675893,0.8369569499010046,0.0629032082053651,2022,development,2,A,2022-08
True,A+,LQDA,2022-07-28,2022-08-02,3,5.119999885559082,0.4299999833106994,13264756.67380333,0.9788997739261492,0.9273182957393484,1.0,0.7894736842105263,1.0,0.9924812030075189,0.7443609022556391,2022-08-01,0.3953490299814979,-0.1627911032052246,0.2325579267762732,0.7021270983359407,0.317487310196729,0.7441853656840743,0.065306058897173,2022-08-03,5.239999771118164,0.0438931353282114,0.0534351568776119,-0.0324426730691461,0.4217557508929777,0.6774809820225103,-0.0324426730691461,rolling_daily_cohorts_cooldown_10,1,0.0178925789257893,0.3544973344739581,0.177011493748884,-0.0873440706405759,0.1301180675331297,0.1342489739148906,-0.0079057753663569,0.0422130158389848,-0.0209092462771962,0.0355774051502044,-0.1232877137357185,-0.1592775439614095,0.3055835134392283,-0.3486448061282802,0.5612302860541649,0.4856630434567676,0.0,0.1515143195676675,0.083984373617568,2022,development,2,A,2022-08
True,A,LNTH,2022-08-30,2022-09-01,2,77.37000274658203,4.206650161743164,89975289.66609955,0.996301775147929,0.7524509803921567,0.9044117647058824,0.9632352941176472,0.7941176470588235,0.5,1.0,2022-08-31,0.482568956591265,-0.1664042767337345,0.3161646798575304,0.992124305019479,0.6272169409761634,0.2496036946243661,0.0135221558497116,2022-09-02,79.7300033569336,0.0667251909047057,0.0762572926836759,-0.0245830506878654,-0.0027593278745797,0.0970776061443177,-0.0245830506878654,rolling_daily_cohorts_cooldown_10,1,-0.0436341002807975,-0.0720795718974381,0.0161544965431246,0.1291594649313394,-0.044561172093434,0.0577996200642374,0.4959961325846085,0.0189948347234831,0.046838548707889,0.1211102702728159,-0.109153666022963,-0.109153666022963,0.592189273552781,-0.1456264188422247,-0.061983757510557,-0.110013479001135,0.0,0.1846848317493157,0.0543705572238589,2022,development,2,A,2022-09
True,A+,MOD,2022-11-29,2022-12-02,3,20.600000381469727,1.0114998817443852,10332571.152887344,0.9594395280235988,0.696078431372549,0.8161764705882353,0.5955882352941176,0.6691176470588235,0.8235294117647058,0.9411764705882352,2022-11-30,0.7909039353330515,-0.1779538568658735,0.6129500784671779,0.7999995761445615,0.4645551721069129,0.4745423611998252,0.0231436618868605,2022-12-05,20.88999938964844,-0.057922408799698,0.0177118645305822,-0.057922408799698,-0.0344662199325518,0.0177118645305822,-0.1000478800216502,rolling_daily_cohorts_cooldown_10,1,-0.013409903762017,-0.0287599589501866,0.1495535878217493,0.36877077211943,0.0039965079847055,0.2157552634036894,0.6339545591466591,0.0506695315231515,0.0749758933199766,0.0918187974641808,-0.0691368656718862,-0.0691368656718862,0.4714770243945851,-0.575037822978572,0.270491425699868,-0.1025719625428907,0.0014734174065609,0.8431374748959374,0.0491019350977419,2022,development,2,A,2022-12
True,A,CRK,2023-02-27,2023-03-01,2,11.74924373626709,0.674794017747824,90996326.65426254,0.9502487562189056,0.7021276595744681,0.8049645390070922,0.5035460992907801,0.900709219858156,0.7021276595744681,0.0070921985815602,2023-02-28,0.3500916879120162,0.0428657509587395,0.3929574388707557,0.8000003178912353,0.454223892601974,0.6001537395490489,0.0348837273774631,2023-03-02,11.869773822724492,-0.0284322450250482,0.090170566561498,-0.0503656679142595,-0.1697806397547696,0.090170566561498,-0.1998374949654957,rolling_daily_cohorts_cooldown_10,1,0.0207296359260444,-0.005654303394858,-0.0032388331171656,-0.3558131808420125,0.0175656007682536,-0.0426044882444524,-0.2256575193321049,-0.0104699136030347,-0.0479088976833803,-0.0277756876696693,-0.0874721491154074,-0.3452127345983607,0.623244036012808,-0.191572718338939,0.4869679045473587,0.0370381296753525,0.0031224902349153,0.1000006357824743,0.0574329746573302,2023,validation,2,A,2023-03
True,A,WFRD,2023-02-27,2023-03-01,2,65.37751770019531,2.9040293816352736,54930217.50677109,0.9808102345415778,0.7494089834515365,0.8936170212765957,0.8085106382978723,0.6737588652482269,0.7659574468085106,0.8936170212765957,2023-02-28,0.5742509743986766,-0.2670973905309119,0.3071535838677646,0.8481667445585565,0.6471031104965955,0.417334411780947,0.0186289124951632,2023-03-02,64.7957826136806,-0.0013468663795892,0.0501269256097181,-0.023791873097874,-0.1883884072387839,0.0501269256097181,-0.2153224651039073,rolling_daily_cohorts_cooldown_10,1,0.0725305572810481,0.0082236503453767,0.2099408977142729,0.5847236929559263,0.0913299151626427,0.2162961935263285,0.8137741617686365,0.0302812932476768,0.0874446821151291,0.0792593159915044,-0.0289459556283089,-0.0289459556283089,1.1580037287401188,-0.1763688191498501,0.040915785007064,0.1917755238812826,0.0001542552046374,0.9043216780911416,0.0444193888631932,2023,validation,2,A,2023-03
True,A,ROIV,2023-03-30,2023-04-03,2,7.309999942779541,0.4823000192642211,27785525.371422768,0.9764868603042876,0.7977011494252872,0.903448275862069,0.7655172413793103,0.9241379310344828,0.7034482758620689,0.8827586206896552,2023-03-31,0.393945779870206,-0.2073396239650259,0.1866061559051801,0.7500011920940324,0.6681333350159356,0.1036703063191697,0.0068027471270235,2023-04-04,7.420000076293945,0.0013476754638623,0.016846361012766,-0.0606469382042184,0.1954177620425801,0.2061994228085477,-0.0606469382042184,rolling_daily_cohorts_cooldown_10,1,0.0457797113218199,-0.1400000067318186,-0.0975309137635919,-0.0419397335336507,-0.0646791673270678,-0.0943555218206871,0.2676062357581446,-0.0214723975002425,-0.0396211602010572,0.0721054845856385,-0.1819606033036022,-0.2690000057220458,0.6039981435287816,-0.0775805861345156,0.2181147299249959,-0.0324728224672278,0.0078023332032624,0.0769232023240308,0.0659781153268836,2023,validation,2,A,2023-04
True,B,BBIO,2023-05-30,2023-06-01,2,13.539999961853027,0.8235500335693361,22833703.006014824,0.9882525697503672,0.7883211678832116,0.8905109489051095,0.8832116788321168,0.8613138686131386,0.6204379562043796,0.3795620437956204,2023-05-31,0.5585574881872001,0.0,0.5585574881872001,0.7209303872917302,0.5669179633149332,0.2307079990754494,0.013758115467789,2023-06-02,14.18000030517578,0.1488011681904832,0.1780676702530561,-0.0317348909206439,0.0944993035083916,0.2122708155219976,-0.0317348909206439,rolling_daily_cohorts_cooldown_10,1,-0.012399713772497,-0.0876010901191373,-0.055788018286073,0.1856392181607649,-0.0211635482281292,-0.0748648839745982,0.1848221966164422,-0.0150244779802416,-0.019179863783257,0.0357246442765819,-0.0955244007794264,-0.3211331075945469,0.7988747730297161,-0.0522266580577103,-0.490696421375922,-0.1368429987056252,0.0130909312855111,0.1157891355392343,0.0608234886181364,2023,validation,2,A,2023-06
True,A+,PACB,2023-05-30,2023-06-01,2,12.34000015258789,0.7290001392364504,45755513.80362033,0.9816446402349486,0.6934306569343065,0.8065693430656934,0.8175182481751825,0.8321167883211679,0.4306569343065693,0.9343065693430656,2023-05-31,0.3566531950928845,0.3566518868979081,0.7133050819907927,0.826666514078776,0.760192529247896,0.7544569712107493,0.0446790591642947,2023-06-02,13.170000076293944,0.0569476078705575,0.0774487090493918,-0.0220197388134436,0.0106302462043836,0.0858010712144887,-0.0220197388134436,rolling_daily_cohorts_cooldown_10,1,-0.0551301871282742,-0.0080385394829995,0.0910698227017483,0.3590308652283827,0.0082523296187553,0.1061709097397316,0.3411002830858516,0.0391407682611031,0.0707594252212271,0.0830209325499837,-0.0811615880729216,-0.0811615880729216,1.0185478356423894,0.1500296669584582,-0.000292149685263,0.1283621444288644,0.0168269267507794,0.1234571971173148,0.0590761855933662,2023,validation,2,A,2023-06
True,A+,GENI,2023-07-28,2023-08-01,2,7.599999904632568,0.4819000244140625,20974255.725061893,0.9847161572052402,0.9082125603864734,1.0,0.8478260869565217,0.9130434782608696,0.9637681159420288,0.6159420289855072,2023-07-31,0.7677938717869153,-0.1452577117200413,0.622536160066874,0.9142864538700796,0.3507777157538287,0.3527704247382986,0.0219922478492207,2023-08-02,7.75,-0.1290322580645161,0.0903225560342111,-0.1329032528784967,-0.1716128933814263,0.0903225560342111,-0.2103225954117313,rolling_daily_cohorts_cooldown_10,1,0.0106382877538515,0.0133333206176757,0.292516965427847,1.0540540018074704,0.0324684031332147,0.1905134810047684,0.5285599221759174,0.063113805386441,0.110612388586692,0.0693737966188565,-0.0617284510234101,-0.0617284510234101,0.318975278271328,-0.5522794388260921,0.5507160366169466,0.5036213572914043,0.0027247929851148,0.9259259913356916,0.063407898744883,2023,validation,2,A,2023-08
True,B,IMVT,2023-07-28,2023-08-01,2,22.530000686645508,1.1180999755859375,21623398.874502186,0.9985443959243084,0.8961352657004831,0.9782608695652174,0.9855072463768116,0.8478260869565217,0.855072463768116,0.8478260869565217,2023-07-31,0.2951434852980079,0.1878178061515566,0.4829612914495645,0.7118643519865498,0.7268224670690029,0.2414814986666812,0.0118421257367762,2023-08-02,22.739999771118164,-0.0426560828108044,0.0129727387538773,-0.0677220327035643,-0.0976253006024252,0.0129727387538773,-0.1160949611354645,rolling_daily_cohorts_cooldown_10,1,0.011220825506969,0.0863066989045988,0.2165226851925279,0.4019913574672877,0.0731637910513658,0.0791470601789687,0.3356058206236685,0.0338307029573925,0.038417920587525,0.0967122203644612,-0.1033906218534875,-0.1033906218534875,0.6570595903821858,-0.3499670312523594,-0.1042776891101072,0.2636644133827948,0.0023010191193051,0.8720943384927895,0.0496271611855157,2023,validation,2,A,2023-08
True,B,FSLY,2023-08-30,2023-09-01,2,23.440000534057617,1.4010002136230473,79894504.69373703,0.9600886917960088,0.818627450980392,0.9485294117647058,0.6029411764705882,0.875,0.9779411764705882,0.8455882352941176,2023-08-31,0.5403282327308053,-0.0692363363881765,0.4710918963426287,0.7000008174364662,0.5262425242318004,0.0642399278121041,0.003748444470218,2023-09-05,23.799999237060547,-0.0138655434573373,0.0144958500740579,-0.0474789578567299,-0.1621848246529467,0.0144958500740579,-0.1630251800481068,rolling_daily_cohorts_cooldown_10,1,0.1109004791603183,0.2291557896783531,0.4249239785365895,0.4398034118810241,0.149047792231461,0.2822476791210488,0.6548997825926728,0.0621696883815623,0.0434733015938362,0.0925893083896889,-0.0105529757013128,-0.0105529757013128,0.678413074860796,0.0309909259641163,0.2531193115467425,0.4497473705918746,-0.0043290207713565,0.9684222995424402,0.059769632325197,2023,validation,2,A,2023-09
True,A,IONQ,2023-08-30,2023-09-01,2,17.1200008392334,1.6034501552581784,218850639.1065836,0.9940872135994088,0.8799019607843137,0.9705882352941176,0.9411764705882352,0.9705882352941176,0.7279411764705882,0.9632352941176472,2023-08-31,0.2556985298654909,-0.0124733891465753,0.2432251407189156,0.8990820229791732,0.5464451912502379,0.1060214286901689,0.0098039258822366,2023-09-05,17.280000686645508,0.138888861294147,0.1603008356681243,-0.0393518679487846,-0.0648148608060512,0.2499999724052581,-0.0694444858365572,rolling_daily_cohorts_cooldown_10,1,0.0633540641985102,0.2505479447760554,-0.0660119525100363,0.5866543929341483,0.1220343911907395,0.169862428358738,1.1415527240425467,-0.0400150977432168,0.0726054743654092,0.1431063583533456,-0.1206984364149014,-0.14995028013592,0.8081960502357459,-0.2362347877449774,0.1361515292331669,0.1299158483610758,-0.0109091094045927,0.7663134161395405,0.093659467094394,2023,validation,2,A,2023-09
True,A+,ARDX,2024-01-30,2024-02-01,2,8.9399995803833,0.5900500059127808,64103723.76969814,0.97310686482661,0.8615023474178403,0.9788732394366196,0.7323943661971831,0.8661971830985915,0.9859154929577464,0.8169014084507042,2024-01-31,0.4050509584604602,0.1881197524325796,0.5931707108930399,0.8947362256959696,0.6532351486479927,0.6948561025397467,0.0461711533928197,2024-02-02,9.100000381469728,0.0186813262821519,0.0472526740083514,-0.0549450526417722,0.0219780000968343,0.1131867790982263,-0.0549450526417722,rolling_daily_cohorts_cooldown_10,1,0.0323325332453514,0.0182232177993433,0.4419354605501071,1.5616044572933916,0.0871283020353537,0.3854450116027468,0.9631200364370296,0.0848229019367854,0.1767881209879576,0.0931223396477451,-0.0539682792778273,-0.0539682792778273,0.6669579146643367,-0.3692066903076078,0.2464887311245109,0.2062206374132979,-0.0148304444779173,0.0211126324344508,0.0660011223275116,2024,validation,2,A,2024-02
True,A+,GCT,2024-01-30,2024-02-01,2,22.989999771118164,2.823100280761719,74750139.37229156,0.9900920028308564,0.687793427230047,0.823943661971831,0.9014084507042254,0.9788732394366196,0.1830985915492957,0.9859154929577464,2024-01-31,0.4286071593230159,0.1700256790406384,0.5986328383636543,0.928286737545054,0.654889102292357,0.8253337437511722,0.1042505540911689,2024-02-02,24.8799991607666,0.1937299744677458,0.2029743293710617,-0.0253215105312403,0.3054662635782643,0.339630343863232,-0.0253215105312403,rolling_daily_cohorts_cooldown_10,1,0.0435768976191908,0.0890572764760946,0.2566274760997593,1.7968368642679011,0.0658321599351703,0.397729815515643,1.1767277320641505,0.0759848931289508,0.177783506909029,0.1774662414396912,-0.130812888167069,-0.130812888167069,0.5255781359495445,-0.1708583145163383,0.8472049093872855,0.030869965192164,-0.0203090106940367,0.8571424544655902,0.1227968816384382,2024,validation,2,A,2024-02
True,A+,MARA,2024-01-30,2024-02-01,2,18.11000061035156,2.735499811172485,2028768018.291149,0.9950460014154282,0.6901408450704225,0.8345070422535211,0.9507042253521126,0.9929577464788732,0.1267605633802817,0.852112676056338,2024-01-31,0.3911532694881089,-0.212027038472891,0.1791262310152179,0.8439305020071244,0.6551815808174022,0.3070737380997482,0.0472973052794141,2024-02-02,17.940000534057617,0.2028985106627057,0.2051282160326362,-0.1003345089645915,0.5061315302900031,0.6973244067151854,-0.1003345089645915,rolling_daily_cohorts_cooldown_10,1,0.1241464881581002,0.0185601749697295,-0.2290335978368768,1.04401820678437,-0.0986462015969054,-0.0071924772995588,0.3968646217646268,-0.1105405216129475,0.0894821750318419,0.0986424540211585,-0.389619124914621,-0.4214057171954005,0.5746254423010259,-0.2632182436361882,0.3315411986012295,-0.2502356665766272,-0.0043196502013324,0.224000549316404,0.151049128601845,2024,validation,2,A,2024-02
True,A,AFRM,2024-02-28,2024-03-01,2,37.5,2.989050102233887,538377880.1123619,0.993169398907104,0.7324263038548753,0.8571428571428571,0.9319727891156464,0.9251700680272108,0.3401360544217687,0.891156462585034,2024-02-29,0.5988527640234516,-0.4282305582758622,0.1706222057475893,0.7650269009407542,0.4963238022767348,0.1371672716712578,0.0109042517034756,2024-03-04,38.68000030517578,0.0020682010270489,0.033092005408428,-0.0762668236728196,-0.1284902063467173,0.0423991565850372,-0.150206859551487,rolling_daily_cohorts_cooldown_10,1,0.0226343570357085,-0.0566037735849056,-0.1223964333785389,0.276813038081575,-0.0768321783186396,-0.1269384867096474,0.4543550629646216,-0.024705884551086,-0.0088380593882079,0.1310199388110104,-0.2498499951810737,-0.2854420669379065,0.4593860425581117,-0.4726259794014177,-0.273806547512108,0.0064922331485143,-0.0183205450377437,0.0105822562024171,0.0797080027262369,2024,validation,2,A,2024-03
True,A,APP,2024-03-27,2024-04-01,2,68.86000061035156,2.934050178527832,331951730.24074554,0.9892255892255892,0.697986577181208,0.825503355704698,0.8926174496644296,0.4563758389261745,0.7449664429530202,0.8053691275167785,2024-03-28,0.400471355383354,-0.3050405473671921,0.0954308080161618,0.8220850281071113,0.3387819230431431,0.0340820599637011,0.0014484135688734,2024-04-02,67.4000015258789,0.1580118884980994,0.1615726875832059,-0.0029674269007238,0.0597922654015001,0.180267080872599,-0.0029674269007238,rolling_daily_cohorts_cooldown_10,1,-0.0235393663036718,0.0914566562657868,0.1870367626745968,0.7044553962762135,0.0540414514789606,0.2454039032287387,0.6793412084064339,0.0505499656380648,0.118227141541223,0.1123184866920599,-0.076324643976954,-0.076324643976954,0.7903740497496902,-0.1487826061499126,0.1961800867390972,0.234198276619207,0.0022507197967611,0.4844485479702647,0.0426089188574123,2024,validation,2,A,2024-04
True,A,HROW,2024-09-27,2024-10-01,2,44.06999969482422,2.131999778747559,15661383.431568146,0.9810085134250164,0.7647058823529411,0.8562091503267973,0.8104575163398693,0.673202614379085,0.8104575163398693,0.9673202614379084,2024-09-30,1.2898688017760886,-1.1116318845384774,0.1782369172376113,0.8082907391814808,0.7530116381950589,0.1266418788853174,-0.0060375771554915,2024-10-02,43.75,0.1657142857142857,0.1874285888671876,0.0,0.2226286097935268,0.2413714599609375,0.0,rolling_daily_cohorts_cooldown_10,1,-0.0211017492954206,-0.0237040254606115,0.1225165965086871,1.1096218756551086,0.0322897907151369,0.2119195376137674,1.2921607649208489,0.0166337168745398,0.1307714330343312,0.2096145565554117,-0.0731861114210914,-0.0731861114210914,0.5104471517048935,-0.3094398693255291,-0.3250452481066231,0.1300347104063159,0.0056522722719287,0.4303794412199291,0.0483775764354713,2024,validation,2,A,2024-10
True,A+,LUNR,2024-10-30,2024-11-01,2,7.860000133514404,0.6057499408721924,78278463.05637121,0.9562289562289562,0.7225950782997762,0.8657718120805369,0.5637583892617449,0.9261744966442952,0.6778523489932886,0.8590604026845637,2024-10-31,0.2641359304449791,0.1485748373066093,0.4127107677515884,0.9090909090909092,0.7031672467235162,0.4622365007052783,0.0357598640740042,2024-11-04,8.050000190734863,0.2086955666703036,0.2434782598394012,-0.0621117997705732,0.5428571157785469,0.8509315857755391,-0.0621117997705732,rolling_daily_cohorts_cooldown_10,1,-0.0260222514561555,-0.0609318708503915,0.0693877871427444,1.07936513042474,-0.0006992389074532,0.1304147974034377,0.4699900706825262,0.0037006311723057,0.1372215498358824,0.1117527817632202,-0.1027397342297,-0.2020304742017069,1.1297753708181504,0.026077060295786,-0.407698605559559,0.1600285374842278,-0.0120191624355009,0.0149257024268144,0.0770674211937126,2024,validation,2,A,2024-11
True,B,DJT,2024-11-27,2024-12-02,2,30.440000534057617,4.682950019836426,1824689025.4750247,0.9696010132995568,0.6814345991561181,0.8481012658227848,0.6962025316455697,0.9746835443037974,0.3734177215189873,0.0126582278481012,2024-11-29,0.4099979859193565,0.0277605072795065,0.437758493198863,0.72307824731186,0.2773723216699143,0.1334632880345077,0.0196140565459888,2024-12-03,32.04999923706055,0.1026521370934385,0.146957853247819,-0.0014976704160996,0.2012480785173027,0.2062402735631952,-0.0014976704160996,rolling_daily_cohorts_cooldown_10,1,0.0112956859893331,0.0521949606966194,-0.2395702857277906,0.5342742086666306,-0.0233416053443703,0.1089899810488896,-0.1108774244436104,-0.0875891016635556,0.1045144891707718,-0.0250820117125186,-0.389612970001578,-0.4433065039471792,0.1475438863091211,-0.7640126213622698,0.3097193237869513,0.0120085833870131,0.0009833066673368,0.500000866976349,0.1538419821838351,2024,validation,2,A,2024-12
True,A+,CADL,2024-12-30,2025-01-02,2,7.949999809265137,1.6915000438690186,79179016.37067795,0.9833546734955184,0.9256900212314224,0.9808917197452228,0.8343949044585988,1.0,0.9426751592356688,0.6942675159235668,2024-12-31,0.4433934262777212,0.171445435608563,0.6148388618862842,0.9647050903746256,0.1704987537333791,0.2542118476792436,0.0502335666381568,2025-01-03,8.989999771118164,-0.0901000541228752,0.0456062133315395,-0.1156840921391562,-0.2586206750232159,0.0456062133315395,-0.2602891807926805,rolling_daily_cohorts_cooldown_10,1,-0.0914285932268414,0.177777749520761,0.6896918040761724,0.1471861480797534,0.1445023924817254,0.3820318080954226,0.2671442706217166,0.1609978289683233,0.0751948587141602,0.0915602624366926,-0.455479479346093,-0.455479479346093,0.2106778046545776,-0.7949658190641731,1.7909427819503017,0.5310527889596359,-0.0180383144843777,0.0662248668059133,0.2127673062202719,2025,validation,2,A,2025-01
True,A,RUM,2025-01-30,2025-02-03,2,12.119999885559082,1.1892000675201415,59739494.43890572,0.9588953114964676,0.7393162393162392,0.8525641025641025,0.5897435897435898,0.8461538461538461,0.782051282051282,0.5641025641025641,2025-01-31,0.8493106050590848,-0.773629350873177,0.0756812541859078,0.7666665253815244,0.4991344669628852,0.5129495644490558,0.052586175570449,2025-02-04,12.43000030517578,-0.0144811183231289,0.1118261750218665,-0.041834307722997,-0.0683829734996698,0.1118261750218665,-0.1536604827448632,rolling_daily_cohorts_cooldown_10,1,-0.0662557540066812,0.1139705659995651,-0.1242774745712117,0.8703703472044133,-0.0185440191090107,0.215427492554872,0.7262252204926931,-0.0320203805154174,0.1504418633039648,0.0773226132789779,-0.1973510212335898,-0.3034482671682482,0.4219759983835051,-0.2758436082832866,-0.3209804189671512,-0.0958960610435141,0.012295129061451,0.1641785733603213,0.0981188183786261,2025,validation,2,A,2025-02
True,A+,MP,2025-07-30,2025-08-01,2,60.84999847412109,4.907199668884277,1242247393.7430573,0.9630314232902032,0.8139059304703476,0.9202453987730062,0.6319018404907976,0.8588957055214724,0.950920245398773,0.8895705521472392,2025-07-31,0.3739409486036144,0.2048005626896495,0.5787415112932639,0.8471695302091664,0.6671870844508857,0.6724811419403365,0.0546447966619154,2025-08-04,63.630001068115234,0.1680024901345742,0.2472104239853387,-0.0114725684422803,0.1791607342419823,0.2965582054868212,-0.0114725684422803,rolling_daily_cohorts_cooldown_10,1,-0.0047432273212689,0.0392826518707227,0.9323594447889192,1.475589856102263,0.1876878333918572,0.6442390306854313,1.3868126454972884,0.1580006045135682,0.2650058747695971,0.1608478381532849,-0.0757897652083832,-0.0757897652083832,0.3846799053772796,-0.5602252942424206,0.6042343560804311,0.5916144544065568,-0.0029869979338216,0.5039702467436964,0.0806442036472895,2025,validation,2,A,2025-08
True,A,QUBT,2025-07-30,2025-08-01,2,14.729999542236328,1.4388998985290526,348253232.53763205,1.0,0.8486707566462167,0.941717791411043,1.0,0.9263803680981596,0.6196319018404908,0.9693251533742332,2025-07-31,0.7366741916517668,-0.6880254645442767,0.0486487271074901,0.9220493170819256,0.6527502965323932,0.4169854915432896,0.0422535485583768,2025-08-04,14.93000030517578,0.080375005429492,0.1547219972354305,-0.0147354496002615,0.0261218607954911,0.1547219972354305,-0.0204286871360642,rolling_daily_cohorts_cooldown_10,1,-0.1568402907161903,-0.1994565300206835,-0.2097639471803576,1.1316931790892757,-0.1886309371167838,-0.1015224961664205,0.5188588615329675,-0.0234528446972986,0.1139770321475843,0.2197326600336344,-0.3267824448252749,-0.3267824448252749,0.6487267329750648,-0.3485400003975853,-0.3615930205247759,-0.2160730496782872,-0.0045543067889015,0.1099471734289335,0.0976849927525929,2025,validation,2,A,2025-08
True,A+,LTBR,2025-07-30,2025-08-04,3,13.81999969482422,1.1274999618530273,20518838.277363777,0.9907578558225508,0.7586912065439673,0.8558282208588958,0.9079754601226994,0.8711656441717791,0.4969325153374233,0.852760736196319,2025-07-31,0.4168516921777711,-0.0975606744114343,0.3192910177663368,0.9818186231883412,0.5918627186989924,0.8780494530265253,0.0750569185964833,2025-08-05,14.260000228881836,-0.0532959478740084,0.0504908346281947,-0.0589060406104747,0.0736325507630932,0.3183729968659827,-0.0589060406104747,rolling_daily_cohorts_cooldown_10,1,-0.0014451197646793,-0.0482094174153534,0.0907655573484935,0.5005428488146637,0.0203403393231598,0.0130479186642453,0.4837639187938944,0.020570388068053,0.0626100225731594,0.131078660406424,-0.1180600110059003,-0.219209090444744,0.6345470441769472,-0.1100916516240987,-0.2474501219588467,0.2241359249766466,-0.0102563658286394,0.3495143203957674,0.0815846589544637,2025,validation,2,A,2025-08
True,A,RDDT,2025-08-28,2025-09-04,4,225.5399932861328,14.412747955322263,1762595210.46463,0.9700305810397554,0.7459349593495934,0.8841463414634146,0.7012195121951219,0.7134146341463414,0.823170731707317,0.7378048780487805,2025-09-03,0.9595673131817736,-0.503720354323894,0.4558469588578797,0.7913599950633378,0.5204781329096373,0.4933133245923479,0.0316000027126737,2025-09-05,234.0,0.1134188399355635,0.1394872420873396,-0.0176923050839675,0.1568803053635816,0.2091880863548343,-0.0176923050839675,rolling_daily_cohorts_cooldown_10,1,0.0315115462244666,-0.0736436022699853,0.4044460952074726,1.0686049326908678,0.0253822105322134,0.2808426396254915,0.4978034578397832,0.0829825190952548,0.1355189822132634,0.0926654566208327,-0.1090306003399803,-0.1090306003399803,0.6273772716828814,-0.3273886685693982,0.0684954075985559,0.2298215686382061,0.0080530407346772,0.8999995819511591,0.0639032915862395,2025,validation,2,A,2025-09
True,A+,CLS,2025-09-29,2025-10-01,2,245.9499969482422,13.341500091552746,804355227.1683502,0.9851895734597156,0.7416173570019724,0.8017751479289941,0.8520710059171598,0.5207100591715976,0.8520710059171598,0.8165680473372781,2025-09-30,0.3260507494408263,0.1041861394978008,0.4302368889386271,0.9552457526173908,0.6286590319059324,0.766780021537177,0.0423672469274041,2025-10-02,257.0299987792969,-0.0083647586145402,0.0021397805531679,-0.1042290526917695,0.0503053835629661,0.0570751021180646,-0.1042290526917695,rolling_daily_cohorts_cooldown_10,1,-0.0346952257577996,-0.0122093597247033,0.2629011396572127,0.5754916148013478,0.0144882575849123,0.1604283173525866,0.8196534196943979,0.0501994820178852,0.0925821096871237,0.1302406010572543,-0.0606500035840643,-0.0606500035840643,0.5706700861425639,-0.1690012898110929,-0.0375297344636523,0.4805259546328843,0.0127158873985331,0.1311218943070028,0.0542447662414906,2025,validation,2,A,2025-10
True,A+,GRAL,2025-12-30,2026-01-02,2,85.30000305175781,5.327499771118164,77241097.5945282,0.9971014492753624,0.7976878612716762,0.96242774566474,0.9710982658959536,0.6820809248554913,0.7398843930635838,0.6820809248554913,2025-12-31,0.3754106214781177,0.2946972805772075,0.6701079020553252,0.8602421555001581,0.5171713251302328,0.3585178309089806,0.0219641637789578,2026-01-05,89.05999755859375,0.1239613880324215,0.2066697323595305,-0.0200988206220158,0.0857848596348993,0.2231080540228995,-0.0200988206220158,rolling_daily_cohorts_cooldown_10,1,-0.0959194018942731,-0.0630491850400514,-0.1319832505786873,0.4425841622004345,-0.0867359592930363,-0.0599960220402544,0.6325460976547479,-0.0459110873693374,0.0414147589092166,0.1155033512486289,-0.2101851569281684,-0.2631306023010111,0.6821227796745848,-0.3628264916887511,-0.2348001348830447,-0.0759443773992249,0.0013655297033747,0.1625785464374729,0.0624560325969223,2026,validation,2,A,2026-01
True,A+,PL,2025-12-30,2026-01-02,2,19.739999771118164,1.3912999153137204,247516549.5662403,0.954782608695652,0.7649325626204239,0.9104046242774566,0.5491329479768786,0.7630057803468208,0.9826589595375722,0.907514450867052,2025-12-31,0.402500898460926,0.0790631905750952,0.4815640890360212,0.7823722734918916,0.7439612512161491,0.3989077402126023,0.0279526727762025,2026-01-05,20.700000762939453,0.0971013646111469,0.1486473212994075,-0.0584541520398217,0.3903381461788253,0.4926569844616515,-0.0584541520398217,rolling_daily_cohorts_cooldown_10,1,-0.0417476016711706,0.09362884240946,0.6871794951215482,0.5208012686660815,0.1833822846799151,0.399087113619347,1.3393891783035743,0.1417913060817148,0.0653920510337782,0.1675637525173945,-0.0595521683482805,-0.0595521683482805,0.5260133408927059,-0.4003667695581266,0.290319181699322,0.4627868886882388,0.0080523321919638,0.377357494679819,0.0704812528594528,2026,validation,2,A,2026-01
True,A+,BIOA,2026-01-29,2026-02-02,2,19.100000381469727,1.861300230026245,19026709.03886795,0.9532062391681108,0.7969348659003831,0.9367816091954024,0.5344827586206896,0.9252873563218392,0.9310344827586208,0.9655172413793104,2026-01-30,0.3921987062914784,0.1450601323784655,0.537258838669944,0.7105266592179655,0.6930224328473122,0.7252996371524066,0.0720000203450521,2026-02-03,20.239999771118164,0.0133399437162522,0.0622529764392496,-0.050395280103668,-0.0301383704174746,0.0622529764392496,-0.0597825641381323,rolling_daily_cohorts_cooldown_10,1,0.010582051162761,-0.1666666527970577,0.4013206325092668,1.420785894129216,0.0739085394401877,0.3821750287736862,1.6731793757557414,0.0809882712521137,0.2130053912668363,0.2428875834550874,-0.2041666507720947,-0.2041666507720947,0.3467981426310176,-0.3156809954426554,0.7637339466048896,-0.0814248755457575,-0.0010251387764755,0.2947373281881809,0.0974502718770636,2026,validation,2,A,2026-02
True,B,HUT,2026-05-28,2026-06-04,5,124.23999786376952,9.751050567626953,558198464.6343994,0.9736694677871148,0.8063314711359403,0.9497206703910616,0.7374301675977654,0.770949720670391,0.9106145251396648,0.9217877094972068,2026-06-01,1.6982790800989964,-1.337291897430985,0.3609871826680113,0.7224683760529754,0.6844740318914943,0.3148378396289429,0.0246210572998175,2026-06-05,122.25,-0.0485889770258178,0.0223313158031377,-0.147239263803681,0.0179141304000509,0.0519427902128066,-0.147239263803681,rolling_daily_cohorts_cooldown_10,1,0.2873276874286692,0.1469719185173335,0.7498591248418243,1.2663261319846288,0.2416611839809652,0.611246534919829,1.3668323072672073,0.1055870778330334,0.1706158841291714,0.1777801353751007,0.0387091148715976,0.0387091148715976,0.8866962622466046,-0.2053733178645801,0.1357377258144629,0.4475916688320481,0.0115606988898984,0.8258616777435382,0.0784855983201085,2026,validation,2,A,2026-06
True,A+,AGX,2026-07-30,2026-08-03,2,579.8699951171875,50.28146705621204,204385236.8307495,0.9550561797752808,0.6928838951310861,0.8370786516853933,0.550561797752809,0.7078651685393258,0.8202247191011236,0.5337078651685393,2026-07-31,0.4912349152306541,-0.2368672768909608,0.2543676383396934,0.8252411325867729,0.5696519767788143,0.4017375059739708,0.035286221564027,2026-08-04,602.8499755859375,-0.0358131652893047,0.0492660088078538,-0.042116537515994,-0.0225262612667248,0.0492660088078538,-0.080915601289205,rolling_daily_cohorts_cooldown_10,1,-0.0372405663795085,0.0599722973919047,-0.240941943734281,-0.0789191253959189,-0.0435765976308009,-0.1162430030826999,0.1952767727937276,-0.0875631000293959,-0.0394794481516451,0.07655137354057,-0.2571008028371712,-0.2797450623502632,1.843404318904044,0.0816665139369088,-0.0205362960020076,-0.0436733737194415,0.0602213740812882,0.9383818899625,0.0867116206729243,2026,validation,2,A,2026-08
True,A,TER,2026-07-30,2026-08-03,2,365.489990234375,33.31849670410157,1393448933.6773682,0.9865168539325844,0.7022471910112358,0.848314606741573,0.8651685393258427,0.7696629213483146,0.4719101123595505,0.601123595505618,2026-07-31,0.7956544378654865,-0.7863503698774598,0.0093040679880267,0.7818868230313009,0.671394399117313,0.1764777810191717,0.0163368919367274,2026-08-04,388.6099853515625,-0.0604976200670144,0.0543218565267773,-0.0626591608651252,0.1403207106156665,0.1429711797701456,-0.0626591608651252,rolling_daily_cohorts_cooldown_10,1,-0.0221003605769231,0.1340055975092049,-0.144732546996635,0.1935757423910689,0.0460488548696889,-0.0369595783196468,0.2684910322388887,-0.0782181165238369,-0.0048487259904758,0.0811787421402636,-0.2117284489763223,-0.2509069551943712,1.8183898923883173,0.4636880542449455,-0.0939220488598885,-0.1959512830432299,0.0891956729837222,0.8567342952806123,0.0911611742984689,2026,validation,2,A,2026-08
True,A,MU,2026-07-30,2026-08-04,3,874.6599731445312,82.05862689526093,42645589659.26636,0.998876404494382,0.7153558052434456,0.8651685393258427,0.9887640449438202,0.7865168539325843,0.3707865168539326,0.9550561797752808,2026-07-31,0.6851203080699851,-0.4656429606289555,0.2194773474410296,0.7778281039640208,0.7981843558588647,0.3150183784933695,0.0298216185223201,2026-08-05,885.2999877929688,-0.0189539912945788,0.0493391994556267,-0.0658533701534428,0.062645456610608,0.1703716470909022,-0.0658533701534428,rolling_daily_cohorts_cooldown_10,1,-0.1166924655013397,0.0251523214140469,-0.1525609043873678,0.6872939735030954,-0.0485659637703901,-0.0910404008763016,0.6990805023516782,-0.0717665048778504,0.0353647466069819,0.1697912973998896,-0.2025574708784638,-0.302952576477989,1.3433190594393771,0.2026663961839245,-0.126942263037576,-0.2708170850638199,0.0732611835567489,0.916149445396056,0.0938177456552036,2026,validation,2,A,2026-08
True,A+,RLAY,2026-07-30,2026-08-04,3,19.450000762939453,1.1887000083923345,53320855.64658166,0.9848314606741572,0.6423220973782771,0.8146067415730337,0.848314606741573,0.4044943820224719,0.6741573033707865,0.9101123595505618,2026-07-31,0.2607886462133094,-0.1850755546405988,0.0757130915727105,0.8042333061527656,0.7432758767272708,0.4879295254982921,0.0305908153513405,2026-08-05,19.479999542236328,0.0261807105167564,0.0631416617628484,-0.0413244519554729,0.0580082697468844,0.0775154139818057,-0.0413244519554729,rolling_daily_cohorts_cooldown_10,1,0.018858072680673,0.0041300939721189,0.0951576865021255,0.5473350226848548,0.0122168979063113,0.152886407942685,0.7229963070133862,0.0015376098742974,0.0802571519683921,0.1430325334468838,-0.0644540689551913,-0.0644540689551913,0.6748995609806394,-0.0604732436964453,-0.3157349251544009,0.113929774991272,0.0168753103854142,0.7388071386072941,0.0611156792681116,2026,validation,2,A,2026-08
False,A+,TCMD,2019-01-30,2019-02-01,2,66.31999969482422,2.7570001602172853,16548622.540473938,0.9512419503219872,0.7553516819571866,0.8623853211009175,0.5137614678899083,0.7614678899082569,0.9908256880733946,0.8165137614678899,2019-01-31,0.6637655874892879,-0.1994932969878629,0.4642722905014251,0.7058815406550235,0.5376768910279434,0.56583150813847,0.0236220099480186,2019-02-04,67.56999969482422,0.0207192767826243,0.0307829190535575,-0.0087316315014844,0.0457304126275117,0.0685214928863262,-0.0087316315014844,rolling_daily_cohorts_cooldown_10,1,0.032860935063645,0.1129384045142354,0.4559824545697184,0.0575665868769788,0.1201094475398152,0.2206973693738192,0.1990533368662161,0.1004172419765885,0.0051506684450406,0.0517225634404914,0.0018127303944719,-0.0289186401211318,0.4776955678471374,-0.5246031175921271,0.1631446654737121,0.5140435313555061,0.0026185793860147,0.7897908218205146,0.041571172691553,2019,development,1,B,2019-02
False,A,DXCM,2019-01-30,2019-02-04,3,35.90250015258789,1.39987506866455,181348874.3819809,0.9898804047838088,0.8440366972477065,0.9587155963302753,0.8990825688073395,0.7064220183486238,0.926605504587156,0.8990825688073395,2019-01-31,0.4857578511091611,-0.3286000978012168,0.1571577533079443,0.9629658611230584,0.4374349848917272,0.4750430452066983,0.0187548729307494,2019-02-05,36.35749816894531,0.0398817530348656,0.0542530086350712,-0.022209969677575,0.0169841253186999,0.0716496868081713,-0.022209969677575,rolling_daily_cohorts_cooldown_10,1,-0.0199944916747755,-0.0233934197212866,0.1987478877467723,0.1454893312927427,0.0353143008812921,0.1149706245837716,0.2334561168648574,0.0506138774986359,0.0092808832264985,0.0622972776533368,-0.059466904747343,-0.059466904747343,0.5190539515849397,-0.2384668437236843,-0.1764802481907118,0.4110021757436966,0.0055694306483422,0.7938139059304703,0.0389910190854395,2019,development,1,B,2019-02
False,A+,IRDM,2019-03-28,2019-04-01,2,24.79907417297364,0.972108430766644,31686259.729537964,0.9698848538529672,0.7227138643067846,0.831858407079646,0.6991150442477876,0.6460176991150443,0.8230088495575221,0.7345132743362832,2019-03-29,0.4624290137417456,0.0674369059266237,0.5298659196683695,1.0,0.7173467812280613,0.2697502606980606,0.0104673153886172,2019-04-02,25.286063425412312,0.0311111707469373,0.0451852144751474,-0.0344444557472511,0.0111110645722918,0.0459258178036157,-0.0344444557472511,rolling_daily_cohorts_cooldown_10,1,-0.0123088995729984,0.1234621783447129,0.2437765765462407,0.4360087177577874,0.0738255504709011,0.2130985986670519,0.3120602811484065,0.0532396710393066,0.0671946796944114,0.0565496418922706,-0.0412745448816244,-0.0412745448816244,0.585677379932545,0.0460646573401248,0.3754946031577704,0.3005023853127491,-0.0031188672661612,0.912280320167046,0.0391993839764413,2019,development,0,B,2019-04
False,A+,MTCH,2019-06-27,2019-07-02,3,65.5102310180664,2.7647178992922736,112748866.7307663,0.9750445632798574,0.6814159292035398,0.8008849557522124,0.7522123893805309,0.7787610619469026,0.5132743362831859,0.6194690265486725,2019-07-01,0.5018198994675968,0.0086814476229536,0.5105013470905505,0.936202574773068,0.7039777191699464,0.3194992523286292,0.0133759550054286,2019-07-03,67.57452202997956,0.0414890988135205,0.0531401316598196,-0.0092356953645633,0.0392155626779986,0.0656436407985898,-0.0092356953645633,rolling_daily_cohorts_cooldown_10,1,-0.0140171349628362,-0.0598042228980086,-0.0206687533988094,0.2212281364600492,-0.0231994200369666,0.0123867816080374,0.2585230208916447,-0.0052761886975453,0.0389046582594343,0.0431831755435021,-0.0768502408447434,-0.093662187742979,0.7369843198426129,0.5030220431542454,-0.0720635863348568,-0.2196451197613799,0.0033003396257953,0.643173553274586,0.0422028415459231,2019,development,1,B,2019-07
False,A,B,2019-09-27,2019-10-04,5,14.94117546081543,0.5684049465195417,327066805.0034237,0.9815303430079156,0.6403508771929823,0.8070175438596491,0.8157894736842105,0.5701754385964912,0.5350877192982456,0.2982456140350877,2019-10-03,0.2965219714983812,-0.2668717500801373,0.0296502214182438,0.964911458821326,0.6335052151839384,0.7561161769311218,0.0295823802582775,2019-10-07,14.856902053178477,-0.0357344210340382,0.0328985403561545,-0.0385704529912173,-0.0249570663436579,0.0328985403561545,-0.0612590789911209,rolling_daily_cohorts_cooldown_10,1,-0.0379817986675394,0.0290190454090435,-0.0803940927180305,0.1265466058764659,-0.0210098950813735,-0.0159905067745256,0.2219860011210914,-0.015742660127758,0.0200729497630165,0.0370424753317555,-0.1085973159904747,-0.1148161287234625,0.7304912984072809,-0.286627146185534,0.043076980143754,-0.0349956822781043,-0.0198892919183142,0.5454555963355835,0.0380428533223664,2019,development,0,B,2019-10
False,A,SSRM,2019-09-27,2019-10-04,5,14.27563190460205,0.6395485002299452,19950035.53267956,0.9850483729111698,0.7456140350877192,0.9035087719298246,0.8508771929824561,0.6403508771929824,0.7456140350877193,0.2368421052631578,2019-10-03,0.8035741963457669,-0.3273845780577464,0.4761896182880205,0.9019604543227662,0.4655425856344266,0.3422611174739111,0.0152418515513987,2019-10-07,14.446940329825802,-0.054018437109133,0.038208156918891,-0.0586297478539009,-0.0382081191033447,0.038208156918891,-0.0810277117890175,rolling_daily_cohorts_cooldown_10,1,0.0053619221921856,0.0555945169196334,-0.0820073856008257,0.0972933535437263,-0.0194155920433569,-0.0511013896623329,0.1190730545872624,-0.0197372751297891,0.0134114517725829,0.0342274633565939,-0.133949329574337,-0.145785879582701,0.776773517824541,0.0378454771456462,-0.0035244710963276,-0.0273074877211456,-0.0222658909828624,0.5967741191200968,0.0448000133727021,2019,development,0,B,2019-10
False,A,GH,2019-10-30,2019-11-01,2,70.95999908447266,3.069500732421875,69764185.36563873,0.9689497716894976,0.7242424242424242,0.9,0.6909090909090909,0.8272727272727273,0.6545454545454545,0.2181818181818181,2019-10-31,0.430037263350878,-0.2997224138856687,0.1303148494652092,0.9354824154819232,0.6476066306574781,0.4495836208285031,0.0197198797830757,2019-11-04,71.81999969482422,0.0009746546243616,0.0196324654427837,-0.1293511689641072,0.114035122197257,0.1190476620452281,-0.1293511689641072,rolling_daily_cohorts_cooldown_10,1,0.0743375595133173,0.0913565479557692,0.1690279768134281,-0.248862092012742,0.0862277317915882,-0.0356809112087547,-0.0455329077295114,0.0309634607720847,-0.0850702967898648,0.0392138365038607,-0.0140336545657849,-0.3676706619801616,0.6093313466194822,-0.3603836841124976,-0.1967384799521244,0.3945986217172658,-0.0024065426162818,0.8796678527560751,0.0432567752540112,2019,development,0,B,2019-11
False,A,SHOP,2019-12-30,2020-01-02,2,39.63600158691406,1.6066903114318851,963235170.3802108,0.9829205807002562,0.8559322033898304,0.9322033898305084,0.8305084745762712,0.8135593220338984,0.923728813559322,0.788135593220339,2019-12-31,0.471776928492514,0.2408660960652075,0.7126430245577215,0.9564747354236888,0.5480984120568309,0.2377558181339768,0.0094556792477684,2020-01-03,40.15999984741211,0.0712151549108099,0.0749751394012541,-0.0153884470335077,0.1237550109458824,0.1299302421430392,-0.0153884470335077,rolling_daily_cohorts_cooldown_10,1,0.0161253523194233,0.0279846046781564,0.1770156639912621,0.2717705551298779,0.0412086423401756,0.1644085580663661,0.2870691250930959,0.0490674305732858,0.0419841261476356,0.0659318744745265,-0.0485837318269644,-0.0485837318269644,0.7169191587217185,-0.2900031982544986,0.1290054369456814,0.1697488291052932,0.0009314219331071,0.2469511249030256,0.0405361350061692,2020,development,1,B,2020-01
False,A+,KRYS,2020-01-30,2020-02-03,2,52.810001373291016,3.824750328063964,10063240.500793455,0.988734835355286,0.7413793103448275,0.8879310344827587,0.8879310344827587,0.956896551724138,0.3793103448275862,0.7327586206896551,2020-01-31,0.3059018415817874,0.1725602433626542,0.4784620849444417,0.9283151622544716,0.574706481531121,0.5412117176997601,0.0393760644253535,2020-02-04,55.43000030517578,0.0736063141601037,0.1149738600675731,0.0,0.122316412447571,0.2060255837285096,0.0,rolling_daily_cohorts_cooldown_10,1,-0.0574691678771847,0.0812858560257963,-0.0464066385925709,0.2918297454370837,-0.0201589902023294,-0.0721707238815663,0.2030400925007007,-0.0152652917647125,0.032638591708906,0.0578289598260883,-0.1250828224108027,-0.2058646410031426,0.5414678603977913,-0.3716828392215729,0.0806129247168554,-0.252318661877446,-0.0120590706818207,0.0784509373851708,0.0724247344935377,2020,development,1,B,2020-02
False,A+,ARWR,2020-02-27,2020-03-04,4,36.0,2.480649375915527,64114834.19204712,0.989769820971867,0.8248587570621468,0.9322033898305084,0.8983050847457628,0.923728813559322,0.652542372881356,0.788135593220339,2020-03-03,0.463588904197506,-0.0886869473933331,0.3749019568041729,0.9633509421903554,0.7486918354914793,0.3789324826939968,0.0261183268371836,2020-03-05,35.97999954223633,-0.2062256856780592,0.0266814646105184,-0.2459699970557491,-0.4285714361444797,0.0266814646105184,-0.4577542946886541,rolling_daily_cohorts_cooldown_10,1,-0.0941117644817143,-0.1511435951538503,-0.1825613248952647,-0.3683102484693854,-0.1070099745949433,-0.2934429529116589,-0.0674541476634952,-0.0508658124275694,-0.1016557660957725,0.0598019125363216,-0.2244721796632087,-0.5116657704301563,1.4056012870776775,0.1347651551834554,-0.2839529830725341,-0.3453460583246122,-0.0274542884293973,0.4705881032975836,0.0689069271087646,2020,development,1,B,2020-03
False,A,EGO,2020-05-28,2020-06-01,2,8.38725471496582,0.5239542959853344,26770721.344676018,0.9914821124361158,0.8361581920903954,0.9661016949152542,0.9152542372881356,0.6949152542372882,0.8983050847457628,0.0423728813559322,2020-05-29,0.3992386384353278,-0.0570344501558193,0.3422041882795084,1.0,0.669098562733465,0.3612177690226202,0.0225922161123561,2020-06-02,8.586475823176364,-0.0127608760978542,0.0034802474906583,-0.0962876704762647,-0.0127608760978542,0.0313226383724887,-0.0962876704762647,rolling_daily_cohorts_cooldown_10,1,-0.1042552153477782,-0.0344036241454375,-0.1364102163267038,-0.1061570126182378,-0.0749284942919683,0.0301459304820184,0.0482611899866243,-0.026107424562481,0.029135500546616,0.0144994353033689,-0.1416920761926537,-0.1736995861951505,0.7287468051169422,-0.183568755990041,-0.2127230028565472,-0.3110141207184681,0.0221187794959742,0.1730770641528817,0.0624702973489543,2020,development,1,B,2020-06
False,A+,BE,2021-01-28,2021-02-01,2,36.33000183105469,3.344550609588622,187202640.399704,0.957088122605364,0.6870229007633588,0.8015267175572519,0.5725190839694656,0.816793893129771,0.6717557251908397,0.8244274809160306,2021-01-29,0.4544696195383205,-0.1793958424192857,0.2750737771190347,0.9531245343388236,0.6584349542944821,0.4245706926587579,0.0396315405073344,2021-02-02,38.11000061035156,0.1191288596908124,0.1794804524545188,-0.0440829251710758,-0.0724219913940591,0.1794804524545188,-0.0760955518088131,rolling_daily_cohorts_cooldown_10,1,-0.0337765078352463,-0.0614827514778379,0.3058951196830428,1.356031235493111,0.0266772586519119,0.239305799378632,1.1281021226000694,0.0734089654202314,0.1886145255534017,0.215853088143606,-0.1389158777510328,-0.1389158777510328,0.9632787060880744,-0.078328811886113,-0.1627865257324233,0.2409306401068311,-0.0088944977812709,0.2489365518551194,0.0920602928990143,2021,development,1,B,2021-02
False,A,NIO,2021-03-30,2021-04-06,4,37.54999923706055,3.910999870300293,5033345343.278503,0.9927953890489912,0.776978417266187,0.9136690647482014,0.9280575539568344,0.7122302158273381,0.6906474820143885,0.60431654676259,2021-03-31,1.153158344616407,-0.5267198776799871,0.62643846693642,0.8020308893467384,0.5439405967129837,0.2991557677692988,0.0301312931695407,2021-04-07,39.70000076293945,-0.0307305087470429,0.003778279806021,-0.0740554756903376,-0.069773309937805,0.003778279806021,-0.1420654730796242,rolling_daily_cohorts_cooldown_10,1,-0.0881496124627029,-0.1403388513115204,-0.1325941685625596,-0.1477531078829426,-0.0784032251585526,-0.2477241514709702,0.134938244436626,-0.061511003314903,-0.0660384806443474,0.1223337113073721,-0.2032675920632607,-0.4394685709137951,0.8495175495615925,-0.0378186100950648,0.1306445070441906,-0.4162543961483832,-0.0087298668895111,0.8776119301010497,0.1041544593811941,2021,development,1,B,2021-04
False,A,AGNT,2021-05-27,2021-06-01,2,29.807308197021484,2.274665065611605,47237586.98917389,0.9887976101568334,0.7860696517412935,0.9104477611940298,0.8880597014925373,0.8432835820895522,0.6268656716417911,0.126865671641791,2021-05-28,0.2966370082069435,-0.1402994351633668,0.1563375730435767,0.9425296050143552,0.5207868809658412,0.1884037055766409,0.0144127939866989,2021-06-02,30.327044446201104,0.2227898755863988,0.2450388699578094,-0.0646421473145321,0.0535180425397097,0.259470775930017,-0.0646421473145321,rolling_daily_cohorts_cooldown_10,1,0.1426072370470668,0.3988016982237252,-0.0614414304687371,-0.4586851724151786,0.1395403854979213,-0.0918335514098539,-0.0725054806131957,-0.049894839337324,-0.1026181802454291,0.0538614632810314,-0.111225951755706,-0.4789607667505255,1.2075197734228649,-0.1271789606211625,-0.1366786205194178,-0.0705465553547073,-0.0119121928181122,0.9389313310532492,0.0763123275196954,2021,development,0,B,2021-06
False,A+,AR,2021-10-28,2021-11-02,3,20.36000061035156,1.1595001220703127,146278780.6897831,0.98334595003785,0.7117794486215538,0.8345864661654135,0.8345864661654135,0.7744360902255639,0.5263157894736842,0.9097744360902256,2021-11-01,0.551961468107229,-0.0517459763913197,0.5002154917159092,0.8000000000000025,0.7808017208418261,0.5519631130821565,0.0315271586724326,2021-11-03,20.450000762939453,-0.0058680114795337,0.0753055721625974,-0.0444987683844617,-0.0210269090040842,0.0753055721625974,-0.1129584981472135,rolling_daily_cohorts_cooldown_10,1,0.0398366031503982,0.0398366031503982,0.0824030403198909,0.4970588264168334,0.0128849555033194,0.1689460253279873,0.6026007243129503,0.0261109304108826,0.0897589923692545,0.1267166572142488,-0.0621832579940843,-0.0621832579940843,1.3160203882346793,-0.0375691458782042,0.0447623650315667,0.3240840835884613,-0.0139790652544605,0.8911566567709499,0.0569499060565249,2021,development,1,B,2021-11
False,A,PRTA,2021-12-30,2022-01-03,2,47.720001220703125,3.548849678039552,21501704.526901245,0.9900779588944012,0.8732394366197183,0.9788732394366196,0.9014084507042254,0.852112676056338,0.8661971830985915,0.5985915492957746,2021-12-31,0.6579594224353147,-0.2352872508631937,0.422672171572121,0.841954221434436,0.7768137107512564,0.1549795812609274,-0.0110508184046992,2022-01-04,49.150001525878906,-0.1483214789258744,0.0014242053438668,-0.1857578999933097,-0.2469990402330636,0.0014242053438668,-0.2870803697314685,rolling_daily_cohorts_cooldown_10,1,0.013593869259926,0.0566873645248189,0.0229367558376314,-0.3300575744524654,0.0303357673213076,-0.0882358858635076,-0.0147513459573446,-0.0135722983509439,-0.0714712780623837,0.0514439191432047,-0.0748352166212521,-0.3579117139847562,0.7924917314548344,-0.3324599458786135,0.2813407267773848,0.2004424208582105,-0.0200726543807842,0.8042079428999706,0.0743681807891467,2022,development,1,B,2022-01
False,A+,PTEN,2022-03-30,2022-04-01,2,13.397497177124023,0.8049795249214876,77252041.01883411,0.9781690140845072,0.7112676056338028,0.8380281690140845,0.7816901408450704,0.6690140845070423,0.6830985915492958,0.7887323943661971,2022-03-31,0.6475997932744924,-0.1834874174792563,0.464112375795236,0.8545456437039348,0.5067469269399449,0.5072856378904832,0.0305591848850188,2022-04-04,14.11863485883977,0.0006153776113528,0.0264615572415864,-0.075076885317444,0.1064614418168479,0.1341537947455031,-0.075076885317444,rolling_daily_cohorts_cooldown_10,1,0.0058707742300556,0.0547193272521067,0.0496935979520045,0.8128590025767661,0.0049857387903646,0.1712231713677969,0.5887848437137673,0.0256900098675314,0.0903331779987255,0.0664434812903396,-0.0977180258596841,-0.0977180258596841,0.5990925148035456,-0.230348664808099,0.2496676214131048,-0.0219365325243408,0.0182887191383434,0.3333333333333299,0.0600843212936797,2022,development,1,B,2022-04
False,A,RRC,2022-03-30,2022-04-01,2,29.450891494750977,1.5728257574121671,156649395.3563881,0.98943661971831,0.732394366197183,0.852112676056338,0.8943661971830986,0.5563380281690141,0.7464788732394366,0.8098591549295775,2022-03-31,1.000611763811086,-0.4758993859146657,0.5247123778964203,0.8823525451873137,0.6122328972933766,0.9151921074991126,0.0499168065917969,2022-04-04,30.583251130925166,0.0229055473211268,0.0376529934449882,-0.0411045666529429,0.0655786534464373,0.0859740530152453,-0.0411045666529429,rolling_daily_cohorts_cooldown_10,1,0.0806338393869687,0.2035294908101261,0.2183403884234238,0.6144134406364328,0.1118558247567491,0.3169751719286111,0.5453677569835442,0.0660834557591485,0.0818863760102579,0.0706512695777177,-0.0427324532051645,-0.0427324532051645,0.5772623974614042,0.0698067970996758,-0.1650831588674208,0.0697997678841258,0.0216759030022037,0.0999997456868481,0.0534050304620656,2022,development,1,B,2022-04
False,A+,ENPH,2022-09-29,2022-10-03,2,277.8399963378906,17.357496643066405,1191929798.707428,0.9884643114635904,0.8729016786570742,0.9712230215827338,0.8848920863309353,0.7553956834532374,0.9784172661870504,0.5035971223021583,2022-09-30,0.5121714744498418,-0.0069149162021339,0.5052565582477079,0.7419936675284934,0.7741911069063387,0.4073154644373666,0.0252914666613972,2022-10-04,296.0,-0.1277702950142525,0.0057769981590476,-0.1676351186391469,-0.1814527253846865,0.0057769981590476,-0.2074999938140044,rolling_daily_cohorts_cooldown_10,1,-0.0204139493186348,-0.110000631506052,-0.0300237607534402,0.4230689844332063,-0.0702888409975875,-0.0325703349791658,0.3755643552662207,-0.0059970359990609,0.0664407996116887,0.0302921870452936,-0.1446866165800339,-0.1446866165800339,0.9013686534216336,-0.1270993377483443,0.0852641368402511,-0.1233099968464206,-0.0161814889187289,0.2430874057093836,0.0624729947878251,2022,development,0,B,2022-10
False,A,TE,2022-09-29,2022-10-03,2,13.710000038146973,1.2940498352050782,67740800.98563194,0.9120403749098774,0.6906474820143884,0.8165467625899281,0.1223021582733813,0.9856115107913668,0.9640287769784172,0.3669064748201439,2022-09-30,0.8345891281187781,-0.1390984336760533,0.6954906944427248,0.8054296455609679,0.4762167976971516,0.3245625205982771,0.0295983149199361,2022-10-04,15.25,-0.0681967188100345,0.110819707151319,-0.0852459141465483,-0.1265573970607069,0.110819707151319,-0.1416393342565317,rolling_daily_cohorts_cooldown_10,1,-0.108002593348863,-0.0564349421812783,-0.0372190829698008,1.0043859257751393,0.0115468404335605,0.1455548204032679,0.3817917996677045,0.0177592570664335,0.1143804264769123,0.0231294329322711,-0.1727009641824292,-0.1727009641824292,0.5277502583050934,0.0329142342051218,0.8524885000735156,0.0723488117965703,-0.0095433089703241,0.1987951530360167,0.0943872962512391,2022,development,1,B,2022-10
False,A,CF,2022-10-28,2022-11-01,2,96.75562286376952,4.466065546767622,249482275.8771133,0.9902912621359224,0.7114427860696517,0.8507462686567164,0.9029850746268656,0.7164179104477612,0.5149253731343284,0.6716417910447762,2022-10-31,0.86510707724067,-0.4304976335659911,0.4346094436746789,0.793511187530096,0.7596523000138773,0.0409998030182057,-0.0018518235948351,2022-11-02,97.04861234052554,0.0249998734614949,0.0451884972507177,-0.0996227546423789,0.0125238858763612,0.0607544813678795,-0.0996227546423789,rolling_daily_cohorts_cooldown_10,1,-0.0157399917220029,0.0779274205879798,0.0979739785609439,0.1234069101739743,0.0177293572993622,0.0213253096199175,0.1296274701221733,0.0246899078048334,0.0039236071061854,0.0391862007907859,-0.0316135669026612,-0.1163880022140193,1.156092181735035,-0.0926202926999303,-0.0401388076559574,0.2716432477456893,0.0003740025562737,0.2638684586788651,0.0461582016071125,2022,development,1,B,2022-11
False,A,HLX,2023-02-27,2023-03-01,2,8.369999885559082,0.4240000247955322,17052839.35705185,0.9864960909737028,0.8416075650118203,0.9574468085106383,0.8652482269503546,0.7872340425531915,0.8723404255319149,0.8368794326241135,2023-02-28,0.778301661338799,-0.5424517188347855,0.2358499425040134,0.8333328035146055,0.5880079375179702,0.5424539680665322,0.0279126823178823,2023-03-02,8.319999694824219,0.0192307515962582,0.0625000573121605,-0.0144230636971937,-0.1177884108392426,0.0625000573121605,-0.135817269116815,rolling_daily_cohorts_cooldown_10,1,0.0984251983285919,0.0170109782636405,0.0758354318560188,0.3306836146773662,0.051177389104571,0.1087561176426468,0.5805872742531306,0.0145250638090566,0.0537409271712812,0.0684058130055929,-0.0862445387568667,-0.0862445387568667,0.7912536470632597,0.4562046031948039,0.1854255853130904,0.0947694396131167,-0.0036540478479659,0.5789478967723154,0.050657112376676,2023,validation,0,B,2023-03
False,A+,SMCI,2023-02-27,2023-03-01,2,10.11299991607666,0.5226998805999757,134274495.019269,0.9779673063255152,0.8605200945626477,0.9716312056737588,0.7801418439716312,0.8085106382978723,0.9929078014184396,0.8581560283687943,2023-02-28,0.3577584032419459,-0.1913151029515104,0.1664433002904355,0.7612610000279199,0.7046141282155982,0.5433317542147003,0.0286405236552769,2023-03-02,10.005999565124512,0.0228862783835115,0.0359784755144632,-0.0495701936637555,-0.0830501109840201,0.0423746510572622,-0.1280231100668496,rolling_daily_cohorts_cooldown_10,1,0.0994781437711214,0.1234170272078984,0.3611036540680468,0.1086384788047392,0.1554742996620901,0.2167010320416131,0.5198822227291755,0.0532190120357543,0.0148147592355882,0.0703372456553244,0.0281617996248517,0.0281617996248517,1.235508370763577,0.0008983258472845,0.0112201809102772,0.5897035524703961,0.0071311832653861,0.460227436927434,0.0516859374011304,2023,validation,1,B,2023-03
False,A+,SPOT,2023-10-30,2023-11-01,2,162.6699981689453,7.096000671386719,346894492.00546265,0.9657483246463142,0.7407407407407407,0.9185185185185184,0.6592592592592592,0.6370370370370371,0.925925925925926,0.7851851851851852,2023-10-31,0.4086821985470176,0.2903040253223623,0.6989862238693799,0.9364731732536764,0.6273088994657244,0.3706319946413615,0.015939423532197,2023-11-02,170.5,-0.0031084972392778,0.002932551319648,-0.0332551212254856,0.0191202023861345,0.0360703454339259,-0.0332551212254856,rolling_daily_cohorts_cooldown_10,1,0.0521311527506334,0.0287756336470013,0.0288406649863437,0.0784274868620042,0.0341550090608382,0.0553064223308081,0.1498213513484068,0.013028546895945,0.0277964518155113,0.0574960651394591,-0.0621504696971176,-0.0621504696971176,0.8997045067880783,0.7512392576622744,0.2544826645979907,0.1002587574590798,0.0116096063625175,0.6460166833770504,0.0436220615433767,2023,validation,1,B,2023-11
False,A,EH,2023-11-29,2023-12-01,2,17.65999984741211,1.309049940109253,19058897.70437717,0.9970760233918128,0.6958637469586375,0.8248175182481752,0.9708029197080292,0.9562043795620438,0.1605839416058394,0.0875912408759124,2023-11-30,0.5729345970845124,-0.1069473252004069,0.4659872718841055,0.9225361288078132,0.5032713029538464,0.5576559914707322,0.0416191279437216,2023-12-04,17.8700008392334,-0.0783436743217839,0.0243424423902289,-0.1208730106125214,-0.0151091463393157,0.0268606334467815,-0.1208730106125214,rolling_daily_cohorts_cooldown_10,1,0.147498340055219,0.2498230505577645,0.2732516217104681,-0.0500269121862442,0.1631429757507216,0.0852665420809632,0.2183280315255811,0.0666151499302343,-0.0057191346742859,0.0148780615082504,-0.1071790073629633,-0.3149728713327654,0.7809273364052388,0.1441860832415316,0.275147521834574,0.1322538231008872,-0.0036745248098508,0.0478723943907749,0.0741251388119961,2023,validation,1,B,2023-12
False,A,GRPN,2024-02-28,2024-03-01,2,18.3700008392334,0.924000072479248,12166545.138392448,0.9453551912568308,0.6893424036281178,0.8163265306122449,0.4557823129251701,0.6462585034013606,0.9659863945578232,0.9183673469387756,2024-02-29,0.5844144651740151,0.0108227576811803,0.5952372228551954,0.9054057885471412,0.6470150628928671,0.0865799972194822,0.0042462804170979,2024-03-04,18.950000762939453,0.0015830489756782,0.0300791383575544,-0.0649077255970604,-0.3356200714666896,0.0321899038756718,-0.3503957823742474,rolling_daily_cohorts_cooldown_10,1,0.0378531100234076,0.1249235104138548,0.3350291085515613,0.7248827696923905,0.1033033473882396,0.294920468784456,0.7278516937398036,0.0789618628322419,0.0977651930802014,0.1387487563802039,-0.0331578505666632,-0.0331578505666632,0.6356854742388359,-0.3074754809956388,-0.1167719236202229,0.3875606576621462,-0.0021810749833445,0.9531268626469204,0.0502994028451991,2024,validation,1,B,2024-03
False,B,SYM,2024-02-28,2024-03-01,2,39.5099983215332,3.5339998245239257,96045672.76611328,0.9836065573770492,0.7142857142857142,0.8503401360544217,0.8367346938775511,0.9455782312925172,0.3605442176870748,0.1700680272108843,2024-02-29,0.3027740697937435,0.0990374905206009,0.4018115603143444,0.7328524330086017,0.7985670837138779,0.3367285471977329,0.0299446043394051,2024-03-04,40.90999984741211,0.0906868515842183,0.1500855392947855,-0.0268882541731585,0.108775379602475,0.17061842014839,-0.0268882541731585,rolling_daily_cohorts_cooldown_10,1,-0.0337491095307912,-0.0962946656363843,-0.1040816397143733,-0.3210173697547009,-0.0869912166935338,-0.1316884613682301,-0.0555755149864961,-0.0107215898895483,-0.0405360126614438,0.0388059248780972,-0.2431034914929694,-0.3255377759208606,0.4264167339085097,-0.0232050861434511,0.4496503676281556,-0.0884577529106112,-0.0103093266160705,0.0898635239985221,0.0894457093053803,2024,validation,1,B,2024-03
False,A+,COHR,2024-09-27,2024-10-02,3,89.83000183105469,4.016498947143554,215400370.6119537,0.9718402095612312,0.7320261437908496,0.803921568627451,0.7189542483660131,0.6274509803921569,0.8496732026143791,0.6274509803921569,2024-10-01,0.4730491781231875,-0.0672237876852821,0.4058253904379054,0.805439217013235,0.7939906017748829,0.6423509292563186,0.0290279242887292,2024-10-03,90.91999816894533,0.0854597935431418,0.0929388995579951,-0.0035195743650325,0.1117466329380063,0.1713594604578003,-0.0035195743650325,rolling_daily_cohorts_cooldown_10,1,0.0322914881221405,0.1519620154397885,0.1558157542478999,0.2397185062938294,0.1259784929483651,0.212068082442558,0.4494648104921199,0.0364069804881086,0.0248577728473242,0.073607788396613,-0.0572987620108518,-0.0572987620108518,0.9228556028756444,-0.0240876965238713,0.0409868777189912,0.6870725060162305,0.0078987596991628,0.4391890672804551,0.0447122215882559,2024,validation,1,B,2024-10
False,A,EWTX,2024-10-30,2024-11-01,2,33.31999969482422,1.5834001541137703,30827712.78698921,0.9865319865319864,0.8210290827740492,0.9328859060402684,0.8657718120805369,0.610738255033557,0.9865771812080536,0.8993288590604027,2024-10-31,0.4862955556516548,-0.0568398028470975,0.4294557528045573,0.8137723121007701,0.4679351508053631,0.1831507435274044,0.0086028158826299,2024-11-04,33.939998626708984,0.0718916482066707,0.0987036660096409,-0.0256334403973759,-0.0736593457220708,0.1231585290014225,-0.0754272118304624,rolling_daily_cohorts_cooldown_10,1,-0.0428038385430815,-0.0488152767359867,0.2223037202883746,0.989253713123834,0.0255778864549227,0.2935234420767021,0.6900343863548646,0.0622353729532154,0.1530947929981923,0.129332428720921,-0.0911074786276537,-0.0911074786276537,0.5375739846962623,-0.3471595653612449,-0.1945900217837277,0.2890011606472315,-0.0113207367492423,0.1020393069703893,0.0475210134638665,2024,validation,1,B,2024-11
False,A+,LUMN,2024-12-30,2025-01-02,2,5.400000095367432,0.3690000295639038,84037035.21310806,0.9897567221510885,0.751592356687898,0.8535031847133758,0.8980891719745223,0.732484076433121,0.6242038216560509,0.8535031847133758,2024-12-31,0.2710024298663376,0.2981033189737302,0.5691057488400678,0.8064517617598063,0.7567587127724311,0.5420061519741929,0.036968630636462,2025-01-03,5.670000076293945,-0.0476190436143684,0.0388006679420449,-0.0670194196345224,-0.0017637087737699,0.0388006679420449,-0.09347446255323,rolling_daily_cohorts_cooldown_10,1,-0.0878378334839559,-0.1705069269567536,-0.2643051794129004,-0.2394365960703648,-0.1297340660328864,-0.2352791099864091,0.3405158723034698,-0.0731889486083213,-0.0136607425288893,0.1282805353703371,-0.282868533212847,-0.4772507129477216,0.8347512451037734,-0.3585795478043045,-0.104893194218301,-0.5877510146931105,-0.0200363681718045,0.6428577510673481,0.0683333376013201,2025,validation,1,B,2025-01
False,A+,SEI,2024-12-30,2025-01-02,2,27.92428398132324,2.076413584666116,23664929.42461013,0.9788732394366196,0.8343949044585988,0.9363057324840764,0.7898089171974523,0.7898089171974523,0.9235668789808916,0.929936305732484,2024-12-31,0.5428430165119673,-0.0896862543513581,0.4531567621606092,0.932990141763158,0.7421063943321543,0.2643412046323961,0.019383917795847,2025-01-03,29.20827507155678,-0.0389262577175013,0.0768455686729501,-0.0604027604288766,0.0510067211808975,0.106375900955955,-0.0604027604288766,rolling_daily_cohorts_cooldown_10,1,0.060290180532329,0.0164108751848877,0.1606782376938089,1.2422193187775492,0.0327853949238838,0.3381004293760667,1.177872935150221,0.0463308561486661,0.1565239527649968,0.1782686353672626,-0.1263417449716489,-0.1263417449716489,0.4930750505458455,-0.4158391009205295,0.4618455922068061,0.2202144904439768,-0.0056758228532485,0.5333332122317442,0.0743587046333899,2025,validation,1,B,2025-01
False,A+,APP,2024-12-30,2025-01-03,3,335.3800048828125,25.53915252685547,2090520287.5299072,0.9967989756722152,0.7346072186836518,0.8471337579617835,0.9681528662420382,0.8152866242038217,0.4203821656050955,0.9681528662420382,2025-01-02,0.2751847232107803,0.322720355965784,0.5979050791765644,0.9016169365511412,0.7332706804238337,0.359447819035033,0.0268837456964423,2025-01-06,358.8800048828125,-0.1203745308160526,0.009947635074806,-0.1443714083086588,-0.0570942653689099,0.009947635074806,-0.1443714083086588,rolling_daily_cohorts_cooldown_10,1,-0.0164520528819821,0.0336240750179195,-0.0040682854259465,1.568977380642786,-0.0239913267214312,0.1949234668573483,1.458085856311762,0.0082079948280309,0.1588122512235981,0.2621121693341455,-0.1969542853434956,-0.1969542853434956,0.3791604068909376,-0.6552711172293295,0.0373263543736686,0.1525179189527257,-0.0192141366572304,0.6344363195379147,0.0761498961030169,2025,validation,1,B,2025-01
False,A+,CADL,2025-01-30,2025-02-03,2,6.960000038146973,0.6691500186920165,10294204.552543163,0.995504174694926,0.7585470085470084,0.8846153846153846,0.9551282051282052,0.8205128205128205,0.5,0.5,2025-01-31,0.3437196632274866,-0.0597772707698865,0.2839423924576,0.7551021599760219,0.5440351305196389,0.5529401109220897,0.0545722528184908,2025-02-04,7.179999828338623,0.2075209308605363,0.2281337117835429,0.0,0.3259053879345983,0.4261838462310372,0.0,rolling_daily_cohorts_cooldown_10,1,-0.0141642925556736,-0.1299999952316284,-0.1245282760842827,0.2631578491893076,-0.0901366067237467,0.0359301062818679,0.0356526436218234,-0.0599115179637073,0.0629687039687418,0.0711593176372038,-0.2595744339790519,-0.5232876810756402,0.504620029275433,-0.4414643815564771,-0.6648219997189133,0.1384560258599658,0.0542168886676415,0.5833332229544025,0.0961422435380001,2025,validation,1,B,2025-02
False,A,CRDO,2025-06-27,2025-07-03,4,93.48999786376952,5.480749702453613,568021932.5107956,0.9508400746733044,0.7246376811594202,0.8198757763975155,0.5093167701863354,0.6770186335403726,0.9875776397515528,0.782608695652174,2025-06-30,0.273138115991517,-0.251242800004304,0.0218953159872129,0.8935643050170812,0.4416307456574431,0.5491953290410171,0.0332229821956371,2025-07-07,91.25,0.0796711960883989,0.0973150383936214,-0.0208219345301797,0.024328780500856,0.1435616271136557,-0.0208219345301797,rolling_daily_cohorts_cooldown_10,1,0.0933223661347324,0.2576002484428192,0.4646717089436867,1.2033937589287556,0.1953332169630151,0.5087841365565862,0.7211098432357743,0.1017629599314888,0.1822039196533098,0.094051451947591,-0.0231950814119619,-0.0231950814119619,0.8443686490701434,-0.1917868350523615,0.4279155265703804,0.2713665251637916,-0.0074698231569814,0.5137608899548728,0.0586239151533619,2025,validation,1,B,2025-07
False,A+,OPEN,2025-12-30,2026-01-02,2,5.840000152587891,0.4499000549316406,399148133.69582415,0.9918840579710144,0.791907514450867,0.953757225433526,0.9190751445086706,0.8092485549132948,0.6473988439306358,0.8728323699421965,2025-12-31,0.3556342028818385,0.155590493697568,0.5112246965794065,0.7333337571883156,0.6423013775068883,0.3334075951384873,0.0253378536206598,2026-01-05,6.059999942779541,0.2029703020936535,0.3069307179995248,-0.0112210957796684,0.1006600889891453,0.3069307179995248,-0.0112210957796684,rolling_daily_cohorts_cooldown_10,1,-0.0903426661703202,-0.0973724355538345,-0.1820727924659727,-0.2672521572993092,-0.1174247960084413,-0.1837875398200013,0.4810231619422183,-0.055793373476744,-0.0458473332923832,0.1548725708587461,-0.2483912269081479,-0.3973167796198313,0.709438810351287,-0.3561489115811904,-0.4563706827757695,-0.0505661682370242,-0.011149238091094,0.909091106130818,0.0770376786261342,2026,validation,1,B,2026-01
False,A,PVLA,2026-04-29,2026-05-04,3,122.44000244140624,7.708250045776367,28549189.817695618,0.9854988399071926,0.7572254335260115,0.869942196531792,0.8554913294797688,0.653179190751445,0.7630057803468208,0.8497109826589595,2026-04-30,1.0832537599505925,-0.4125440478573583,0.6707097120932343,0.8042588395696296,0.5815646648722588,0.6253040140369179,0.0392540081349142,2026-05-05,130.0,-0.0608461820162259,0.0190000093900239,-0.1456923264723556,-0.1919230534480169,0.0190000093900239,-0.202999995304988,rolling_daily_cohorts_cooldown_10,1,-0.0627678887519341,-0.0481225391155478,-0.0177296354385831,0.5555838377027795,-0.0297439800908252,-0.0036163910067328,0.4427306104977588,0.0169227205507283,0.0828803854897473,0.1376173280153729,-0.1168493726165709,-0.1901044557927083,0.6521643206989366,-0.1780435070379031,-0.2736916322148511,-0.0238273838415037,-0.0124642720406128,0.4865499622545829,0.0629553241757338,2026,validation,1,B,2026-05
