appendix_ref,source_signal_id,source,source_grade,base_retest_grade,ticker,formation_date,event_date,event_day,entry_date,entry_open,formation_close,atr_abs20,rank_pct,swing_score,swing_rank_pct,mom12_1_pct,atr_pct20_pct,return_volume_corr20_pct,sma200_slope20_pct,close_vs_level_atr,close_location,event_volume_ratio,pullback_from_peak_atr,event_body_atr,event_body_return,r5,mfe5,mae5,r10,mfe10,mae10
S0001,MTR-v2:weekly:QNST:2019-01-17,weekly,A+,A,QNST,2019-01-11,2019-01-17,4,2019-01-18,18.799999237060547,18.36000061035156,0.9409998416900638,0.9757847533632288,0.7678571428571429,0.8973214285714286,0.7589285714285714,0.7053571428571429,0.8392857142857143,0.3482142857142857,0.361317970019255,0.8205141999188157,0.4725126322018724,0.0106272375815443,0.2550496480804361,0.013001174992943,0.0127660472450275,0.0202128235923615,-0.0590424865983389,0.0489361762568767,0.0542553456998518,-0.0590424865983389
S0002,MTR-v2:monthly:UPBD:2019-02-04,monthly,A+,A+,UPBD,2019-01-31,2019-02-04,2,2019-02-05,12.197346781250465,12.26744270324707,0.3978153872644306,0.9641214351425944,0.7064220183486238,0.8256880733944955,0.6422018348623854,0.5321100917431193,0.944954128440367,0.8623853211009175,0.6872230629777581,0.8933334350585941,0.7057522247323892,0.264309809818225,1.1806175939965202,0.038908252207324,-0.012643788666017,0.030459810245115,-0.0166670020232153,0.0327584031141054,0.0614939199519921,-0.0166670020232153
S0003,MTR-v2:monthly:CDNA:2019-05-02,monthly,A+,A+,CDNA,2019-04-30,2019-05-02,2,2019-05-03,28.63999938964844,27.209999084472656,1.8511997222900387,0.9954254345837146,0.7000000000000001,0.8090909090909091,0.9545454545454546,0.990909090909091,0.1545454545454545,0.8454545454545455,0.6320226079369702,0.8414632160701142,0.6500732064421669,0.3457214161942084,0.7238539575738506,0.0495561464448688,0.1487430945187167,0.2011173973108513,-0.0223463478801525,0.2053073042396949,0.2280027555327761,-0.0223463478801525
S0004,MTR-v2:weekly:ROKU:2019-05-14,weekly,A+,A,ROKU,2019-05-10,2019-05-14,2,2019-05-15,82.6500015258789,82.75,3.684449577331544,0.9481216457960644,0.75,0.8928571428571429,0.4821428571428571,0.7857142857142857,0.9821428571428572,0.3839285714285714,0.0217133738365958,0.8494630712814918,0.7991196860102017,-0.5618206061387906,0.5889612880838853,0.0269030259164826,0.0602540306787502,0.0604960666387215,-0.0247307765338844,0.1107078204107945,0.160919481873196,-0.0247307765338844
S0005,MTR-v2:monthly:ROKU:2019-06-04,monthly,A+,A+,ROKU,2019-05-31,2019-06-04,2,2019-06-05,97.3000030517578,90.4000015258789,4.985049057006835,0.96094459582198,0.8258258258258259,0.9369369369369368,0.6126126126126126,0.90990990990991,0.954954954954955,0.8018018018018018,0.6419188480691816,0.9602640474133356,0.4900634437178252,0.2206595083703276,0.5215592553631171,0.0285714118035285,0.0298046639828137,0.0691674770447758,-0.0083248218148298,0.072867380426691,0.0906474760348416,-0.0083248218148298
S0006,MTR-v2:monthly:SE:2019-06-04,monthly,A+,A+,SE,2019-05-31,2019-06-04,2,2019-06-05,28.950000762939453,28.440000534057617,1.5632505416870113,0.9682107175295186,0.8528528528528528,0.954954954954955,0.6846846846846847,0.9009009009009008,0.972972972972973,0.927927927927928,0.185510255998858,0.9782603888223904,0.7489096809154262,-0.1644010109889842,0.3454334374296527,0.019155693435561,0.0531951284143021,0.0742659606863502,-0.0290155485475228,0.0797927255635706,0.1205526000620103,-0.0290155485475228
S0007,MTR-v2:monthly:UPBD:2019-06-04,monthly,A+,A+,UPBD,2019-05-31,2019-06-04,2,2019-06-05,17.279568943018404,16.725784301757812,0.6203823787980711,0.9927338782924614,0.7267267267267267,0.8378378378378378,0.927927927927928,0.5315315315315315,0.7207207207207207,0.7747747747747747,0.7457594492198729,0.7954544469345936,0.7953352842030118,0.2711906127102361,0.2937854433139505,0.0107172393416674,-0.0004056133236083,0.0077079325354141,-0.0507098146823382,0.0466534276344416,0.0738339662819413,-0.0507098146823382
S0008,MTR-v2:lm2:ENPH:2019-07-02,lm2,A+,A,ENPH,2019-06-27,2019-07-02,3,2019-07-03,18.670000076293945,17.920000076293945,0.8590000152587891,0.9928698752228164,0.7050147492625368,0.8407079646017699,0.9292035398230089,0.8849557522123894,0.3008849557522124,0.991150442477876,0.7450516627239246,0.8571424678884584,0.5764416863626308,-0.3725258313619623,0.3608841215782632,0.016986272106432,0.0653454369774522,0.1071237274679757,-0.0058918377023058,0.0814140573943369,0.1071237274679757,-0.0058918377023058
S0009,MTR-v2:weekly:ENPH:2019-07-02,weekly,A+,A,ENPH,2019-06-28,2019-07-02,2,2019-07-03,18.670000076293945,18.229999542236328,0.8305000782012939,0.9903169014084507,0.7485380116959064,0.868421052631579,0.9035087719298246,0.8596491228070176,0.4824561403508772,0.9912280701754386,0.3973508640971739,0.8571424678884584,0.564096794270162,-0.3853096504425112,0.3732684367878484,0.016986272106432,0.0653454369774522,0.1071237274679757,-0.0058918377023058,0.0814140573943369,0.1071237274679757,-0.0058918377023058
S0010,MTR-v2:monthly:ZS:2019-07-02,monthly,A+,A+,ZS,2019-06-28,2019-07-02,2,2019-07-03,79.16000366210938,76.63999938964844,3.2745986938476563,0.9850352112676056,0.7163742690058479,0.8421052631578947,0.8508771929824561,0.7807017543859649,0.5175438596491229,0.8333333333333334,0.7084836682989747,0.7834393511611747,0.7090530603479628,0.1710125761809769,0.6504605457211675,0.0277235090804985,0.0521727774425915,0.0800909050604974,-0.0083375900906544,0.0358766574849214,0.0800909050604974,-0.0083375900906544
S0011,MTR-v2:weekly:GFI:2019-12-10,weekly,A+,B,GFI,2019-12-06,2019-12-10,2,2019-12-11,4.850636375240718,4.736119270324707,0.1746392741484368,0.9653641207815276,0.728613569321534,0.8938053097345132,0.6548672566371682,0.7256637168141593,0.8053097345132744,0.168141592920354,0.1873499452331438,0.7272711509534601,0.5295781550871577,-0.0936818694400686,-0.0468394769101912,-0.0017123679144775,-0.0134906347350246,0.0539629911485022,-0.0151769337441221,0.1129847888010433,0.1180438460222557,-0.0185497917457166
S0012,MTR-v2:monthly:ROKU:2020-01-03,monthly,A+,A+,ROKU,2019-12-31,2020-01-03,2,2020-01-06,136.25999450683594,133.89999389648438,6.759398651123047,0.997427101200686,0.8404558404558404,0.9230769230769232,0.9743589743589745,0.8974358974358975,0.6495726495726496,0.8632478632478633,0.5340712682705547,0.7177903772884286,0.5716144484701521,0.0266285042607074,0.443826463690163,0.0223031753959928,-0.0576838465229589,0.0608396365707029,-0.059885430297085,-0.0431527217163394,0.0608396365707029,-0.0730954928563311
S0013,MTR-v2:weekly:SE:2020-01-30,weekly,A+,A,SE,2020-01-24,2020-01-30,4,2020-01-31,45.27999877929688,45.33000183105469,1.342249870300294,0.9921602787456446,0.7913043478260869,0.917391304347826,0.9217391304347826,0.5565217391304348,0.8956521739130435,0.7391304347826086,0.1937033687140794,0.9639631589799986,0.4034135800208247,-0.5215130047156167,0.6481646607945849,0.0194543584109294,0.0097173686675853,0.0492491078258581,-0.0103798016492164,0.0589664764934436,0.0689046561549062,-0.0103798016492164
S0014,MTR-v2:monthly:MGNI:2020-02-04,monthly,A+,A+,MGNI,2020-01-31,2020-02-04,2,2020-02-05,9.829999923706056,9.359999656677246,0.5925000190734863,0.9653379549393414,0.7068965517241379,0.8405172413793104,0.6551724137931034,0.9310344827586208,0.5344827586206896,0.603448275862069,0.506329419539909,0.7083329194126157,0.6161477049630125,0.168775400128734,0.3713084556061803,0.0233051140686466,0.0325533771422015,0.0691760234438954,-0.0264496674363973,0.2970498574727414,0.3214648903293928,-0.0264496674363973
S0015,MTR-v2:weekly:APPS:2020-02-19,weekly,A+,A+,APPS,2020-02-14,2020-02-19,2,2020-02-20,6.849999904632568,6.769999980926514,0.4809999942779541,0.987794245858762,0.7913043478260869,0.9391304347826088,0.8782608695652174,0.9565217391304348,0.5391304347826087,0.6173913043478261,0.1871105065666227,0.7777778955153976,0.745038355465054,-0.0831600048417312,0.3742210131332454,0.0269461541618856,-0.1021897546001038,0.030656940302284,-0.1386861054731787,0.0102190033045164,0.030656940302284,-0.2087591019339332
S0016,MTR-v2:lm2:MRNA:2020-06-02,lm2,A+,A,MRNA,2020-05-28,2020-06-02,3,2020-06-03,57.5099983215332,55.540000915527344,6.970999526977539,0.979557069846678,0.748587570621469,0.8898305084745762,0.7966101694915254,0.9830508474576272,0.4661016949152542,0.9830508474576272,0.6211445000965029,0.9825893776275328,0.700066535209223,-0.5781097213388358,0.167837935495112,0.0199318254469937,0.0125195834066567,0.1018953361394452,-0.0153016393514391,0.1187619234167165,0.1646671067951428,-0.0153016393514391
S0017,MTR-v2:lm2:DQ:2020-08-03,lm2,A+,A+,DQ,2020-07-30,2020-08-03,2,2020-08-04,23.74399948120117,22.194000244140625,1.689599800109863,0.9418907198612316,0.7068965517241379,0.8232758620689655,0.4224137931034483,0.853448275862069,0.8448275862068966,0.7241379310344828,0.6676138688736042,0.7345018205934634,0.7622833931117929,0.1917621629895977,0.6451232726927496,0.0490284335813806,0.0035377205030504,0.0845687909109182,-0.0279649415432654,-0.0363038885846175,0.0845687909109182,-0.0772405523021128
S0018,MTR-v2:lm2:ZM:2020-10-01,lm2,A+,A,ZM,2020-09-29,2020-10-01,2,2020-10-02,485.0050048828125,465.5,40.56180267333984,0.9857142857142858,0.9215686274509804,0.9831932773109244,0.8571428571428571,0.9327731092436976,0.9747899159663864,0.9831932773109244,0.4311936127501229,0.9604901058257094,0.4750318604925963,0.0353780518620016,0.1476756416033761,0.0125576315186057,-0.0133091762453119,0.0463603161311609,-0.0242925595011126,0.1059680189149143,0.1134936389439038,-0.0242925595011126
S0019,MTR-v2:weekly:SE:2020-10-13,weekly,A+,A,SE,2020-10-09,2020-10-13,2,2020-10-14,174.3000030517578,172.1199951171875,7.141950225830078,0.9916736053288926,0.7272727272727274,0.859504132231405,0.9173553719008264,0.371900826446281,0.8925619834710744,0.8842975206611571,0.0392048068725278,0.9885045375506748,0.6476166571233597,-0.4480585982604389,0.3360418121935923,0.0141176111557903,-0.0426276982471652,0.0149167573104087,-0.0714859810425088,-0.0115318974780977,0.0149167573104087,-0.0889845639361196
S0020,MTR-v2:monthly:DKNG:2020-11-03,monthly,A+,A+,DKNG,2020-10-30,2020-11-03,2,2020-11-04,39.43000030517578,35.400001525878906,3.321250152587892,0.9930615784908932,0.7011494252873564,0.8362068965517241,0.9310344827586208,0.913793103448276,0.2586206896551724,0.8189655172413793,0.6232591944967744,0.8489596992744121,0.5624470218528397,0.2408740730156854,0.3432440609028377,0.031379007216949,0.0235861095099638,0.1283287175787015,-0.0278975010298618,0.1820948579661385,0.1876743968705356,-0.0278975010298618
S0021,MTR-v2:monthly:MRNA:2020-11-03,monthly,A+,A+,MRNA,2020-10-30,2020-11-03,2,2020-11-04,68.97000122070312,67.47000122070312,3.600950241088867,0.9826539462272332,0.7155172413793104,0.875,0.8275862068965517,0.4568965517241379,0.8620689655172413,0.6551724137931034,0.4471043759451464,0.9360910019159506,0.6992606114467116,0.1332990807416569,0.6470519376991263,0.0349063944727294,0.1026533522654113,0.1654341863240367,-0.0007394882055778,0.3505872100509335,0.496302669591139,-0.0007394882055778
S0022,MTR-v2:weekly:MRNA:2020-11-03,weekly,A+,A+,MRNA,2020-10-30,2020-11-03,2,2020-11-04,68.97000122070312,67.47000122070312,3.600950241088867,0.9826539462272332,0.7155172413793104,0.875,0.8275862068965517,0.4568965517241379,0.8620689655172413,0.6551724137931034,0.4471043759451464,0.9360910019159506,0.6992606114467116,0.1332990807416569,0.6470519376991263,0.0349063944727294,0.1026533522654113,0.1654341863240367,-0.0007394882055778,0.3505872100509335,0.496302669591139,-0.0007394882055778
S0023,MTR-v2:monthly:NET:2020-11-03,monthly,A+,A+,NET,2020-10-30,2020-11-03,2,2020-11-04,55.0,51.970001220703125,3.18429946899414,0.9462272333044232,0.6925287356321839,0.8060344827586207,0.4655172413793103,0.646551724137931,0.9655172413793104,0.8017241379310345,0.3391634571036664,0.9177209383178656,0.30658889482505,-0.0533875614708683,0.4208147398307268,0.0259137531679103,0.1134545759721235,0.3049090298739347,-0.0127272865988991,0.1992727106267755,0.3049090298739347,-0.0127272865988991
S0024,MTR-v2:monthly:PDD:2020-12-02,monthly,A+,A+,PDD,2020-11-30,2020-12-02,2,2020-12-03,144.8000030517578,138.80999755859375,10.440498733520506,0.9546925566343042,0.7446236559139785,0.8588709677419355,0.5483870967741935,0.7983870967741935,0.8870967741935484,0.8387096774193549,0.5028495413867757,0.9441266741071428,0.7727371054767851,0.2317895179830452,1.138834426699764,0.089959896756979,0.0191298633569145,0.1263812338817189,-0.0158149758056519,0.0046270590802808,0.1263812338817189,-0.0430248314657299
S0025,MTR-v2:monthly:UPWK:2021-01-05,monthly,A+,A+,UPWK,2020-12-31,2021-01-05,2,2021-01-06,34.68000030517578,34.52000045776367,2.26149969100952,0.959375,0.703125,0.8515625,0.59375,0.6484375,0.8671875,0.8671875,0.0574844509738591,0.8750013546523095,0.6145643545448446,-0.2034044427692649,0.6632766769605035,0.0452488666954964,0.228373647613933,0.2315455221636329,-0.0129758004319363,0.1473471904666887,0.2701845112292675,-0.0129758004319363
S0026,MTR-v2:lm2:MRNA:2021-01-06,lm2,A+,A+,MRNA,2020-12-30,2021-01-06,4,2021-01-07,120.0999984741211,111.12999725341795,12.79354934692383,0.9921813917122752,0.7864583333333334,0.921875,0.921875,0.9609375,0.4765625,0.8515625,0.4009837101262303,0.8992484187653255,0.7100854237609213,0.1000503257217404,0.4025467355638271,0.0463504769830693,0.0329725156934614,0.0622814608823276,-0.0716902641110927,0.1072439418572792,0.1407160844345929,-0.0716902641110927
S0027,MTR-v2:monthly:TGTX:2021-01-07,monthly,A+,A+,TGTX,2020-12-31,2021-01-07,4,2021-01-08,55.10699844360352,52.02000045776367,3.4848000526428224,0.93671875,0.6822916666666666,0.8359375,0.3671875,0.6796875,1.0,0.7421875,0.4792235260897688,0.9627480617365256,0.3860531334284524,-0.0430445143517357,0.4218312051766147,0.0281500837158743,-0.0710798977901727,0.0296333184710557,-0.0734388949609404,-0.1031992384865287,0.0296333184710557,-0.1509245243430884
S0028,MTR-v2:weekly:AGNT:2021-01-12,weekly,A+,A,AGNT,2021-01-08,2021-01-12,2,2021-01-13,34.35728304778838,33.90137481689453,2.493912324928055,0.9877206446661552,0.6921119592875318,0.8206106870229007,0.8778625954198473,0.7709923664122137,0.4274809160305343,0.916030534351145,0.2083962534161157,0.7824265311464521,0.6497036260594403,-0.2998128032810578,0.356476170099113,0.0265125338862317,0.2255838392957283,0.2937897741626993,-0.0298567443616502,0.4389596384132892,0.5923565148918226,-0.0298567443616502
S0029,MTR-v2:lm2:MARA:2021-02-01,lm2,A+,A,MARA,2021-01-28,2021-02-01,2,2021-02-02,21.38999938964844,19.89999961853028,3.64650001525879,0.9969348659003832,0.9465648854961832,0.9923664122137404,0.9694656488549618,0.9770992366412212,0.8931297709923665,0.9923664122137404,0.2303579182977935,0.7679556904867534,0.3178153659885439,-0.9433704976451186,0.0438776489078823,0.0077745310012276,0.4992987662423356,0.4992987662423356,-0.050958400359534,1.0364657604605454,1.1159420108930207,-0.050958400359534
S0030,MTR-v2:lm2:RIOT:2021-02-01,lm2,A+,B,RIOT,2021-01-28,2021-02-01,2,2021-02-02,20.559999465942383,19.93000030517578,3.609049844741821,0.9961685823754788,0.9134860050890584,0.9694656488549618,0.9618320610687024,0.9694656488549618,0.8091603053435115,0.9694656488549618,0.0138538505178566,0.7206702362875942,0.393617981042198,-1.3175215839822758,-0.052645583250793,-0.0094199570321731,0.5948444439331793,0.6001946683110437,-0.0457197787512636,1.8939689467678087,1.980009854016393,-0.0457197787512636
S0031,MTR-v2:monthly:DFTX:2021-02-02,monthly,A+,A+,DFTX,2021-01-29,2021-02-02,2,2021-02-03,49.650001525878906,44.25,5.120999908447265,1.0,0.89058524173028,0.9694656488549618,1.0,0.8854961832061069,0.7862595419847328,0.916030534351145,0.5565316393425269,0.733332316080726,0.5046123042452269,0.0585821602077517,0.292911545951348,0.0328947379428374,0.0211480202374869,0.1117824585396587,-0.036253836786281,0.223262814578059,0.3293050950985174,-0.036253836786281
S0032,MTR-v2:lm2:NVAX:2021-03-01,lm2,A+,A,NVAX,2021-02-25,2021-03-01,2,2021-03-02,225.75,221.5,31.375498199462896,0.992603550295858,0.9313725490196078,0.9852941176470588,0.9264705882352942,0.8676470588235294,1.0,0.8088235294117647,0.5988747387110643,0.8554686762702972,0.3787470648627219,0.2183229347046296,0.0653372188685696,0.0086047168640932,-0.3006866218507752,0.0186046376444837,-0.3471096372551564,-0.0367220079119947,0.0186046376444837,-0.3471096372551564
S0033,MTR-v2:lm2:LQDT:2021-06-01,lm2,A+,A+,LQDT,2021-05-27,2021-06-01,2,2021-06-02,25.709999084472656,24.239999771118164,2.08899974822998,0.9439880507841673,0.7686567164179104,0.9029850746268656,0.4402985074626865,0.9104477611940298,0.9552238805970148,0.8955223880597015,0.622307946906493,0.7619052905225935,0.3782880267440837,0.2776457161118023,0.6414553920953219,0.0553719053860528,-0.0085569553165546,0.0606768350385964,-0.0824581488672677,-0.1267988501602884,0.0606768350385964,-0.1481913497322291
S0034,MTR-v2:monthly:TDAY:2021-06-02,monthly,A+,A+,TDAY,2021-05-28,2021-06-02,2,2021-06-03,5.099999904632568,5.130000114440918,0.3299999833106994,0.9586776859504132,0.7512437810945274,0.8731343283582089,0.5895522388059702,0.7089552238805971,0.9552238805970148,0.6194029850746269,0.4242420411087837,0.962962112636009,0.7186762272476558,0.1212120117453667,0.3030300293634169,0.0193423410361439,0.0509804379889626,0.0647058686033112,-0.0176469955752315,0.1313725664358058,0.1411765255867552,-0.0176469955752315
S0035,MTR-v2:weekly:TDAY:2021-06-02,weekly,A+,A+,TDAY,2021-05-28,2021-06-02,2,2021-06-03,5.099999904632568,5.130000114440918,0.3299999833106994,0.9586776859504132,0.7512437810945274,0.8731343283582089,0.5895522388059702,0.7089552238805971,0.9552238805970148,0.6194029850746269,0.4242420411087837,0.962962112636009,0.7186762272476558,0.1212120117453667,0.3030300293634169,0.0193423410361439,0.0509804379889626,0.0647058686033112,-0.0176469955752315,0.1313725664358058,0.1411765255867552,-0.0176469955752315
S0036,MTR-v2:lm2:BBW:2021-07-01,lm2,A+,A,BBW,2021-06-29,2021-07-01,2,2021-07-02,14.652715467115613,13.876249313354492,1.6134688406029636,0.993482983345402,0.8153477218225419,0.8992805755395683,0.935251798561151,0.9784172661870504,0.5323741007194245,0.9856115107913668,0.5226389859719062,0.7678567171092744,0.3838032952856426,0.1138436266401531,0.1655884623112685,0.0184864069726762,-0.0301992387172556,0.0045584004093355,-0.1287748622682618,-0.1310539645329352,0.0598291344140722,-0.1350425518969623
S0037,MTR-v2:lm2:PRTA:2021-08-02,lm2,A+,A+,PRTA,2021-07-29,2021-08-02,2,2021-08-03,52.70000076293945,49.720001220703125,4.939399719238281,0.9713178294573644,0.8217054263565892,0.9224806201550388,0.7131782945736435,0.9534883720930232,0.7984496124031008,0.9612403100775194,0.6114104201774127,0.755627597305426,0.4439822576879815,0.2368712900649813,0.4757667778263468,0.0466362833356397,0.0848196838955137,0.1132826815859209,-0.031593944808787,0.0702087421133668,0.1347248267805352,-0.031593944808787
S0038,MTR-v2:monthly:CLDX:2021-08-03,monthly,A+,A+,CLDX,2021-07-30,2021-08-03,2,2021-08-04,44.20000076293945,43.75,3.305499839782716,0.955984555984556,0.7743589743589743,0.9,0.5615384615384615,0.8538461538461538,0.9076923076923076,0.8153846153846154,0.3448795779470903,0.9125682946200204,0.2733441920515589,0.0,0.3630315598558133,0.0274662577399547,0.0520361809357485,0.0891402388846238,-0.0113122169993091,0.0287330415348892,0.0891402388846238,-0.0502262710946498
S0039,MTR-v2:lm2:OCGN:2021-08-03,lm2,A+,A+,OCGN,2021-07-29,2021-08-03,3,2021-08-04,6.960000038146973,6.820000171661377,0.5828999519348145,0.9976744186046512,0.9431524547803616,0.9844961240310076,0.9767441860465116,0.9224806201550388,0.9302325581395348,0.8914728682170543,0.3945788952461728,0.878049432912476,0.7827027450966824,0.0514671680942333,0.3088013724796303,0.0262009182204132,0.2227011756091217,0.3433908520435969,-0.0258620441597793,0.0316091650841747,0.3433908520435969,-0.0258620441597793
S0040,MTR-v2:monthly:AA:2022-02-02,monthly,A+,A+,AA,2022-01-31,2022-02-02,2,2022-02-03,56.09183892538535,54.006256103515625,3.3504616945488523,0.9963846710050616,0.709832134292566,0.8776978417266187,0.9640287769784172,0.60431654676259,0.5611510791366906,0.8992805755395683,0.7105915545338383,0.8394003652962063,0.7476702284362297,0.2188611512046114,0.2899213189907708,0.0175287932949959,0.2208829072961622,0.2286927389051745,-0.0096774139228804,0.3215621784631841,0.323429761365134,-0.0096774139228804
S0041,MTR-v2:weekly:AA:2022-02-02,weekly,A+,A+,AA,2022-01-28,2022-02-02,3,2022-02-03,56.09183892538535,54.663352966308594,3.301179218662865,0.9963662790697676,0.7246376811594203,0.8768115942028986,0.9637681159420288,0.572463768115942,0.6376811594202898,0.8913043478260869,0.5221506640408223,0.8394003652962063,0.7642725462011573,0.2221284743919267,0.2942494815852826,0.0175287932949959,0.2208829072961622,0.2286927389051745,-0.0096774139228804,0.3215621784631841,0.323429761365134,-0.0096774139228804
S0042,MTR-v2:weekly:DVN:2022-02-02,weekly,A+,A+,DVN,2022-01-28,2022-02-02,3,2022-02-03,42.840700499731234,41.73163604736328,2.1019641708408625,0.9905523255813954,0.7318840579710145,0.8876811594202898,0.9057971014492754,0.391304347826087,0.8985507246376812,0.9855072463768116,0.650883380364461,0.9054734205082476,0.6866070332745213,-0.0038516251005649,0.4313508584674228,0.0214889249718854,-0.0151170126719324,0.0476192456540234,-0.0447844952738855,0.0175737137982141,0.0525321864613617,-0.0542326699177233
S0043,MTR-v2:weekly:BCYC:2022-03-24,weekly,A+,A,BCYC,2022-03-18,2022-03-24,4,2022-03-25,42.5,41.18999862670898,2.584599685668945,0.9784122562674096,0.8287037037037036,0.9513888888888888,0.7847222222222222,0.7569444444444444,0.9444444444444444,0.5138888888888888,0.3482169911531098,0.9022557397361644,0.622548250431508,-0.1276785794671378,0.2011918753402949,0.0125090320322618,0.0324706133674173,0.0705882352941176,-0.0185882568359374,-0.1122353048885569,0.1249412087833179,-0.1171764598173253
S0044,MTR-v2:lm2:OXY:2022-04-01,lm2,A+,A,OXY,2022-03-30,2022-04-01,2,2022-04-04,55.01644293664239,53.86381149291992,3.8276731663084265,0.9619718309859157,0.8145539906103286,0.971830985915493,0.6197183098591549,0.8591549295774648,0.9647887323943662,0.908450704225352,0.1542373532356825,0.9627661409286375,0.3844493965251787,-0.2717504781916376,0.3158170167917913,0.0227032897299512,0.0526314974078101,0.0575710459794891,-0.0614889578392684,0.0453071795357185,0.0732410750265173,-0.0614889578392684
S0045,MTR-v2:lm2:RES:2022-04-01,lm2,A+,A+,RES,2022-03-30,2022-04-01,2,2022-04-04,10.272705868481609,9.73013401031494,0.7989380685074172,0.9429577464788732,0.6830985915492956,0.8028169014084507,0.4295774647887324,0.9225352112676056,0.6971830985915493,0.9014084507042254,0.3282386051394848,0.8524589138754771,0.5392960324922128,-0.2150538434674197,0.3848331653603064,0.0317460458801936,0.031690240603144,0.068662081037657,-0.0906689041589682,0.098591485693587,0.1364436244306937,-0.0906689041589682
S0046,MTR-v2:lm2:SD:2022-04-01,lm2,A+,A+,SD,2022-03-30,2022-04-01,2,2022-04-04,11.921563906361778,11.310744285583496,0.9057019619963108,0.9964788732394366,0.7652582159624414,0.9190140845070424,0.9647887323943662,0.9014084507042254,0.4295774647887324,0.9225352112676056,0.5116293152332484,0.9528308846683288,0.5607135594840842,0.0155056465995524,0.7441862108907641,0.0607210634198229,0.025324107573341,0.0415196125086543,-0.0594227900653761,0.1654892018794438,0.2073030587776472,-0.0594227900653761
S0047,MTR-v2:lm2:AMR:2022-08-01,lm2,A+,B,AMR,2022-07-28,2022-08-01,2,2022-08-02,127.87693863181762,128.6383514404297,9.220063396636949,1.0,0.7268170426065163,0.8947368421052632,1.0,0.9774436090225564,0.2030075187969924,0.9924812030075189,0.0258090216078649,0.7109097567471573,0.6413832986744993,-0.2643584975223095,-0.0836126817937089,-0.0059462454216353,0.0515779165189282,0.0568622778775622,-0.0621463651730829,0.1207204525730702,0.1393644610359325,-0.0621463651730829
S0048,MTR-v2:lm2:TMDX:2022-09-01,lm2,A+,A,TMDX,2022-08-30,2022-09-01,2,2022-09-02,52.65999984741211,51.43000030517578,3.747150421142578,0.9238165680473372,0.7083333333333334,0.8161764705882353,0.2426470588235294,0.9558823529411764,0.9264705882352942,0.9411764705882352,0.1280972174290156,0.912547738088504,0.7510661953834155,-0.4003041862254948,0.0213490272250743,0.001543469294448,0.0138625055896615,0.0634257531763367,-0.0488036403773464,-0.050892523982935,0.0712115459716296,-0.0753133234858218
S0049,MTR-v2:monthly:SGML:2022-09-07,monthly,A+,A+,SGML,2022-08-31,2022-09-07,4,2022-09-08,23.979999542236328,23.09000015258789,1.6846997261047352,0.9903917220990393,0.926470588235294,0.9852941176470588,0.9044117647058824,0.9705882352941176,0.9044117647058824,0.9852941176470588,0.296788794022108,0.761061767654776,0.5334644667898869,-0.2314948970462359,0.3442749557792671,0.0252064284196764,0.2039199912570573,0.2197664953446534,-0.0229357484386864,0.1296914374361797,0.2301918500057189,-0.0229357484386864
S0050,MTR-v2:monthly:RYTM:2022-10-04,monthly,A+,A+,RYTM,2022-09-30,2022-10-04,2,2022-10-05,24.729999542236328,24.5,3.0013500213623048,0.9755219582433404,0.7697841726618705,0.8776978417266187,0.7553956834532374,0.9928057553956836,0.5611510791366906,1.0,0.1132824063064678,0.7435899003409998,0.5651025369803233,-0.1932463456704041,0.2798741055222266,0.0350000063578288,-0.0477153387391076,0.0788516295606496,-0.08127781100234,-0.0432672751569108,0.0788516295606496,-0.111200972539578
S0051,MTR-v2:monthly:WFRD:2023-03-02,monthly,A+,A+,WFRD,2023-02-28,2023-03-02,2,2023-03-03,65.12543917050809,64.59217071533203,2.970008206908653,0.9865913902611152,0.7816901408450705,0.8943661971830986,0.8661971830985915,0.7253521126760564,0.7535211267605634,0.9014084507042254,0.5157918837955601,0.7326196226907803,0.5817665000265624,-0.1436351250425314,0.4472358785040798,0.020499701925055,-0.064909989726635,0.0448113188216858,-0.0677386695706397,-0.1877326899737521,0.0448113188216858,-0.2338842745931463
S0052,MTR-v2:lm2:PTGX:2023-05-01,lm2,A+,A+,PTGX,2023-04-27,2023-05-01,2,2023-05-02,23.459999084472656,22.670000076293945,1.301649856567384,0.9910044977511244,0.7164179104477612,0.8470149253731343,0.9104477611940298,0.9029850746268656,0.3358208955223881,0.9701492537313432,0.6760644241818389,0.8520170857417535,0.569384905170174,0.3994918816234815,0.7298420929389475,0.0420353468829914,0.0626599010260007,0.1116794945216976,-0.0225915942020501,0.106990636267463,0.1172208059385699,-0.0225915942020501
S0053,MTR-v2:monthly:AXSM:2023-06-02,monthly,A+,A+,AXSM,2023-05-31,2023-06-02,2,2023-06-05,73.87999725341797,73.77999877929688,3.563800430297852,0.993421052631579,0.8248175182481751,0.9197080291970804,0.9343065693430656,0.7299270072992701,0.8102189781021898,0.7372262773722628,0.0954048841777427,0.90945053360687,0.7589502027097479,-0.2160605393389136,0.2749882817797651,0.0133990069060938,-0.0018949566168529,0.0383053862515372,-0.0102868778436612,0.1505143903625088,0.164861948537935,-0.0102868778436612
S0054,MTR-v2:monthly:PRTA:2023-06-02,monthly,A+,A+,PRTA,2023-05-31,2023-06-02,2,2023-06-05,68.66000366210938,66.43000030517578,4.086750411987305,0.9817251461988304,0.9099756690997568,0.9854014598540146,0.8175182481751825,0.9124087591240876,1.0,0.927007299270073,0.6313088813760183,0.9741698455821286,0.7210077928939373,0.2544811428847723,0.4991743340977195,0.030461413742616,0.0122341435055033,0.0771627765572031,-0.0088698096007246,-0.0033498885037275,0.1233613914877029,-0.0088698096007246
S0055,MTR-v2:monthly:TMDX:2023-06-05,monthly,A+,A+,TMDX,2023-05-31,2023-06-05,3,2023-06-06,74.47000122070312,72.66000366210938,3.343950653076172,0.9919590643274854,0.7493917274939172,0.8467153284671532,0.9197080291970804,0.6861313868613139,0.6423357664233577,0.781021897810219,0.6279992416123905,0.7175576668465621,0.3479400398486287,-0.0179421184156999,0.2631632383698499,0.011911273897236,0.1005773833892091,0.1038001289221153,0.0,0.0789579314762156,0.1482476263537129,0.0
S0056,MTR-v2:monthly:VKTX:2023-06-05,monthly,A+,A+,VKTX,2023-05-31,2023-06-05,3,2023-06-06,23.049999237060547,21.959999084472656,1.5515001296997069,1.0,0.94647201946472,1.0,1.0,0.9635036496350364,0.8759124087591241,1.0,0.71543700777286,0.7070122979053984,0.5222120857232146,0.3351597900699615,0.3931682625573665,0.027159422761209,0.0297180649008284,0.1093275722852056,-0.0065075758566228,-0.053796087295502,0.1093275722852056,-0.1004337832248973
S0057,MTR-v2:lm2:AI:2023-07-03,lm2,A+,A,AI,2023-06-29,2023-07-03,2,2023-07-05,37.43999862670898,35.900001525878906,4.49749994277954,0.983927323549965,0.8194444444444443,0.9583333333333334,0.8402777777777778,1.0,0.6180555555555556,0.9583333333333334,0.3513058446824467,0.9502476703801408,0.3335962364011817,-0.1867704643190622,0.1200669088154829,0.0146183252734857,0.1076389621210942,0.1372864154081172,-0.0336538025574161,0.0846688595063454,0.1372864154081172,-0.0336538025574161
S0058,MTR-v2:monthly:AAOI:2023-08-02,monthly,A+,A+,AAOI,2023-07-31,2023-08-02,2,2023-08-03,7.630000114440918,6.75,1.3153499841690064,0.996382054992764,0.8848920863309352,0.9784172661870504,0.9640287769784172,1.0,0.6906474820143885,0.9928057553956836,0.4865624162301761,0.8749998645349158,0.541283163367838,0.2204736118472982,0.4409472236945964,0.0851688588222401,0.5937089993481768,0.726081242301392,-0.1480996195926948,0.7077325737269604,1.0838793420772226,-0.1480996195926948
S0059,MTR-v2:lm2:AAOI:2023-08-02,lm2,A+,A+,AAOI,2023-07-28,2023-08-02,3,2023-08-03,7.630000114440918,6.710000038146973,1.344849991798401,0.9956300072833212,0.9009661835748792,0.9855072463768116,0.9565217391304348,1.0,0.7463768115942029,0.9927536231884058,0.5056324738711513,0.8749998645349158,0.5116951152816557,0.2156374046336757,0.4312748092673515,0.0851688588222401,0.5937089993481768,0.726081242301392,-0.1480996195926948,0.7077325737269604,1.0838793420772226,-0.1480996195926948
S0060,MTR-v2:weekly:ANF:2023-08-29,weekly,A+,A+,ANF,2023-08-25,2023-08-29,2,2023-08-30,51.36000061035156,50.15999984741211,1.7735002517700191,0.977388767323122,0.7367149758454107,0.8623188405797102,0.7753623188405797,0.4565217391304347,0.9782608695652174,0.8623188405797102,0.6540736863467521,1.0,0.626698756962905,0.2593735659262298,0.8908924680334976,0.031765137978301,0.0704828444093741,0.0794392127700849,-0.0021417564066265,-0.0140187151897737,0.0809968808017043,-0.0151868919397883
S0061,MTR-v2:monthly:ANF:2023-09-05,monthly,A+,A+,ANF,2023-08-31,2023-09-05,2,2023-09-06,55.06999969482422,53.75,1.985000228881836,0.9851961509992598,0.8039215686274509,0.9338235294117648,0.8529411764705882,0.5735294117647058,0.9852941176470588,0.8897058823529411,0.5541553386826172,0.7261144020643027,0.675346573704431,0.0806044478404107,0.3576821171817176,0.0131141317413534,-0.0510259921711079,0.0081714320943013,-0.0539313825524184,-0.0815325565398817,0.0081714320943013,-0.0895224320409634
S0062,MTR-v2:weekly:XPO:2023-11-07,weekly,A+,A+,XPO,2023-11-03,2023-11-07,2,2023-11-08,81.44999694824219,79.52999877929688,3.3674999237060548,0.9852832965415746,0.7598039215686274,0.9264705882352942,0.8529411764705882,0.6397058823529411,0.7867647058823529,0.8823529411764706,0.472161545154632,0.8146857810524294,0.5945226603014332,0.1692649466185922,0.5939124113769624,0.0252780577675901,0.0659300546075456,0.0815224019451819,-0.0155923473376362,0.0926949457905506,0.0976059530448918,-0.0155923473376362
S0063,MTR-v2:weekly:SPOT:2023-12-12,weekly,A+,A,SPOT,2023-12-08,2023-12-12,2,2023-12-13,199.0200042724609,198.0500030517578,5.420449829101566,0.9775524981897176,0.6882494004796164,0.8129496402877698,0.7769784172661871,0.316546762589928,0.9712230215827338,0.4820143884892086,0.1752616439952638,0.7692299484261019,0.766375979351528,-0.1844865336878782,0.3449889171831796,0.009486100902291,-0.0411516544346668,0.0166314816980024,-0.0494925429206142,-0.0439654296661612,0.0166314816980024,-0.0553211211399237
S0064,MTR-v2:weekly:ANF:2024-01-17,weekly,A+,A+,ANF,2024-01-12,2024-01-17,2,2024-01-18,100.29000091552734,96.79000091552734,3.689000701904293,0.9904371584699454,0.7868480725623582,0.8979591836734694,0.9047619047619048,0.6190476190476191,0.8367346938775511,0.9523809523809524,0.726484086542012,0.9810422256130568,0.6106898881465356,0.0596370774853901,0.3280018580229683,0.0123142586827451,0.0189450743696695,0.0550403489149016,-0.0476617682287486,0.0160534509487904,0.0569348791738679,-0.0476617682287486
S0065,MTR-v2:weekly:NVDA:2024-01-23,weekly,A+,A,NVDA,2024-01-19,2024-01-23,2,2024-01-24,60.19700279855746,59.38544464111328,1.4829133722670185,0.9886765746638358,0.6995305164319249,0.8732394366197183,0.8873239436619719,0.3028169014084507,0.908450704225352,0.6267605633802817,0.2571431079525518,0.9720764320941052,0.7035201553288061,-0.308306552452459,0.2039659090750066,0.0050864765042952,0.0409591446625183,0.0528820982463327,-0.0060692677760056,0.1313181065909745,0.1567061140017094,-0.0060692677760056
S0066,MTR-v2:monthly:UPST:2024-02-02,monthly,A+,A+,UPST,2024-01-31,2024-02-02,2,2024-02-05,31.700000762939453,31.76000022888184,2.8094003677368167,0.9715909090909092,0.7706855791962175,0.900709219858156,0.7163120567375887,0.950354609929078,0.6453900709219859,0.5460992907801419,0.3345911621755979,0.866359147266517,0.671066133350022,-0.0142382395854697,0.4413759223167296,0.0394151848236641,0.0694006533120175,0.1148264764051352,-0.0264984268886813,-0.1738170377372226,0.165930542427074,-0.2018927877554237
S0067,MTR-v2:lm2:COIN:2024-03-01,lm2,A+,A,COIN,2024-02-28,2024-03-01,2,2024-03-04,217.38999938964844,200.8000030517578,13.28050117492676,0.9719753930280246,0.8004535147392291,0.8979591836734694,0.7210884353741497,0.8707482993197279,0.8095238095238095,0.8231292517006803,0.3742329566662988,0.9402702480213536,0.6433565756108667,-0.4171524261894706,0.2311665263066137,0.0151455716351225,0.1804590636077212,0.2445374145663283,-0.0236441391236011,0.1148626951138955,0.2495974730170576,-0.0236441391236011
S0068,MTR-v2:lm2:DFTX:2024-04-01,lm2,A+,A,DFTX,2024-03-27,2024-04-01,2,2024-04-02,9.31999969482422,9.5,1.190299940109253,0.9137466307277629,0.7046979865771812,0.8322147651006712,0.1409395973154362,0.9865771812080536,0.9865771812080536,0.8657718120805369,0.0168028721918914,0.8771934521021001,0.3002984968393143,-0.4032593181448625,0.1008156307412615,0.0127660472450277,0.1684550107196269,0.3111588698672467,-0.0372317739734495,0.0493562288851177,0.3111588698672467,-0.0372317739734495
S0069,MTR-v2:monthly:APP:2024-05-02,monthly,A+,A+,APP,2024-04-30,2024-05-02,2,2024-05-03,73.0,70.56999969482422,3.639450454711914,0.9894440534834624,0.8018648018648018,0.9370629370629372,0.8951048951048951,0.6993006993006993,0.8111888111888111,0.902097902097902,0.5220572582377148,0.7552737726185532,0.6440358397524737,0.0315975901308523,0.3338427002659476,0.01705149132157,0.1601370197452911,0.2123287671232876,-0.0068493150684931,0.1401370322867616,0.2123287671232876,-0.0068493150684931
S0070,MTR-v2:monthly:VRT:2024-05-06,monthly,A+,A+,VRT,2024-04-30,2024-05-06,4,2024-05-07,95.63855160241,92.74645233154295,5.6924864397860775,0.9943701618578464,0.8648018648018648,0.972027972027972,0.944055944055944,0.8321678321678322,0.8181818181818182,0.9370629370629372,0.746314042782163,0.9930807448825054,0.5251245083503518,0.4169556003666702,0.5027992728973986,0.0304057926172294,-0.0114702102030853,0.0458601423053828,-0.0225234451390969,0.035662117357073,0.0923878776726427,-0.0291971843894323
S0071,MTR-v2:lm2:WGS:2024-06-03,lm2,A+,A+,WGS,2024-05-30,2024-06-03,2,2024-06-04,21.21999931335449,20.38999938964844,1.91069974899292,0.9634986225895316,0.7922374429223744,0.928082191780822,0.636986301369863,0.9452054794520548,0.7945205479452054,0.9931506849315068,0.5547712945739964,0.9411763972569096,0.7356687898089171,0.0680384598280052,0.4710324195904007,0.0437956963159305,0.2101791298840645,0.3450989722518518,-0.004241289137613,0.3072573359444177,0.3718191117957112,-0.004241289137613
S0072,MTR-v2:monthly:AMSC:2024-07-02,monthly,A+,A+,AMSC,2024-06-28,2024-07-02,2,2024-07-03,24.15999984741211,23.38999938964844,1.695499801635743,0.9766355140186916,0.8022222222222223,0.9466666666666668,0.7666666666666667,0.86,0.78,0.94,0.4128580624215466,0.8979593955129278,0.4694721238573663,0.1474491473008791,0.5367148061793826,0.0392579739185301,0.1353477019211959,0.2061258101692316,-0.00248342161926,0.2003311334087747,0.353476861318859,-0.00248342161926
S0073,MTR-v2:lm2:NVAX:2024-07-02,lm2,A+,B,NVAX,2024-06-27,2024-07-02,3,2024-07-03,12.979999542236328,12.829999923706056,1.6909997940063473,0.957679180887372,0.8117913832199547,0.9217687074829932,0.5782312925170068,0.9931972789115646,0.8639455782312925,0.9183673469387756,0.0827914608972605,0.7368426336148626,0.2268274862816144,-0.4671792182666948,0.1064460834435238,0.0140735188203786,-0.0801232664507356,0.0177196073976915,-0.1001540279589695,0.2211094715292205,0.3050848329335933,-0.1001540279589695
S0074,MTR-v2:monthly:ROOT:2024-07-02,monthly,A+,A+,ROOT,2024-06-28,2024-07-02,2,2024-07-03,53.810001373291016,51.61000061035156,3.546500015258789,0.9986648865153538,0.8088888888888889,0.9533333333333334,0.9866666666666668,0.8333333333333334,0.6066666666666667,0.9533333333333334,0.6090511315716134,0.8797173163951078,0.6435977582859425,-0.1353445763911275,0.8177080257723592,0.0570080909528232,0.1507154169982933,0.2637055986724486,-0.0243449422014184,0.4757480326236361,0.5439509331120747,-0.0243449422014184
S0075,MTR-v2:lm2:ASTS:2024-09-03,lm2,A+,A,ASTS,2024-08-29,2024-09-03,2,2024-09-04,31.989999771118164,29.25,4.374350357055664,0.997943797121316,0.9634703196347032,1.0,0.9794520547945206,0.9863013698630136,0.9246575342465754,1.0,0.036576824980202,0.7586580404328496,0.4161704966767167,-0.5006458914579689,0.0251467306851943,0.0037542871404729,-0.1838074149058075,0.1422319842751953,-0.2381994056393961,-0.1247264707616688,0.1422319842751953,-0.2641450114426013
S0076,MTR-v2:monthly:CVNA:2024-10-02,monthly,A+,A+,CVNA,2024-09-30,2024-10-02,2,2024-10-03,35.17599868774414,34.821998596191406,1.5264699935913086,0.9921363040629096,0.8213507625272332,0.9281045751633988,0.9215686274509804,0.5882352941176471,0.954248366013072,0.9411764705882352,0.3721008574303529,0.8860104821733874,0.5882640710032154,-0.189981405952869,0.4114056317434034,0.0180656559837149,0.0806800476772109,0.1001251792477251,-0.0105185053925328,0.0996134224513856,0.1096771052111895,-0.0105185053925328
S0077,MTR-v2:weekly:TPC:2024-10-29,weekly,A+,A,TPC,2024-10-25,2024-10-29,2,2024-10-30,26.43811446961112,25.88005256652832,1.3632617898494424,0.982396750169262,0.75,0.8885135135135135,0.8243243243243243,0.7364864864864865,0.6891891891891891,0.8581081081081081,0.4459078806002285,0.7604169150195865,0.6944996157363466,-0.1973679433298651,0.0219303301463969,0.0011299693976498,0.0331699492151003,0.0508857160670814,-0.0376931649377796,0.1017715096507922,0.3022990175549522,-0.0376931649377796
S0078,MTR-v2:monthly:HOOD:2024-12-03,monthly,A+,A+,HOOD,2024-11-29,2024-12-03,2,2024-12-04,39.95000076293945,37.540000915527344,2.1921500205993647,0.9809160305343512,0.7700421940928269,0.939873417721519,0.810126582278481,0.5949367088607594,0.9050632911392406,0.759493670886076,0.5017897788858167,0.9689725997465368,0.7261174044082231,-0.0684266699219306,0.7253153924899548,0.0429149847592287,-0.0648310413798681,0.0703378599481907,-0.069086410100669,0.0420525725429841,0.0971214266337288,-0.1083855256160974
S0079,MTR-v2:monthly:TPC:2025-01-03,monthly,A+,A+,TPC,2024-12-31,2025-01-03,2,2025-01-06,25.1226847820671,24.11618423461914,1.3019751763089906,0.970456005138086,0.6965811965811967,0.8076923076923077,0.7051282051282052,0.6089743589743589,0.7756410256410257,0.5128205128205128,0.4439343361632046,0.7692312206744993,0.6121333088868826,-0.0765394446290366,0.3367780048618748,0.018077260940807,-0.052360171489222,0.0408568315767969,-0.071003540266386,0.087266970901493,0.0896469576929572,-0.071003540266386
S0080,MTR-v2:lm2:IONQ:2025-02-03,lm2,A+,A,IONQ,2025-01-30,2025-02-03,2,2025-02-04,41.88999938964844,38.810001373291016,5.886050128936766,0.9852185089974294,0.7585470085470085,0.8878205128205128,0.8525641025641025,0.9615384615384616,0.4615384615384615,0.9743589743589745,0.4519159349892593,0.8244633805291702,0.4575826351104998,-0.2565384746062235,0.69146534699313,0.1088235168121045,-0.0195750705841941,0.0644545429047358,-0.0646932232981204,-0.189782785361033,0.0644545429047358,-0.2165194515869468
S0081,MTR-v2:lm2:QBTS:2025-02-03,lm2,A+,A,QBTS,2025-01-30,2025-02-03,2,2025-02-04,5.940000057220459,5.639999866485596,1.3014999985694882,0.9974293059125964,0.8675213675213675,0.9487179487179488,0.9743589743589745,0.9807692307692308,0.6474358974358975,0.9807692307692308,0.0922015847315679,0.7547175413184104,0.5525434488753022,-0.4840565795591305,0.0998848364070721,0.0230906060032696,-0.0185185408173005,0.1212120847232052,-0.069023542670463,0.0168350006177209,0.1447811658636295,-0.106060624305064
S0082,MTR-v2:monthly:LTBR:2025-04-02,monthly,A+,A+,LTBR,2025-03-31,2025-04-02,2,2025-04-03,7.110000133514404,7.460000038146973,0.962000012397766,0.9923712650985378,0.8270042194092827,0.9430379746835444,0.9240506329113924,0.9556962025316456,0.6012658227848101,0.930379746835443,0.4573805109666969,0.9753086637785638,0.5557762375695149,0.0831600027807239,0.7796257695783599,0.1048951034960032,0.0604781744393692,0.113924040445716,-0.1420534753749157,0.021097059430474,0.1870603968908071,-0.1420534753749157
S0083,MTR-v2:monthly:SEZL:2025-04-02,monthly,A+,A+,SEZL,2025-03-31,2025-04-02,2,2025-04-03,33.56999969482422,34.88999938964844,3.552791976928711,0.9898283534647172,0.7215189873417721,0.8449367088607594,0.8987341772151899,0.8417721518987342,0.4240506329113924,0.7911392405063291,0.647377964146616,0.8558754395150326,0.6052894565828778,-0.1182174431742736,0.8500358246064186,0.0883816394379655,0.13643139328836,0.1861781369322925,-0.2594578243566549,0.2731606215968003,0.2761394263340702,-0.2594578243566549
S0084,MTR-v2:monthly:SMR:2025-04-02,monthly,A+,A+,SMR,2025-03-31,2025-04-02,2,2025-04-03,13.8100004196167,14.15999984741211,1.5917001247406006,0.9879211697393516,0.9177215189873418,0.981012658227848,0.879746835443038,0.8924050632911392,0.981012658227848,0.6329113924050633,0.5968459727424839,0.7111109384293911,0.5955500109223102,0.1005213513055322,0.5088894907728856,0.0566433185411556,0.1629253423576748,0.1976828684257503,-0.1976828684257502,0.0499637624487814,0.1976828684257503,-0.1976828684257502
S0085,MTR-v2:lm2:IONQ:2025-05-06,lm2,A+,A,IONQ,2025-04-29,2025-05-06,5,2025-05-07,29.02499961853028,28.09000015258789,2.8027998924255373,0.9839743589743588,0.8739316239316239,0.9423076923076924,0.8397435897435898,0.9166666666666666,0.8653846153846154,0.903846153846154,0.4745254655176525,0.9477124916319792,0.586640993429565,-0.6814613674610912,0.3104041931728852,0.0304728848505206,0.1445306341880072,0.1748492307421363,-0.031524514046662,0.2165375310030404,0.2399656210672227,-0.031524514046662
S0086,MTR-v2:lm2:QBTS:2025-05-06,lm2,A+,A,QBTS,2025-04-29,2025-05-06,5,2025-05-07,7.119999885559082,7.0,0.7147500038146972,0.9967948717948718,0.94017094017094,0.9935897435897436,0.967948717948718,0.9294871794871796,0.9230769230769232,1.0,0.3217908609247312,0.9459459807770128,0.5695033489226684,-1.0073449266861625,0.1818819359875389,0.0183098755193076,0.5070224318400784,0.6629213964738963,-0.0421347919550069,1.3258426590047687,1.470505679117251,-0.0421347919550069
S0087,MTR-v2:monthly:ADPT:2025-06-03,monthly,A+,A+,ADPT,2025-05-30,2025-06-03,2,2025-06-04,9.989999771118164,9.520000457763672,0.6628000020980834,0.9604922279792746,0.7526881720430106,0.8580645161290322,0.6064516129032258,0.7870967741935484,0.864516129032258,0.7677419354838709,0.6336739910834762,0.9062493946406512,0.5875444825833198,0.3017498621485219,0.6638496967267482,0.0463157453035052,0.0470470748545575,0.0719719598742716,-0.0210210253211514,0.0150150726367634,0.0880881015618302,-0.0210210253211514
S0088,MTR-v2:lm2:GRRR:2025-06-03,lm2,A+,B,GRRR,2025-05-29,2025-06-03,3,2025-06-04,17.889999389648438,17.219999313354492,1.463549757003784,0.9909326424870466,0.7892473118279569,0.9032258064516128,0.9096774193548388,0.8838709677419355,0.5741935483870968,0.9161290322580644,0.4236281248836253,0.7399997711181641,0.5882670117545562,0.1434874289830831,0.0068328588310578,0.0005608653350883,0.1866964933783335,0.309614402113884,-0.0268306069654796,0.0313024814084144,0.309614402113884,-0.0268306069654796
S0089,MTR-v2:monthly:ASST:2025-07-02,monthly,A+,A+,ASST,2025-06-30,2025-07-02,2,2025-07-03,85.0,75.0,15.799001693725586,0.9906832298136646,0.8881987577639752,0.968944099378882,0.906832298136646,1.0,0.7577639751552795,0.9813664596273292,0.5696562462914514,0.767857215842442,0.6805557419060525,0.2974869576796579,0.5316792597860713,0.1111111335373153,0.6141176111557904,1.4588235294117649,-0.0682353300206801,0.1999999999999999,1.4588235294117649,-0.0682353300206801
S0090,MTR-v2:monthly:CRDO:2025-07-07,monthly,A+,A+,CRDO,2025-06-30,2025-07-07,4,2025-07-08,93.3000030517578,92.58999633789062,5.428699684143068,0.953416149068323,0.7287784679089028,0.8198757763975155,0.5341614906832298,0.6708074534161491,0.9813664596273292,0.8012422360248447,0.0257901573468728,0.9825588616241728,0.4209067232076023,-0.2413096385530738,0.27262575626657,0.0162192148705051,0.0578777461935213,0.0777063211453283,-0.0203644315512495,0.0261521407524301,0.1184351024751131,-0.0230439598666056
S0091,MTR-v2:lm2:RCAT:2025-08-01,lm2,A+,B,RCAT,2025-07-30,2025-08-01,2,2025-08-04,8.329999923706055,8.1899995803833,0.948699951171875,0.9845869297163996,0.8977505112474438,0.9754601226993864,0.8466257668711656,0.9754601226993864,0.8711656441717791,0.7300613496932515,0.0105409817608646,0.7192983630255251,0.3513668184918351,-0.421630223244443,0.4068722456332229,0.0493984736573409,0.1200480203071956,0.2496998730800292,0.0,0.0096038324656384,0.2496998730800292,-0.0516206281244855
S0092,MTR-v2:weekly:WGS:2025-08-06,weekly,A+,A,WGS,2025-08-01,2025-08-06,3,2025-08-07,107.79000091552734,101.5999984741211,6.097299194335941,0.9802955665024632,0.8098159509202455,0.911042944785276,0.803680981595092,0.6625766871165644,0.9631901840490796,0.3251533742331288,0.6970299249785903,0.7825108924169619,0.730106360317248,-0.5330228838071573,-0.1590870301401977,-0.0090807079523903,0.1421282082261987,0.1431487167095204,-0.044716575321319,0.1159662296486663,0.1833194356470591,-0.044716575321319
S0093,MTR-v2:monthly:HSAI:2025-09-04,monthly,A+,A+,HSAI,2025-08-29,2025-09-04,3,2025-09-05,27.190000534057617,25.770000457763672,1.8135004043579093,0.9883720930232558,0.7926829268292682,0.926829268292683,0.8841463414634146,0.7865853658536586,0.7073170731707317,0.8780487804878049,0.3529083247571905,0.7769225690496271,0.4981788632264536,-0.2260820270162964,0.4356210819034358,0.0308352452108018,0.0294225531940863,0.1195292363429385,-0.0606840598058657,0.0901066129999521,0.1195292363429385,-0.0606840598058657
S0094,MTR-v2:lm2:NEGG:2025-10-01,lm2,A+,A+,NEGG,2025-09-29,2025-10-01,2,2025-10-02,43.0,39.97999954223633,7.254500579833985,0.975103734439834,0.8323471400394477,0.9289940828402368,0.7514792899408284,0.9940828402366864,0.7514792899408284,0.8994082840236687,0.4783239290584678,0.7219827533051785,0.5290009813622446,0.1902268878372348,0.4617826205887531,0.0835412073888313,0.1530232983966206,0.2639534528865368,-0.0069767264432685,0.0995348553324857,0.2639534528865368,-0.0069767264432685
S0095,MTR-v2:lm2:VNET:2025-10-01,lm2,A+,A,VNET,2025-09-29,2025-10-01,2,2025-10-02,11.329999923706056,10.40999984741211,0.8245000600814816,0.947836395969176,0.7593688362919132,0.8284023668639053,0.4792899408284023,0.863905325443787,0.9349112426035504,0.5443786982248521,0.4245001285204729,0.8648655963172694,0.3852561939776763,-0.4002424495559676,0.5457850533336108,0.0436469244374546,-0.1270961685860521,0.0414828129032387,-0.1500441148025239,-0.1535745615917895,0.0414828129032387,-0.2612533149231262
S0096,MTR-v2:weekly:TMC:2025-11-25,weekly,A+,A,TMC,2025-11-21,2025-11-25,2,2025-11-26,5.53000020980835,5.170000076293945,0.4623999834060669,0.9964559952746604,0.7607843137254902,0.8941176470588236,0.9647058823529412,0.6588235294117647,0.6588235294117647,0.6470588235294118,0.5622832209670585,0.97560918877176,0.6061701328285879,0.1081308730363787,0.2378885394133923,0.0206766265277946,0.3960216089140436,0.4014466014402895,-0.0108499850524921,0.2386979466082091,0.4719710731448341,-0.0108499850524921
S0097,MTR-v2:monthly:OKLO:2025-12-03,monthly,A+,A+,OKLO,2025-11-28,2025-12-03,3,2025-12-04,96.9800033569336,91.37999725341795,10.893450164794928,0.9964953271028038,0.7790697674418605,0.9273255813953488,0.9651162790697676,0.9244186046511628,0.4476744186046512,0.6627906976744186,0.4782689603070076,0.9486853852654294,0.5669759424172385,0.0082615091205421,0.5140702338932974,0.061545209425166,0.0373272323353521,0.1784903790411776,-0.0244895846338429,-0.2169519507860801,0.1784903790411776,-0.2266446957733801
S0098,MTR-v2:weekly:AEVA:2025-12-09,weekly,A+,A,AEVA,2025-12-05,2025-12-09,2,2025-12-10,15.130000114440918,14.699999809265137,1.1790499687194824,0.9800469483568076,0.8343079922027291,0.9649122807017544,0.8011695906432749,0.783625730994152,0.9181286549707602,0.1988304093567251,0.3901446506517105,0.7745094189321097,0.4927559140276951,-0.2544423041380351,0.3392558662841886,0.0271002447376367,-0.0733641538850882,0.1454064634913872,-0.0997356122346392,-0.0812954716858637,0.1454064634913872,-0.1520158739813631
S0099,MTR-v2:weekly:VSAT:2025-12-26,weekly,A+,A,VSAT,2025-12-19,2025-12-26,4,2025-12-29,34.099998474121094,33.810001373291016,2.002999877929688,0.9890804597701148,0.7720306513409961,0.9195402298850576,0.8908045977011494,0.6264367816091954,0.7988505747126436,0.8160919540229885,0.4992511537412603,0.8014703407420705,0.4718361375274323,-1.3230144147191332,-0.0549160271382493,-0.003149965676462,0.1290323085855302,0.137536734641368,-0.0014662533518438,0.1853372427456425,0.2759530870522904,-0.0014662533518438
S0100,MTR-v2:lm2:HYMC:2026-01-02,lm2,A+,A,HYMC,2025-12-30,2026-01-02,2,2026-01-05,25.100000381469727,23.479999542236328,2.2421000003814697,0.995939675174014,0.928709055876686,0.9942196531791908,0.9595375722543352,0.884393063583815,0.9421965317919077,0.9884393063583816,0.4103296356707642,0.8649789708682573,0.776920530526986,-0.1115026091420833,-0.0557513045710416,-0.0050968400385031,0.0808764441611538,0.2083665124601916,-0.0027888324207315,0.3796812964863978,0.4302789235167648,-0.0027888324207315
S0101,MTR-v2:weekly:OPEN:2026-02-24,weekly,A+,A,OPEN,2026-02-20,2026-02-24,2,2026-02-25,5.139999866485596,5.0,0.3789500474929809,0.9829059829059827,0.7670454545454546,0.9147727272727272,0.8295454545454546,0.6306818181818182,0.8409090909090909,0.3579545454545454,0.2902760779214357,1.0,0.7699289046326153,-0.7388829604946221,1.1874923596905738,0.0965665881624864,-0.0330739456633839,0.0690661533647496,-0.0933852201443109,-0.0252917589456369,0.0690661533647496,-0.0933852201443109
S0102,MTR-v2:lm2:DMRA:2026-03-02,lm2,A+,B,DMRA,2026-02-26,2026-03-02,2,2026-03-03,29.14999961853028,29.780000686645508,2.9607003211975096,0.9898132427843804,0.911487758945386,1.0,0.8983050847457628,0.8813559322033898,0.9548022598870056,0.9661016949152542,0.0911941504116273,0.7320573871576727,0.4894478675202823,-0.6113423099028557,0.2668284265457767,0.0269992823649714,-0.0157804147681787,0.0566037612392071,-0.0934820040181916,-0.1430531777311974,0.0566037612392071,-0.2459691310505566
S0103,MTR-v2:monthly:ALM:2026-04-02,monthly,A+,A+,ALM,2026-03-31,2026-04-02,2,2026-04-06,15.619999885559082,14.479999542236328,1.877449846267701,0.9897318881916716,0.7405303030303031,0.8636363636363636,0.8977272727272727,0.9829545454545454,0.3409090909090909,0.9488636363636364,0.4687209707307627,0.8292679097382339,0.6073977708238107,-0.0426109511607415,0.6018803200987314,0.079409708418257,0.1446862542743627,0.1747759613260029,-0.0115237072019567,0.499359811003973,0.5627400785053469,-0.0115237072019567
S0104,MTR-v2:lm2:CIFR:2026-04-02,lm2,A+,A,CIFR,2026-03-30,2026-04-02,3,2026-04-06,12.779999732971191,12.015000343322754,1.308800077438354,0.991404011461318,0.8476190476190476,0.9542857142857144,0.9142857142857144,0.9028571428571428,0.7257142857142858,0.5314285714285715,0.6150667052809545,0.7965363890526541,0.7722074230086269,-0.4584354721647574,0.6265278471171571,0.0683333079020183,0.2934273108003022,0.3521127580358816,-0.0070422656078543,0.5156495496052811,0.5164318908996559,-0.0070422656078543
S0105,MTR-v2:monthly:LASR:2026-04-02,monthly,A+,A+,LASR,2026-03-31,2026-04-02,2,2026-04-06,60.36000061035156,57.02000045776367,6.010750007629396,0.9948659440958356,0.787878787878788,0.9005681818181818,0.9488636363636364,0.9261363636363636,0.4886363636363636,0.8977272727272727,0.5157423732789238,0.8659472231773657,0.5908648995267657,-0.1929875383171381,0.8784259489406506,0.0962800650001038,0.0830020226237584,0.1000662832082792,-0.0873094831755167,0.1668323325546361,0.1855201778270787,-0.0873094831755167
S0106,MTR-v2:monthly:ONDS:2026-04-02,monthly,A+,A+,ONDS,2026-03-31,2026-04-02,2,2026-04-06,9.630000114440918,9.039999961853027,0.9854999780654908,0.9965772960638904,0.8901515151515151,0.9829545454545454,0.9659090909090908,0.9375,0.7670454545454546,0.8409090909090909,0.5682399107871787,0.9743592042607246,0.7870189423128578,0.2536783415162962,1.1009640408889705,0.1274221954668273,-0.0519210793414438,0.0768431736577528,-0.0664590172084239,0.0384215868288764,0.0934579032019589,-0.0934580022335587
S0107,MTR-v2:monthly:WULF:2026-04-02,monthly,A+,A+,WULF,2026-03-31,2026-04-02,2,2026-04-06,14.9399995803833,14.43000030517578,1.3559999465942378,0.9880205362236166,0.8825757575757577,0.9772727272727272,0.8806818181818182,0.8579545454545454,0.9090909090909092,0.6818181818181818,0.3318582794898841,0.9096772089709364,0.767724507232636,-0.1843657889721205,0.855457148302692,0.0845480921891641,0.2630523004840184,0.3527442872896082,-0.0026773736932061,0.3815261023667915,0.4042838106758544,-0.0026773736932061
S0108,MTR-v2:monthly:AMPX:2026-04-06,monthly,A+,A+,AMPX,2026-03-31,2026-04-06,3,2026-04-07,17.40999984741211,16.860000610351562,1.5585500240325936,0.9714774671990872,0.8541666666666666,0.9659090909090908,0.7159090909090909,0.8465909090909091,1.0,0.9090909090909092,0.4491346731237042,0.9554141984517672,0.6344326801107976,0.14757276872078,0.9431839149769572,0.0913610503054009,0.056289462999737,0.0620333103487413,-0.0947730978168581,0.1263642034589946,0.1596783866174898,-0.0947730978168581
S0109,MTR-v2:weekly:NKTR:2026-04-09,weekly,A+,A+,NKTR,2026-04-02,2026-04-09,4,2026-04-10,78.36000061035156,76.98999786376953,4.776501083374024,0.992,0.7009523809523809,0.8114285714285714,0.92,0.4,0.7828571428571428,0.8685714285714285,0.1800482393576838,0.956250149011754,0.510608781262761,-0.1842362992181888,0.6071393003496199,0.03869248357517,0.0718478459617857,0.0800152704725492,-0.0236089645190317,0.164624826766206,0.391015813565484,-0.0236089645190317
S0110,MTR-v2:weekly:VSAT:2026-04-10,weekly,A+,A,VSAT,2026-04-02,2026-04-10,5,2026-04-13,55.93000030517578,53.68999862670898,3.7880002975463873,0.9805714285714284,0.7371428571428571,0.8742857142857143,0.8057142857142857,0.5828571428571429,0.8228571428571428,0.8,0.6758186832638899,0.855999755859375,0.5977905617441164,-0.7761347401723573,0.0659978828834657,0.0044642857142858,0.1237260527657269,0.1525120459995332,-0.014661178086,0.1083497468304184,0.1618094582938938,-0.014661178086
S0111,MTR-v2:monthly:TNGX:2026-05-04,monthly,A+,A+,TNGX,2026-04-30,2026-05-04,2,2026-05-05,22.88999938964844,21.6200008392334,1.7028500556945805,0.9988425925925926,0.8342967244701348,0.9595375722543352,0.9884393063583816,0.861271676300578,0.653179190751445,0.9421965317919077,0.6401023047179896,0.7553641112287173,0.7712902363765227,0.2818800989735645,0.968963540279094,0.0783475622209111,0.0257754551472249,0.0736129933691924,-0.0231541631030608,-0.0987330838420152,0.1253823030039615,-0.1550022031585494
S0112,MTR-v2:weekly:ABVX:2026-06-09,weekly,A+,A,ABVX,2026-06-05,2026-06-09,2,2026-06-10,101.88999938964844,101.52999877929688,9.770249557495116,0.9994356659142212,0.702247191011236,0.8539325842696629,0.99438202247191,0.8146067415730337,0.297752808988764,0.0674157303370786,0.1217985717154333,0.9491522083961418,0.4276694545316513,-0.2775771457914661,0.1351039896224143,0.0130177482737743,-0.0430856749037771,0.020021601018231,-0.060751815472433,-0.0920600383708601,0.020021601018231,-0.2659730948715103
S0113,MTR-v2:weekly:ONDS:2026-07-28,weekly,A+,A,ONDS,2026-07-24,2026-07-28,2,2026-07-29,7.78000020980835,7.800000190734863,0.6045000553131104,0.9674572531715387,0.7271062271062272,0.8736263736263736,0.6758241758241759,0.6263736263736264,0.8791208791208791,0.0054945054945054,0.0992554793869507,0.9158877588399762,0.5411733374081795,-0.5459047422220136,0.1985117475863325,0.0155039232486831,0.1388174058796716,0.1683804508292952,-0.1298200773321979,0.2519279573847333,0.2532133338130307,-0.1298200773321979
S0114,MTR-v2:lm2:ONTO:2026-08-03,lm2,A+,A+,ONTO,2026-07-30,2026-08-03,2,2026-08-04,282.9800109863281,250.5200042724609,26.9577980041504,0.9657110736368748,0.6367041198501872,0.8033707865168539,0.6573033707865169,0.898876404494382,0.3539325842696629,0.5168539325842697,0.6665969512475555,0.8416419531698364,0.7373283375011424,-0.1736055442154007,0.7515448592543336,0.0816178336846673,0.0295780436505526,0.1166866482850874,-0.080853784700425,0.2409357199405695,0.2503922001481986,-0.080853784700425
S0115,MTR-v2:weekly:SKY:2019-01-10,weekly,A,B,SKY,2019-01-04,2019-01-10,4,2019-01-11,15.239999771118164,14.989999771118164,1.0169997215271,0.9644128113879004,0.6843657817109144,0.8008849557522124,0.6460176991150443,0.7964601769911505,0.6106194690265486,0.0176991150442477,0.4326456780115162,0.7294121210965222,0.4982712908324884,-0.7767937310665838,0.0098330694396059,0.0006485232705808,0.0380577383475577,0.043963260259602,-0.0288713639758156,0.0629921920104368,0.0839895476292118,-0.0387139213549084
S0116,MTR-v2:weekly:VNDA:2019-01-10,weekly,A,A+,VNDA,2019-01-04,2019-01-10,4,2019-01-11,28.68000030517578,27.75,1.6280000686645502,0.9804270462633452,0.7581120943952803,0.8893805309734514,0.8053097345132744,0.7256637168141593,0.7433628318584071,0.7876106194690266,0.7002452958024649,0.9104471450979724,0.6755521761699701,-0.2272732331865996,0.4115479410535615,0.0237420302124844,0.0746164353862381,0.0829846281534762,-0.0230125467360263,0.039051566247112,0.0913528209207146,-0.0230125467360263
S0117,MTR-v2:weekly:AXON:2019-01-30,weekly,A,A,AXON,2019-01-25,2019-01-30,3,2019-01-31,49.630001068115234,49.09999847412109,1.7979997634887692,0.9752973467520586,0.7696969696969697,0.8818181818181818,0.7545454545454545,0.6545454545454545,0.9,0.0727272727272727,0.3559528857244523,0.8947383214910297,0.6529192546583851,-0.1223567491349303,0.3670744906726079,0.0134474291521828,0.0501712232557098,0.0844247136113975,0.0,0.0820068427812101,0.0888575408523477,0.0
S0118,MTR-v2:monthly:ARWR:2019-02-04,monthly,A,A,ARWR,2019-01-31,2019-02-04,2,2019-02-05,14.380000114440918,14.119999885559082,0.8239998340606689,0.9889604415823368,0.7889908256880734,0.9036697247706422,0.8899082568807339,0.944954128440367,0.5321100917431193,0.8440366972477065,0.27912687163686,0.8163277718578682,0.3778414099594497,0.0121362025433386,0.1820395660341207,0.0105634207196763,0.1766342101278752,0.1821974871146199,-0.115438096954191,0.2607787911322614,0.2702364813848146,-0.115438096954191
S0119,MTR-v2:monthly:TCMD:2019-02-04,monthly,A,A,TCMD,2019-01-31,2019-02-04,2,2019-02-05,68.25,66.58000183105469,2.789000129699708,0.952161913523459,0.7767584097859327,0.8715596330275229,0.5229357798165137,0.8165137614678899,0.9908256880733946,0.8165137614678899,0.5916104156139148,0.9836093253620832,0.4182055181403432,-0.0071698250758271,0.2366452604577102,0.0097677026060416,0.013772929544414,0.0302564460279304,-0.0186080094222184,0.0858608148036859,0.1056410122267055,-0.0186080094222184
S0120,MTR-v2:lm2:MDB:2019-04-01,lm2,A,B,MDB,2019-03-28,2019-04-01,2,2019-04-02,146.47000122070312,146.17999267578125,7.476799392700198,0.9867139061116031,0.8908554572271387,0.9823008849557522,0.8672566371681416,0.8230088495575221,0.9823008849557522,0.9734513274336284,0.2367328825471819,0.7327091022138054,0.3684997951190691,-0.2434206441322569,-0.1069980629062854,-0.0053781717765231,-0.0928518194181137,0.0099678530955849,-0.1021370013599251,-0.0114699796584206,0.0099678530955849,-0.1021370013599251
S0121,MTR-v2:monthly:NTRA:2019-04-02,monthly,A,A,NTRA,2019-03-29,2019-04-02,2,2019-04-03,21.1200008392334,20.6200008392334,1.221499967575074,0.9514134275618374,0.8128654970760234,0.9210526315789472,0.5175438596491229,0.9298245614035088,0.9912280701754386,0.3947368421052631,0.3029053964031524,0.8989894903139419,0.4920436035584513,-0.7531724115558781,0.5403191689987081,0.0324643310324124,-0.0530303406594965,0.0170453924572853,-0.0591856037087814,-0.0232008361266988,0.0170453924572853,-0.0591856037087814
S0122,MTR-v2:monthly:TBCH:2019-04-05,monthly,A,A,TBCH,2019-03-29,2019-04-05,5,2019-04-08,11.920000076293944,11.359999656677246,0.8749999999999993,0.9991166077738516,0.6637426900584795,0.8157894736842105,0.9912280701754386,0.9736842105263158,0.0263157894736842,0.0175438596491228,0.7314289637974336,0.8627455013622572,0.3706465399654451,-0.8685716901506703,0.2514288766043528,0.0186757446532912,0.0234899103338133,0.0612415719432857,-0.0276845571806954,-0.0729865671133093,0.0612415719432857,-0.1115771740934051
S0123,MTR-v2:weekly:FRPT:2019-04-09,weekly,A,A+,FRPT,2019-04-05,2019-04-09,2,2019-04-10,42.09999847412109,40.84999847412109,1.6244001388549816,0.9902482269503546,0.6814159292035398,0.8008849557522124,0.9026548672566372,0.7256637168141593,0.415929203539823,0.7433628318584071,0.7202671039337046,0.8602139511226692,0.5110860578729801,0.3078059328118769,0.492489022824423,0.019408035258833,0.0216151990592468,0.0225653396050222,-0.0187647774219203,0.0244656206965729,0.0353919651418208,-0.0187647774219203
S0124,MTR-v2:weekly:MDB:2019-04-30,weekly,A,A+,MDB,2019-04-26,2019-04-30,2,2019-05-01,141.27999877929688,138.97999572753906,6.563998413085938,0.998165137614679,0.7217125382262997,0.8623853211009175,0.981651376146789,0.908256880733945,0.2752293577981651,0.981651376146789,0.2955519363835731,0.9611214374225526,0.7196385937318159,-0.0076177732855825,0.5255938120527726,0.0250963622434492,-0.0566251420521127,0.0015500717901839,-0.086919584409682,-0.0562004707673439,0.0015500717901839,-0.1000849342569537
S0125,MTR-v2:monthly:VKTX:2019-05-02,monthly,A,A,VKTX,2019-04-30,2019-05-02,2,2019-05-03,8.050000190734863,7.829999923706055,0.5706499099731446,0.9908508691674291,0.8030303030303031,0.9545454545454546,0.9090909090909092,1.0,0.5,0.0272727272727272,0.5607635946867638,0.8956514095311072,0.6619087781188502,0.0876180582643041,0.4380961405472,0.0316455088791001,0.0732919426842935,0.1080745173845345,-0.0062112036708286,0.0534160672438706,0.1080745173845345,-0.0248447554488862
S0126,MTR-v2:lm2:CDNA:2019-06-04,lm2,A,A,CDNA,2019-05-30,2019-06-04,3,2019-06-05,33.650001525878906,32.209999084472656,2.0166500091552733,0.989100817438692,0.8948948948948949,0.981981981981982,0.8918918918918919,0.972972972972973,0.8198198198198198,0.8828828828828829,0.6049642799516582,0.9683549117247624,0.7118065306030755,0.0099176642812946,0.0793394226493121,0.004809132708466,0.0627042109948072,0.1254085353535696,-0.0160475747708971,0.1473996689319052,0.1638037733419217,-0.0160475747708971
S0127,MTR-v2:monthly:SBGI:2019-06-04,monthly,A,A,SBGI,2019-05-31,2019-06-04,2,2019-06-05,38.28307067794236,37.50063705444336,2.1380415635523984,0.9618528610354224,0.8498498498498499,0.945945945945946,0.6216216216216216,0.927927927927928,1.0,0.981981981981982,0.2810028374057309,0.7685958750796016,0.4833888889111117,-0.2483272613806957,0.0522792792482359,0.0029422553194085,-0.0687956836942432,0.0198905140102763,-0.0835766603903594,-0.0315693969590145,0.0198905140102763,-0.0835766603903594
S0128,MTR-v2:weekly:ROKU:2019-06-18,weekly,A,A,ROKU,2019-06-14,2019-06-18,2,2019-06-19,104.06999969482422,102.0199966430664,4.5614994049072255,0.9824236817761332,0.8318042813455658,0.944954128440367,0.8256880733944955,0.8623853211009175,0.8073394495412844,0.8899082568807339,0.5195666021642797,0.8679250715127415,0.5216165785396287,0.0131530344011925,-0.0789215515328746,-0.0034367600033562,-0.1039684801244631,0.0408378976886973,-0.1110790582539864,-0.10589023422102,0.0408378976886973,-0.160757215393416
S0129,MTR-v2:lm2:QURE:2019-07-01,lm2,A,A,QURE,2019-06-27,2019-07-01,2,2019-07-02,76.79000091552734,75.23999786376953,5.606498908996582,0.966131907308378,0.7728613569321534,0.8761061946902655,0.6637168141592921,0.991150442477876,0.6637168141592921,0.9292035398230089,0.2782494411057473,0.8290165988717986,0.4395942449675017,-0.3085697073378521,-0.0481577981997197,-0.0035032651373494,-0.0474019969559917,0.0080740036357607,-0.058210719721443,-0.093501760900799,0.0080740036357607,-0.1242349368640038
S0130,MTR-v2:monthly:ENPH:2019-07-02,monthly,A,A,ENPH,2019-06-28,2019-07-02,2,2019-07-03,18.670000076293945,18.229999542236328,0.8305000782012939,0.9903169014084507,0.7485380116959064,0.868421052631579,0.9035087719298246,0.8596491228070176,0.4824561403508772,0.9912280701754386,0.3973508640971739,0.8571424678884584,0.564096794270162,-0.3853096504425112,0.3732684367878484,0.016986272106432,0.0653454369774522,0.1071237274679757,-0.0058918377023058,0.0814140573943369,0.1071237274679757,-0.0058918377023058
S0131,MTR-v2:monthly:TTD:2019-07-02,monthly,A,A,TTD,2019-06-28,2019-07-02,2,2019-07-03,23.43099975585937,22.777999877929688,1.118144893646241,0.988556338028169,0.850877192982456,0.9385964912280702,0.8859649122807017,0.8947368421052632,0.7719298245614035,0.8245614035087719,0.5750593261227949,0.9801862444118856,0.7635322641895247,-0.4641625696537678,0.4579005218003583,0.0223492566843788,0.0218514379639145,0.0565234075335998,-0.0233878341258706,0.0421236619010221,0.0655968875482395,-0.0233878341258706
S0132,MTR-v2:weekly:AU:2019-07-09,weekly,A,A,AU,2019-07-05,2019-07-09,2,2019-07-10,15.365394069734007,14.87081527709961,0.581336281503567,0.9672566371681416,0.775811209439528,0.9026548672566372,0.672566371681416,0.8053097345132744,0.8495575221238938,0.9026548672566372,0.1730303126149091,0.8095240257764512,0.7360751937721352,-0.8363428593835616,0.1009368578181639,0.0039347774717157,-0.028914580030908,0.005455558204362,-0.0354611653207849,0.0180030068550485,0.0709216901785234,-0.0354611653207849
S0133,MTR-v2:weekly:VCYT:2019-08-20,weekly,A,A+,VCYT,2019-08-16,2019-08-20,2,2019-08-21,26.1299991607666,25.63999938964844,1.645949745178223,0.9929701230228472,0.6695906432748537,0.8026315789473685,0.9298245614035088,0.956140350877193,0.1228070175438596,0.9210526315789472,0.1093595388942372,0.8877544268025426,0.5322210410135222,-0.1701149670369731,0.5285695595709469,0.0348696956024567,-0.0076539939538579,0.0135859724832283,-0.0662074090241022,-0.0290852792170892,0.059318836364008,-0.0662074090241022
S0134,MTR-v2:monthly:AGI:2019-09-04,monthly,A,A,AGI,2019-08-30,2019-09-04,2,2019-09-05,6.750524417362138,6.665433406829834,0.3488717148641491,0.9547920433996384,0.7597597597597597,0.9009009009009008,0.5495495495495496,0.8468468468468469,0.8828828828828829,0.7027027027027027,0.5420092096251324,0.9499989271179288,0.4488507471474486,-0.2981023804460029,0.2981033222525491,0.0154061814525703,-0.0938374965839993,0.0014005923065596,-0.1120446618513549,-0.1246721953334691,0.0014005923065596,-0.144310942173116
S0135,MTR-v2:weekly:AGI:2019-09-04,weekly,A,A,AGI,2019-08-30,2019-09-04,2,2019-09-05,6.750524417362138,6.665433406829834,0.3488717148641491,0.9547920433996384,0.7597597597597597,0.9009009009009008,0.5495495495495496,0.8468468468468469,0.8828828828828829,0.7027027027027027,0.5420092096251324,0.9499989271179288,0.4488507471474486,-0.2981023804460029,0.2981033222525491,0.0154061814525703,-0.0938374965839993,0.0014005923065596,-0.1120446618513549,-0.1246721953334691,0.0014005923065596,-0.144310942173116
S0136,MTR-v2:monthly:AU:2019-09-04,monthly,A,A,AU,2019-08-30,2019-09-04,2,2019-09-05,18.85256779620076,19.07052230834961,0.8579637020925592,0.9954792043399638,0.8528528528528527,0.990990990990991,0.954954954954955,0.7117117117117117,0.8918918918918919,0.8918918918918919,0.1758658732024694,0.9705875753121864,0.5451479612804799,-0.4885207958357334,0.4885198844039453,0.0222915734818167,-0.1124942706348525,0.0026678286595376,-0.1240548985080999,-0.1507335771550827,0.0026678286595376,-0.1751889433929893
S0137,MTR-v2:monthly:MDB:2019-10-02,monthly,A,A,MDB,2019-09-30,2019-10-02,2,2019-10-03,120.9800033569336,120.4800033569336,8.691548919677732,0.9850877192982456,0.827485380116959,0.956140350877193,0.8508771929824561,0.9385964912280702,0.6929824561403509,0.4122807017543859,0.0299134836884244,0.8932869178808899,0.4764850489018077,-0.299140981446321,0.4843784604308183,0.0361280282208378,0.1032401844701527,0.1476276449444604,-0.015870439288013,0.0040502384705995,0.159894207581958,-0.015870439288013
S0138,MTR-v2:monthly:APPS:2019-10-04,monthly,A,A,APPS,2019-09-30,2019-10-04,4,2019-10-07,6.420000076293945,6.449999809265137,0.440499997138977,0.9982456140350876,0.7163742690058479,0.868421052631579,0.9824561403508772,0.9298245614035088,0.2368421052631578,0.9824561403508772,0.0454029081870883,0.9642849236124474,0.4651833687930475,-0.4313281690226987,0.2497154537836271,0.0172955431396293,0.0,0.020249238768851,-0.0607476420328533,0.0218068325267704,0.0373831414744636,-0.0607476420328533
S0139,MTR-v2:weekly:B:2019-10-04,weekly,A,A,B,2019-09-27,2019-10-04,5,2019-10-07,14.856902053178477,14.94117546081543,0.5684049465195417,0.9815303430079156,0.6403508771929824,0.8070175438596491,0.8157894736842105,0.5701754385964912,0.5350877192982456,0.2982456140350877,0.0296502214182438,0.964911458821326,0.6335052151839384,-0.2668717500801373,0.7561161769311218,0.0295823802582775,-0.0357344210340382,0.0328985403561545,-0.0385704529912173,-0.0249570663436579,0.0328985403561545,-0.0612590789911209
S0140,MTR-v2:monthly:SNAP:2019-11-04,monthly,A,A,SNAP,2019-10-31,2019-11-04,2,2019-11-05,15.31999969482422,15.0600004196167,0.6703998565673828,0.9936189608021878,0.7212121212121212,0.8636363636363636,0.9363636363636364,0.8363636363636363,0.3909090909090909,0.8636363636363636,0.4325776012809765,0.8695666596177934,0.5127504392636879,-0.0447490146027116,0.0596658269854636,0.0026126688933187,-0.0607049197145651,0.0019582694022926,-0.0887728253112639,-0.041122723693902,0.0019582694022926,-0.1187989380599725
S0141,MTR-v2:lm2:ENPH:2020-03-02,lm2,A,A+,ENPH,2020-02-27,2020-03-02,2,2020-03-03,52.40999984741211,48.7599983215332,3.677500057220459,0.9974424552429668,0.9689265536723164,1.0,0.9745762711864406,0.9491525423728814,0.9830508474576272,0.9491525423728814,0.7178798540498406,0.7437072755984144,0.7960592141800621,0.3208702343481819,0.2556090895391382,0.0186286654471126,-0.1722953406904609,0.1257393659945467,-0.1986262140377802,-0.4762449753318426,0.1257393659945467,-0.5477962062213265
S0142,MTR-v2:monthly:TSLA:2020-03-06,monthly,A,A,TSLA,2020-02-28,2020-03-06,5,2020-03-09,40.35933303833008,44.53266525268555,5.072299766540529,0.9688026981450252,0.8571428571428572,0.9411764705882352,0.6890756302521008,0.9915966386554622,0.8907563025210085,0.9831932773109244,0.4664553039151468,0.845139526980251,0.5186459886534287,-1.3603299969364655,0.1771713863924207,0.0195362256920856,-0.0970778992769063,0.1034209307277902,-0.170782452140401,-0.2937940579531656,0.1034209307277902,-0.4210178737021331
S0143,MTR-v2:weekly:RPAY:2020-04-15,weekly,A,A,RPAY,2020-04-09,2020-04-15,3,2020-04-16,15.369999885559082,14.970000267028809,1.739499998092651,0.9805579036348268,0.7282913165266106,0.8487394957983193,0.8067226890756303,0.8487394957983193,0.5294117647058824,0.6134453781512605,0.2184536446436257,0.803419207488544,0.3724970473458769,-0.160965641436164,0.0229950916337388,0.0026126688933187,0.078074158633703,0.0871827722115061,-0.0696161159916168,0.1691606666983938,0.2329213340296747,-0.0696161159916168
S0144,MTR-v2:weekly:NTRA:2020-05-15,weekly,A,A,NTRA,2020-05-08,2020-05-15,5,2020-05-18,46.650001525878906,43.56999969482422,2.350650596618652,0.9774109470026064,0.7327586206896551,0.8362068965517241,0.7758620689655172,0.6637931034482759,0.7586206896551724,0.3017241379310345,0.7061874060738651,0.9495410114895866,0.5288115308745917,-1.6974031292469869,0.3275690818836695,0.0173189490242835,-0.0252947538387792,0.0355841327570209,-0.0441586560752466,-0.0679528805992435,0.0355841327570209,-0.1097535386733422
S0145,MTR-v2:monthly:TGTX:2020-06-02,monthly,A,A,TGTX,2020-05-29,2020-06-02,2,2020-06-03,18.600000381469727,18.64999961853028,1.7418999195098874,0.9549319727891156,0.8022598870056497,0.9533898305084746,0.5508474576271186,0.9322033898305084,0.923728813559322,0.9322033898305084,0.0459268197960307,0.8857136110066611,0.590324424112045,-0.2353750883273898,0.1102241485141275,0.0103570738115519,-0.0198925178303766,0.0500000153818434,-0.077419381963681,-0.0220430020969554,0.0500000153818434,-0.1096774663273499
S0146,MTR-v2:weekly:FVRR:2020-06-24,weekly,A,A,FVRR,2020-06-19,2020-06-24,3,2020-06-25,69.44000244140625,66.75,4.751250076293945,0.980327868852459,0.7786885245901639,0.8934426229508197,0.8032786885245902,0.8524590163934426,0.680327868852459,0.9426229508196722,0.5535379555246249,0.8804340795215373,0.6702534035821968,-0.848199177896121,0.2925544577381329,0.0204441746333565,0.0829492267327647,0.099798387982825,-0.0189372464742617,0.2307027085228596,0.2391993091354964,-0.0189372464742617
S0147,MTR-v2:weekly:MRNA:2020-06-30,weekly,A,A+,MRNA,2020-06-26,2020-06-30,2,2020-07-01,63.0,61.27999877929688,4.049649810791017,0.9959083469721768,0.6937669376693768,0.8048780487804879,0.959349593495935,0.8130081300813008,0.3089430894308943,0.975609756097561,0.7235194256471914,0.717475960801371,0.732807208422085,0.2987910414496574,0.5012776101991782,0.0326471336335438,-0.0225396534753223,0.0115872943212116,-0.114126962328714,0.2733333527095734,0.4026984562949529,-0.114126962328714
S0148,MTR-v2:lm2:ALT:2020-08-03,lm2,A,A,ALT,2020-07-30,2020-08-03,2,2020-08-04,27.170000076293945,26.059999465942383,4.621349716186524,0.9956634865568084,0.9683908045977012,0.9913793103448276,0.956896551724138,1.0,0.9482758620689656,0.9913793103448276,0.2575006452962382,0.7623316851456983,0.2551057855070185,-0.2336979432487642,0.1601263303069819,0.0279139858441779,-0.0395657254295485,0.0934854251397254,-0.0613176430450045,-0.0224512553786775,0.0934854251397254,-0.2561649235287985
S0149,MTR-v2:monthly:ARCT:2020-08-04,monthly,A,A,ARCT,2020-07-31,2020-08-04,2,2020-08-05,52.93000030517578,52.22999954223633,5.457000160217284,0.993091537132988,0.7385057471264368,0.8577586206896551,0.9310344827586208,0.9655172413793104,0.3189655172413793,0.9655172413793104,0.4379694556492873,0.882128803273386,0.4198725721466522,-0.0678033233862501,0.2144031765794792,0.0218895818941979,-0.0695257941424181,0.1707916278746624,-0.0763272414931819,0.0608350878922676,0.1707916278746624,-0.1203476080702359
S0150,MTR-v2:weekly:ARCT:2020-08-04,weekly,A,A,ARCT,2020-07-31,2020-08-04,2,2020-08-05,52.93000030517578,52.22999954223633,5.457000160217284,0.993091537132988,0.7385057471264368,0.8577586206896551,0.9310344827586208,0.9655172413793104,0.3189655172413793,0.9655172413793104,0.4379694556492873,0.882128803273386,0.4198725721466522,-0.0678033233862501,0.2144031765794792,0.0218895818941979,-0.0695257941424181,0.1707916278746624,-0.0763272414931819,0.0608350878922676,0.1707916278746624,-0.1203476080702359
S0151,MTR-v2:monthly:MRNA:2020-08-04,monthly,A,A,MRNA,2020-07-31,2020-08-04,2,2020-08-05,77.48999786376953,74.0999984741211,7.193500137329103,0.9956822107081176,0.896551724137931,0.9655172413793104,0.956896551724138,0.9482758620689656,0.7844827586206896,0.913793103448276,0.6061028049094332,0.9487168201102838,0.2936376621727186,0.0653369308028724,0.0372555413335578,0.0034274316694413,-0.1099496306354904,0.0,-0.135372282268111,-0.1349851512818692,0.0,-0.1582138965649411
S0152,MTR-v2:lm2:BE:2020-09-01,lm2,A,A,BE,2020-08-28,2020-09-01,2,2020-09-02,16.440000534057617,16.309999465942383,1.3194000244140625,0.9768439108061748,0.7777777777777777,0.9145299145299144,0.7692307692307693,0.8632478632478633,0.7008547008547008,0.8034188034188035,0.1061098184072294,1.0,0.6125938131124001,-0.5767770694891301,0.5457035071853005,0.0457724883443171,-0.1192214676490363,0.0109489233168142,-0.1970803296557317,-0.0930657321741511,0.0109489233168142,-0.1970803296557317
S0153,MTR-v2:monthly:BE:2020-09-02,monthly,A,A,BE,2020-08-31,2020-09-02,2,2020-09-03,16.600000381469727,15.65999984741211,1.3154500484466554,0.9725321888412016,0.7692307692307692,0.905982905982906,0.7264957264957265,0.8803418803418803,0.7008547008547008,0.811965811965812,0.6233605721422205,0.9395343761948656,0.7295230263157895,0.0228049551043758,0.0304070901255001,0.0024330296155312,-0.1692771298218433,0.0012048468255456,-0.2048193068718208,-0.1234939845557618,0.0012048468255456,-0.2048193068718208
S0154,MTR-v2:lm2:TRUP:2020-09-02,lm2,A,A,TRUP,2020-08-28,2020-09-02,3,2020-09-03,67.8499984741211,65.98999786376953,4.441249465942383,0.9459691252144082,0.7065527065527065,0.8290598290598291,0.4615384615384615,0.7692307692307693,0.8888888888888888,0.6153846153846154,0.6462151627803348,0.902147154364958,0.6508992120370256,-0.0968196694360964,0.1936393388721928,0.0126470677992875,0.0481946108474586,0.0773765676944329,-0.0480471954243871,0.0343404846492867,0.1432572061797534,-0.0480471954243871
S0155,MTR-v2:weekly:OVID:2020-09-09,weekly,A,A+,OVID,2020-09-04,2020-09-09,2,2020-09-10,5.71999979019165,5.480000019073486,0.6440500497817994,0.9801553062985332,0.7557471264367815,0.8620689655172413,0.8017241379310345,0.9482758620689656,0.5172413793103449,0.5775862068965517,0.3726414914484902,0.884614679235594,0.2589828041717465,0.062106915241415,0.2639540195895987,0.030630557408013,0.1573426797865804,0.1888112657617819,-0.0157342096244582,0.0139860845240578,0.2062937672129259,-0.0157342096244582
S0156,MTR-v2:weekly:FLGT:2020-09-29,weekly,A,A+,FLGT,2020-09-25,2020-09-29,2,2020-09-30,42.060001373291016,39.380001068115234,3.278499698638916,0.987298899237934,0.834733893557423,0.9159663865546218,0.8739495798319328,0.8823529411764706,0.7478991596638656,0.8151260504201681,0.7411927797902824,0.7849161832588154,0.7532922000184179,0.1738599198471351,0.8448987989578435,0.0709528789140463,0.0584878507882029,0.1219685469785938,-0.0764621849326355,-0.0033286542980145,0.1219685469785938,-0.0764621849326355
S0157,MTR-v2:lm2:SWBI:2020-10-01,lm2,A,A+,SWBI,2020-09-29,2020-10-01,2,2020-10-02,12.885621001371312,12.639403343200684,1.177826455992143,0.9873949579831932,0.8403361344537815,0.9327731092436976,0.8739495798319328,0.9663865546218487,0.680672268907563,0.6974789915966386,0.5226192759032564,0.838095047792741,0.5403611541793911,0.0696830718620575,0.4041592062093747,0.0372511197863962,0.0630576720130424,0.1267520185989783,-0.0057324938650494,0.0687900256823574,0.1267520185989783,-0.0057324938650494
S0158,MTR-v2:lm2:TGTX:2020-10-01,lm2,A,A,TGTX,2020-09-29,2020-10-01,2,2020-10-02,26.350000381469727,26.170000076293945,1.7410001754760742,0.9890756302521008,0.8207282913165267,0.907563025210084,0.8907563025210085,0.7310924369747899,0.8403361344537815,0.7815126050420168,0.5284319262302042,0.7974687822920993,0.7675781977132521,-0.1074096816831555,0.0574384671973864,0.0037050901192201,0.1529411279299606,0.1802656520392451,-0.0127893695753213,0.1404174118415875,0.2132826888244354,-0.0127893695753213
S0159,MTR-v2:monthly:NVAX:2020-10-07,monthly,A,A,NVAX,2020-09-30,2020-10-07,5,2020-10-08,110.9499969482422,108.3499984741211,10.581999588012696,1.0,0.938888888888889,0.9916666666666668,1.0,0.975,0.8416666666666667,0.975,0.1559253061914716,0.8644064728200003,0.3307772359340648,-0.2910604754269414,0.1606498785133162,0.0156971089597268,0.0073006328099869,0.098873380103116,-0.0157728710963044,-0.1783685789136595,0.098873380103116,-0.1888237721900552
S0160,MTR-v2:monthly:AGNT:2020-11-03,monthly,A,A,AGNT,2020-10-30,2020-11-03,2,2020-11-04,20.13292639981035,19.325965881347656,2.0988440992924384,0.9887250650477016,0.8649425287356323,0.9741379310344828,0.8879310344827587,0.9482758620689656,0.7586206896551724,0.9913793103448276,0.1781208816566301,0.8646237351156106,0.5064291432584298,-0.1983224790100585,0.2367686746778692,0.0258784468240516,-0.0690669367733185,0.1637232701685065,-0.0937499133216254,-0.0124548640680822,0.1637232701685065,-0.0937499133216254
S0161,MTR-v2:monthly:NVAX:2020-11-03,monthly,A,A,NVAX,2020-10-30,2020-11-03,2,2020-11-04,84.0999984741211,80.70999908447266,7.100999069213867,1.0,0.7557471264367815,0.9482758620689656,1.0,0.8793103448275862,0.3879310344827586,0.896551724137931,0.4126180381967229,0.7789465019254167,0.6476296327961356,-0.2746088162011358,0.1957470175816148,0.0168996886279444,-0.063733658829981,0.2033293553433659,-0.0892984812424392,0.1045184432224712,0.2033293553433659,-0.0892984812424392
S0162,MTR-v2:weekly:CSIQ:2020-11-17,weekly,A,A,CSIQ,2020-11-13,2020-11-17,2,2020-11-18,39.970001220703125,38.83000183105469,3.109499740600586,0.9417152373022482,0.6831955922865015,0.8264462809917356,0.4214876033057851,0.8181818181818182,0.8099173553719008,0.4049586776859504,0.2765707886787554,0.971427896719718,0.5172959300822445,-0.0932628846180056,0.3569695733243247,0.0287712997141644,0.0162621388874255,0.0342756790103662,-0.1143357406868706,0.048286220821432,0.1433575023077151,-0.1143357406868706
S0163,MTR-v2:monthly:DNLI:2020-12-02,monthly,A,A,DNLI,2020-11-30,2020-12-02,2,2020-12-03,63.18000030517578,60.970001220703125,4.603949928283692,0.9522653721682848,0.7231182795698925,0.8346774193548387,0.5241935483870968,0.8145161290322581,0.8306451612903226,0.75,0.3366672664136405,0.772308349609375,0.5624456116846448,-0.1411826195564106,0.1324950574731739,0.0098530223203847,0.2081355090592116,0.2621082222001372,-0.0090218374813385,0.3232035148830552,0.359923991040352,-0.0090218374813385
S0164,MTR-v2:monthly:RIOT:2020-12-02,monthly,A,A,RIOT,2020-11-30,2020-12-02,2,2020-12-03,8.8100004196167,8.449999809265137,0.7667499661445618,0.9514563106796116,0.803763440860215,0.9274193548387096,0.5161290322580645,0.9274193548387096,0.967741935483871,0.9112903225806452,0.0782529145953517,0.9594598077701284,0.690098592822388,-0.7564394513409114,0.1173787499990865,0.0106888541297383,0.0045402905729676,0.2814982320221304,-0.0510784042572192,0.2213393548680418,0.3234959468843483,-0.0510784042572192
S0165,MTR-v2:weekly:VNET:2020-12-08,weekly,A,B,VNET,2020-12-04,2020-12-08,2,2020-12-09,29.350000381469727,28.040000915527344,1.8120000839233392,0.9766317485898468,0.7413333333333334,0.84,0.768,0.688,0.768,0.336,0.4635751690587647,0.7127068446437722,0.5593579691791055,-0.0441500662256256,0.6512132136728261,0.0425992189648565,-0.0238501108634192,0.0357751013088052,-0.0551959392905559,0.1308346914933487,0.1744463636350048,-0.0620102102613016
S0166,MTR-v2:monthly:ARCT:2021-01-05,monthly,A,A,ARCT,2020-12-31,2021-01-05,2,2021-01-06,47.91999816894531,43.380001068115234,15.018001174926756,0.99453125,0.6614583333333334,0.8125,0.9453125,1.0,0.0390625,0.875,0.3602343470610691,0.9452055689316632,0.5983632316598081,-0.1638033620998603,0.0752431069190368,0.0237096322226821,0.3123956968430035,0.6976210680834329,-0.0087645698037086,0.4044241574151763,0.6976210680834329,-0.0087645698037086
S0167,MTR-v2:monthly:FCEL:2021-01-05,monthly,A,A,FCEL,2020-12-31,2021-01-05,2,2021-01-06,359.1000061035156,335.1000061035156,37.605000305175786,0.98359375,0.9088541666666666,0.9765625,0.8359375,0.9453125,0.9453125,0.96875,0.023932825134441,0.8842972427424107,0.5552886601920821,-0.2951736740708886,0.757877935612658,0.0926829268292683,0.5914786696919663,0.5923140575724173,-0.0350877356985717,0.4001670265859858,0.7493734378437849,-0.0350877356985717
S0168,MTR-v2:lm2:TGTX:2021-01-07,lm2,A,A+,TGTX,2020-12-30,2021-01-07,5,2021-01-08,55.10699844360352,52.88999938964844,3.5278000831604004,0.9397967161845192,0.6927083333333334,0.84375,0.3984375,0.6796875,1.0,0.7109375,0.2267700034588853,0.9627480617365256,0.380503908104947,-0.0425198487280871,0.4166895434417436,0.0281500837158743,-0.0710798977901727,0.0296333184710557,-0.0734388949609404,-0.1031992384865287,0.0296333184710557,-0.1509245243430884
S0169,MTR-v2:lm2:CLNE:2021-02-01,lm2,A,A,CLNE,2021-01-28,2021-02-01,2,2021-02-02,10.789999961853027,10.4399995803833,1.1239999055862426,0.960919540229885,0.816793893129771,0.9083969465648856,0.6106870229007634,0.8854961832061069,0.9541984732824428,0.9083969465648856,0.1156584745201698,0.8235294117647085,0.4362530454669234,-0.4181497388860274,0.3202844189648606,0.0352595157034481,0.6561631976284532,0.707136250362931,-0.0713623268592782,0.4754402347152475,0.8341057447166753,-0.0713623268592782
S0170,MTR-v2:lm2:NIU:2021-02-01,lm2,A,A+,NIU,2021-01-28,2021-02-01,2,2021-02-02,47.220001220703125,44.5,3.4809999465942383,0.9455938697318008,0.6946564885496184,0.8091603053435115,0.4580152671755725,0.6793893129770993,0.9465648854961832,0.6335877862595419,0.7066932267205247,0.9888886298661252,0.5368882755901632,0.1580003577991026,0.6463659967020018,0.0503243132648911,-0.0368488274774527,0.0584497723461114,-0.070944561673361,0.0468021818581338,0.1304531911937207,-0.0842863074830108
S0171,MTR-v2:monthly:PLUG:2021-02-02,monthly,A,A,PLUG,2021-01-29,2021-02-02,2,2021-02-03,65.91000366210938,63.16999816894531,7.013500118255614,0.9938931297709924,0.8676844783715012,0.9389312977099236,0.9389312977099236,0.8702290076335878,0.7938931297709924,0.9465648854961832,0.1539889944884329,0.8256410156089523,0.3852370781581621,-0.2067436976963833,0.0228136678422372,0.0024965465946638,0.0238203551447651,0.0697921137693027,-0.0418753145634727,-0.1468669941136405,0.0697921137693027,-0.1640116004757983
S0172,MTR-v2:lm2:ENPH:2021-02-04,lm2,A,B,ENPH,2021-01-28,2021-02-04,5,2021-02-05,196.97999572753903,193.7400054931641,15.328999328613282,0.9839080459770116,0.7837150127226463,0.8778625954198473,0.8396946564885496,0.6946564885496184,0.816793893129771,0.8091603053435115,0.1232956795895029,0.7155477793893217,0.2884515765659701,-0.1500416135236934,0.0671928256513323,0.0052929020914265,0.0106610120269285,0.1627576315055812,-0.0328967198095694,-0.0367549517281401,0.1627576315055812,-0.1089958457020184
S0173,MTR-v2:monthly:RIOT:2021-02-04,monthly,A,A,RIOT,2021-01-29,2021-02-04,4,2021-02-05,23.57999992370605,20.520000457763672,3.74429988861084,0.9961832061068704,0.8854961832061069,0.9580152671755724,0.9618320610687024,0.9847328244274808,0.7099236641221374,0.9618320610687024,0.6837057773415035,0.7980768789906441,0.3987922206432241,-0.1495605273620734,-0.1041581607377954,-0.0166169322990361,0.8273961107721439,0.9779473935773476,-0.0275657175841123,2.0250212918509547,2.371501283173246,-0.0275657175841123
S0174,MTR-v2:lm2:DFTX:2021-03-01,lm2,A,A+,DFTX,2021-02-25,2021-03-01,2,2021-03-02,55.20000076293945,51.59999847412109,5.368500328063966,1.0,0.7818627450980392,0.8860294117647058,1.0,0.6617647058823529,0.6838235294117647,0.8382352941176471,0.5588152773908622,0.8181815379469828,0.4179056378517233,0.2794076386954311,0.3911704099454541,0.0399999709356397,-0.30706522696861,0.0054347687122127,-0.3831521962600902,-0.2119565326309683,0.0054347687122127,-0.3831521962600902
S0175,MTR-v2:weekly:MSTR:2021-03-30,weekly,A,B,MSTR,2021-03-26,2021-03-30,2,2021-03-31,64.76100158691406,62.400001525878906,7.230401420593262,0.9777777777777776,0.6833333333333332,0.8285714285714286,0.7785714285714286,0.7785714285714286,0.4928571428571429,0.9071428571428573,0.4146382647710344,0.7242423944045662,0.7903294912587535,-0.123782427973822,0.1593273125839216,0.0179310834580634,0.013264173478156,0.1365481458478286,-0.0096200040667483,0.1357144153036029,0.3620851580883644,-0.0096200040667483
S0176,MTR-v2:weekly:CWH:2021-04-06,weekly,A,B,CWH,2021-04-01,2021-04-06,2,2021-04-07,29.77596471858384,28.929697036743164,2.074842105044773,0.9755043227665706,0.6666666666666666,0.8129496402877698,0.7553956834532374,0.4244604316546763,0.8201438848920863,0.0431654676258992,0.28324673926429,0.7067649117171284,0.568706376400798,0.0226570621304985,0.3361143079695133,0.0241979178680507,0.0368421844559776,0.0655264000777526,-0.0407893689398296,0.0847370234473967,0.1373686096348605,-0.0407893689398296
S0177,MTR-v2:weekly:GOGO:2021-04-27,weekly,A,A,GOGO,2021-04-23,2021-04-27,2,2021-04-28,11.279999732971191,10.850000381469728,0.6104498386383062,0.980030721966206,0.6768447837150126,0.8091603053435115,0.8015267175572519,0.5190839694656488,0.7099236641221374,0.3511450381679389,0.6880173434574289,0.8378392310805093,0.5300599311028267,0.1146705987418743,0.1310523360262069,0.0071493190688423,-0.0669326358434274,0.0106382879787065,-0.1099290603255664,0.0292553130778427,0.0434397815950491,-0.1445035596655615
S0178,MTR-v2:monthly:GOGO:2021-05-04,monthly,A,A,GOGO,2021-04-30,2021-05-04,2,2021-05-05,10.68000030517578,10.420000076293944,0.5779499053955078,0.982225656877898,0.682051282051282,0.8192307692307692,0.823076923076923,0.5307692307692308,0.6923076923076923,0.4076923076923077,0.181675853315477,0.969387040143865,0.7599117470080898,-0.1124674188036023,0.6142392946554627,0.0349065427308918,0.0870785884763287,0.102059936464576,-0.0964420091024103,0.1479400635354244,0.1708801270708486,-0.0964420091024103
S0179,MTR-v2:lm2:GOGO:2021-05-04,lm2,A,A,GOGO,2021-04-29,2021-05-04,3,2021-05-05,10.68000030517578,10.43000030517578,0.602949857711792,0.9837712519319938,0.7128205128205128,0.8615384615384616,0.8384615384615385,0.5769230769230769,0.7230769230769231,0.3846153846153846,0.1575575682445911,0.969387040143865,0.722217103570101,-0.1078042116210084,0.5887712513666712,0.0349065427308918,0.0870785884763287,0.102059936464576,-0.0964420091024103,0.1479400635354244,0.1708801270708486,-0.0964420091024103
S0180,MTR-v2:lm2:SIG:2021-05-04,lm2,A,A,SIG,2021-04-29,2021-05-04,3,2021-05-05,59.63356292385095,57.01178741455078,3.407364205134722,0.982998454404946,0.7769230769230769,0.926923076923077,0.8307692307692308,0.6153846153846154,0.8846153846153846,0.946153846153846,0.6453426333476066,0.909420234769881,0.4938652462184273,-0.0717045580015835,0.1737444185187449,0.0100993466276162,-0.0042544938871594,0.0772141765551812,-0.0627165131359609,-0.01087291485418,0.0772141765551812,-0.0871413611615863
S0181,MTR-v2:lm2:FCEL:2021-06-01,lm2,A,A,FCEL,2021-05-27,2021-06-01,2,2021-06-02,302.3999938964844,295.20001220703125,23.85000152587892,0.9798356982823002,0.7910447761194029,0.917910447761194,0.7985074626865671,0.8731343283582089,0.7014925373134329,0.2537313432835821,0.3144653886861172,0.8166673448350694,0.711140942627756,-0.6163513940870243,0.1635230257671347,0.0130522910756099,0.2043651440406506,0.2519841724372373,-0.0297619053626067,-0.0863095457351431,0.2519841724372373,-0.1051586919140425
S0182,MTR-v2:monthly:AGNT:2021-06-02,monthly,A,A,AGNT,2021-05-28,2021-06-02,2,2021-06-03,29.925852793780365,29.41522979736328,2.282780195069264,0.9879789631855748,0.7910447761194029,0.914179104477612,0.8805970149253731,0.8507462686567164,0.6417910447761194,0.1194029850746268,0.4273933458048134,0.9779739088203516,0.7800196873066219,0.0599140879663815,0.0279617006524179,0.0021047358104093,0.1974402032057018,0.2763554797763183,-0.0112735812103957,0.0630711459551407,0.2763554797763183,-0.0112735812103957
S0183,MTR-v2:monthly:CLSK:2021-06-02,monthly,A,A,CLSK,2021-05-28,2021-06-02,2,2021-06-03,17.030000686645508,16.760000228881836,1.7150497436523433,0.9932381667918858,0.7761194029850746,0.8955223880597015,0.9328358208955224,0.9477611940298508,0.4477611940298507,0.1940298507462686,0.2273982962254499,0.8035701513278225,0.4891649568565727,-0.1807524633555017,0.1341066304855535,0.0135933534987728,0.1086317322096066,0.1978860126839241,-0.0587199036805778,0.1403405339567962,0.2184380013719917,-0.0587199036805778
S0184,MTR-v2:weekly:NEGG:2021-06-02,weekly,A,B,NEGG,2021-05-28,2021-06-02,2,2021-06-03,201.6000061035156,201.0,34.07000350952148,0.936138241923366,0.7512437810945274,0.8731343283582089,0.3656716417910448,0.9925373134328358,0.8955223880597015,0.4925373134328358,0.1467566623115451,0.7407405314295644,0.1376121093677062,-0.117405329849236,-0.0821838204676234,-0.0134099761055259,0.0277777315237339,0.0793650769622718,-0.0456349798040545,0.0218253658892506,0.1111110774718064,-0.0456349798040545
S0185,MTR-v2:monthly:WULF:2021-07-08,monthly,A,A,WULF,2021-06-30,2021-07-08,5,2021-07-09,17.578701438011944,16.461915969848633,1.8435473201849912,0.923355025307303,0.7314148681055156,0.8237410071942446,0.237410071942446,0.9640287769784172,0.9928057553956836,0.7553956834532374,0.5872837972352195,0.8043475105992529,0.0740171294128857,-1.8635836176869327,-0.0832371285538492,-0.0086705348358024,-0.1299708593533057,0.1353054750061026,-0.1299708593533057,0.025703234857636,0.1353054750061026,-0.1299708593533057
S0186,MTR-v2:weekly:CLDX:2021-08-03,weekly,A,A+,CLDX,2021-07-30,2021-08-03,2,2021-08-04,44.20000076293945,43.75,3.305499839782716,0.955984555984556,0.7743589743589743,0.9,0.5615384615384615,0.8538461538461538,0.9076923076923076,0.8153846153846154,0.3448795779470903,0.9125682946200204,0.2733441920515589,0.0,0.3630315598558133,0.0274662577399547,0.0520361809357485,0.0891402388846238,-0.0113122169993091,0.0287330415348892,0.0891402388846238,-0.0502262710946498
S0187,MTR-v2:monthly:JKS:2021-08-03,monthly,A,A,JKS,2021-07-30,2021-08-03,2,2021-08-04,44.81178803625404,41.37240982055664,4.246641130416098,0.9382239382239382,0.712820512820513,0.8769230769230769,0.3846153846153846,0.953846153846154,0.8,0.0153846153846153,0.578504115580206,0.993670740908404,0.42371330322877,0.1518573492591779,0.386875018788695,0.0389444833473366,0.0181601319361479,0.0474559906693967,-0.0734965059318452,-0.2975843019982381,0.0474559906693967,-0.3147163921934032
S0188,MTR-v2:lm2:MRNA:2021-09-01,lm2,A,B,MRNA,2021-08-30,2021-09-01,2,2021-09-02,393.1300048828125,370.6900024414063,35.9582000732422,0.989071038251366,0.7751937984496124,0.8604651162790697,0.8914728682170543,0.9689922480620154,0.4651162790697674,0.9844961240310076,0.5353438147846734,0.7451967211344291,0.506802968147534,0.1462812308433414,0.197534826874094,0.0185535795181479,0.159718179139338,0.1686210864639603,-0.0113194417921819,0.1208760166445119,0.1824332926256342,-0.0113194417921819
S0189,MTR-v2:monthly:BNTX:2021-09-03,monthly,A,A,BNTX,2021-08-31,2021-09-03,3,2021-09-07,330.16690342513834,324.8868408203125,38.243954473718304,0.9890539483971852,0.8645833333333334,0.921875,0.890625,0.9921875,0.7109375,0.96875,0.1318687474254946,0.9992639881520116,0.3516303877895385,-0.1925909459379086,0.1499334844826207,0.0176869850872727,-0.0221198911472868,0.0859687414891574,-0.0360793978862108,0.0133615974904077,0.1204938074454058,-0.0360793978862108
S0190,MTR-v2:lm2:DDS:2021-09-03,lm2,A,A+,DDS,2021-08-30,2021-09-03,4,2021-09-07,158.0817659873276,153.70790100097656,8.881414966229636,0.9914129586260734,0.7984496124031008,0.8682170542635659,0.9147286821705426,0.7131782945736435,0.7674418604651163,0.9069767441860463,0.3455187129559499,0.9193354902742278,0.6737414621483283,-0.0052470881268892,0.5178446248282796,0.0302225751550651,-0.0213287279431416,0.0232455822962647,-0.070571925479549,-0.0195596239342712,0.0300276220473614,-0.070571925479549
S0191,MTR-v2:monthly:UUUU:2021-10-05,monthly,A,A,UUUU,2021-09-30,2021-10-05,3,2021-10-06,6.599999904632568,7.019999980926514,0.650499963760376,0.9628804751299184,0.8049382716049384,0.8962962962962963,0.6296296296296297,0.9703703703703704,0.8148148148148148,0.7333333333333333,0.015373142873102,0.8055564753799794,0.4795982070269608,-0.6302841971612171,0.0461186955875077,0.0042857442583357,0.1348484665675375,0.1454545533361515,-0.0742423906361318,0.2530303904942366,0.3045454213770291,-0.0742423906361318
S0192,MTR-v2:weekly:UUUU:2021-10-05,weekly,A,A,UUUU,2021-10-01,2021-10-05,2,2021-10-06,6.599999904632568,6.820000171661377,0.6464999675750732,0.9616236162361624,0.7965686274509803,0.9080882352941176,0.6176470588235294,0.9558823529411764,0.8161764705882353,0.7352941176470589,0.3248260613757678,0.8055564753799794,0.4868545997693289,-0.6341838638445084,0.0464040391539012,0.0042857442583357,0.1348484665675375,0.1454545533361515,-0.0742423906361318,0.2530303904942366,0.3045454213770291,-0.0742423906361318
S0193,MTR-v2:monthly:GSAT:2021-11-02,monthly,A,A,GSAT,2021-10-29,2021-11-02,2,2021-11-03,24.89999961853028,24.75,1.4699996948242184,0.9871794871794872,0.7042606516290726,0.8195488721804511,0.8721804511278195,0.7969924812030075,0.4436090225563909,0.6992481203007519,0.3061230315379514,1.0,0.646918631612531,-0.5102041875523549,0.0,0.0,0.0481928024627928,0.0542168836205552,-0.0481927258624453,-0.0481927258624453,0.0542168836205552,-0.0662650459360797
S0194,MTR-v2:lm2:NOG:2021-11-02,lm2,A,A,NOG,2021-10-28,2021-11-02,3,2021-11-03,18.94665455356418,19.010311126708984,1.1717312739825352,0.987130961392884,0.7593984962406015,0.8872180451127819,0.8721804511278195,0.8571428571428571,0.5488721804511278,0.8646616541353384,0.2648550746147013,0.7816105057768642,0.5695133138518632,-0.0135816039137963,0.224108773430826,0.0137787020122646,0.0365392102536634,0.0898781590070827,-0.0205796898578946,-0.013019839473867,0.0898781590070827,-0.0298196820730585
S0195,MTR-v2:lm2:UUUU:2021-11-02,lm2,A,A,UUUU,2021-10-28,2021-11-02,3,2021-11-03,8.829999923706055,8.180000305175781,0.621999979019165,0.979560938682816,0.7769423558897243,0.8947368421052632,0.7969924812030075,0.9473684210526316,0.5864661654135338,0.556390977443609,0.5948551415428289,0.9117655308597652,0.5308601120837007,0.1446947839609453,0.0803861614492476,0.0058823753805721,0.2423556468644419,0.2559456679964824,-0.009060014088027,0.115515341628176,0.2899207748285277,-0.009060014088027
S0196,MTR-v2:monthly:BTU:2021-12-02,monthly,A,A,BTU,2021-11-30,2021-12-02,2,2021-12-03,9.650816657315458,9.498235702514648,0.9157789541355412,0.9978525411596276,0.8166666666666668,0.9357142857142856,0.9785714285714284,0.8928571428571429,0.5785714285714286,0.7071428571428572,0.0520669406698578,0.9137929050026729,0.6763066036288603,-0.2915724131019425,0.531084103403039,0.0536842346191408,-0.0484188124219056,0.0375494188476392,-0.1086952458907757,-0.0355731652798446,0.0375494188476392,-0.152174066774422
S0197,MTR-v2:monthly:UUUU:2021-12-02,monthly,A,A,UUUU,2021-11-30,2021-12-02,2,2021-12-03,8.800000190734863,8.710000038146973,0.7690001010894773,0.9828203292770222,0.8333333333333334,0.9428571428571428,0.8285714285714286,0.8642857142857143,0.8071428571428572,0.7857142857142857,0.0,0.7818184655558965,0.664890635769771,-0.6892063241868458,0.3901172318571082,0.0356718425895308,-0.0659090808107835,0.0136363503361538,-0.1568181914238888,-0.1465909015787536,0.0136363503361538,-0.2011363571094089
S0198,MTR-v2:lm2:DVN:2022-02-02,lm2,A,A+,DVN,2022-01-28,2022-02-02,3,2022-02-03,42.840700499731234,41.73163604736328,2.1019641708408625,0.9905523255813954,0.7318840579710145,0.8876811594202898,0.9057971014492754,0.391304347826087,0.8985507246376812,0.9855072463768116,0.650883380364461,0.9054734205082476,0.6866070332745213,-0.0038516251005649,0.4313508584674228,0.0214889249718854,-0.0151170126719324,0.0476192456540234,-0.0447844952738855,0.0175737137982141,0.0525321864613617,-0.0542326699177233
S0199,MTR-v2:weekly:MXL:2022-03-10,weekly,A,B,MXL,2022-03-04,2022-03-10,4,2022-03-11,57.11000061035156,55.97999954223633,3.5720006942749025,0.9763779527559056,0.7261904761904763,0.8642857142857143,0.7642857142857142,0.8,0.6142857142857143,0.75,0.0307952376739086,0.707964452396425,0.6689734717416378,-0.4283310419701519,0.2743559215447641,0.0177826080817036,0.0337944367807616,0.0364209069187158,-0.1185431690669001,0.1040097804802391,0.1052354799037396,-0.1185431690669001
S0200,MTR-v2:monthly:AA:2022-04-04,monthly,A,A,AA,2022-03-31,2022-04-04,2,2022-04-05,88.85455643884359,85.83234405517578,5.535427217678402,0.9929676511954992,0.8461538461538461,0.9790209790209792,0.93006993006993,0.7692307692307693,0.8391608391608392,0.916083916083916,0.1498415972683039,0.7509159454149668,0.4339535723883155,-0.4615816875717701,-0.0172228868897327,-0.0010988843310011,-0.1144850584261197,0.0,-0.1327253676538484,-0.0710298778405749,0.0,-0.1327253676538484
S0201,MTR-v2:monthly:GTE:2022-04-04,monthly,A,A,GTE,2022-03-31,2022-04-04,2,2022-04-05,16.700000762939453,15.699999809265137,1.525,0.9838255977496484,0.8088578088578089,0.965034965034965,0.8391608391608392,0.958041958041958,0.6293706293706294,0.965034965034965,0.4590162683705814,0.7999992370605465,0.5959889894571541,0.0655740206358862,0.1967208111872438,0.0186334925436293,-0.0898204122842383,0.0299401183926648,-0.107784494741086,0.0179640253506037,0.0958082874865371,-0.107784494741086
S0202,MTR-v2:monthly:AMC:2022-05-04,monthly,A,A,AMC,2022-04-29,2022-05-04,3,2022-05-05,156.8000030517578,153.0,15.905001068115237,0.9865152590489707,0.7612293144208038,0.8865248226950354,0.8652482269503546,0.9574468085106383,0.4609929078014184,0.0070921985815602,0.264067693567272,0.8455277492795497,0.744142752432848,-0.2452064692464427,0.3143665302873511,0.0328515118282184,-0.3386479915181375,0.0070152475976896,-0.3679847159096715,-0.1862245153655906,0.0070152475976896,-0.3813775630604965
S0203,MTR-v2:lm2:NEXT:2022-05-04,lm2,A,B,NEXT,2022-04-28,2022-05-04,4,2022-05-05,6.460000038146973,6.21999979019165,0.8788999795913697,0.988660524450744,0.9248826291079814,0.9929577464788732,0.8873239436619719,0.9859154929577464,0.9014084507042254,0.7746478873239436,0.2730688969487819,0.7042253142759665,0.3252894196107838,-0.3072021699807591,-0.0568895117714191,-0.0076805205801738,-0.1780185895629351,0.077399380347902,-0.222136212740823,0.077399380347902,0.1671826497412605,-0.230650191819925
S0204,MTR-v2:monthly:PANW:2022-06-02,monthly,A,A,PANW,2022-05-31,2022-06-02,2,2022-06-03,85.01333618164062,83.79666900634766,5.361499404907226,0.9575671852899575,0.7488262910798121,0.8591549295774648,0.5774647887323944,0.7464788732394366,0.9225352112676056,0.1971830985915492,0.4526096296018548,0.8161870624099695,0.5298043795987779,-0.1681739874971264,0.5760204182912246,0.0371484098216785,0.0119000781486418,0.048502145049192,-0.0153309722416168,-0.0858101343388434,0.048502145049192,-0.0986708269361174
S0205,MTR-v2:weekly:PANW:2022-06-02,weekly,A,A,PANW,2022-05-27,2022-06-02,3,2022-06-03,85.01333618164062,84.46666717529297,5.42024917602539,0.9532908704883228,0.7230046948356806,0.8556338028169014,0.5352112676056338,0.7676056338028169,0.8661971830985915,0.2323943661971831,0.3240936041446822,0.8161870624099695,0.5449451409813154,-0.1663511592557262,0.5697769658898696,0.0371484098216785,0.0119000781486418,0.048502145049192,-0.0153309722416168,-0.0858101343388434,0.048502145049192,-0.0986708269361174
S0206,MTR-v2:monthly:IRTC:2022-06-03,monthly,A,A,IRTC,2022-05-31,2022-06-03,3,2022-06-06,146.02999877929688,140.85000610351562,11.140398406982422,0.9667609618104668,0.8568075117370891,0.9612676056338028,0.6690140845070423,0.9295774647887324,0.971830985915493,0.8732394366197183,0.2342825197989062,0.9099283061629772,0.5697196637472827,-0.647193322148977,0.2468493405295445,0.0195437415164942,-0.0788879296634915,0.0491748258295365,-0.1064849906303113,-0.2593987370407917,0.0491748258295365,-0.2944600449184982
S0207,MTR-v2:lm2:LNTH:2022-06-03,lm2,A,A+,LNTH,2022-05-27,2022-06-03,4,2022-06-06,73.62000274658203,70.33999633789062,4.420949554443359,0.989384288747346,0.8450704225352114,0.971830985915493,0.8943661971830986,0.7323943661971831,0.908450704225352,0.9577464788732394,0.3506041027317202,0.9156630105317828,0.5859658624844482,-0.228458190665249,0.4275098293643405,0.0269999912806919,-0.1327085562070905,0.0021732684969544,-0.1677533527311874,-0.175224138068615,0.0021732684969544,-0.1961423784662471
S0208,MTR-v2:monthly:PECO:2022-07-05,monthly,A,A,PECO,2022-06-30,2022-07-05,2,2022-07-06,29.604009705665863,28.96251106262207,0.9873744928509356,0.9992841803865424,0.7142857142857143,0.8285714285714286,0.9928571428571428,0.1857142857142857,0.9642857142857144,0.1642857142857142,0.6848223000116278,1.0,0.3727574669297611,0.1624260055914993,0.5267785968531687,0.0178624135574725,0.0286968097067157,0.0368958943132315,-0.0199120166174432,0.0096685585975502,0.0368958943132315,-0.0359849592713767
S0209,MTR-v2:lm2:KOS:2022-08-01,lm2,A,B,KOS,2022-07-28,2022-08-01,2,2022-08-02,6.139999866485596,5.949999809265137,0.3899999856948852,0.9962321024868124,0.8020050125313283,0.9548872180451128,0.962406015037594,0.9097744360902256,0.5338345864661654,0.9022556390977444,0.4358976475115671,0.7037039653427665,0.5643200181293635,-0.6666672779963791,-0.0512820042566887,-0.0032573259546275,-0.0407166132632336,0.048859966980191,-0.0960911544919032,0.0048860277623297,0.0798046023795417,-0.0960911544919032
S0210,MTR-v2:lm2:PTEN:2022-08-01,lm2,A,A,PTEN,2022-07-28,2022-08-01,2,2022-08-02,14.348548581805613,13.765203475952148,0.8658754602370335,0.987189148455162,0.7468671679197995,0.924812030075188,0.8721804511278195,0.9022556390977444,0.4661654135338345,0.8421052631578947,0.5932630334852307,0.9193531020522429,0.7585406063692155,-0.7742587509155924,0.1407736866868809,0.0086100484426663,-0.1280339028604586,0.0212378878150278,-0.16868925124333,-0.1201455205897807,0.0212378878150278,-0.16868925124333
S0211,MTR-v2:lm2:LQDA:2022-08-02,lm2,A,A+,LQDA,2022-07-28,2022-08-02,3,2022-08-03,5.239999771118164,5.119999885559082,0.4299999833106994,0.9788997739261492,0.9273182957393484,1.0,0.7894736842105263,1.0,0.9924812030075189,0.7443609022556391,0.2325579267762732,0.7021270983359407,0.317487310196729,-0.1627911032052246,0.7441853656840743,0.065306058897173,0.0438931353282114,0.0534351568776119,-0.0324426730691461,0.4217557508929777,0.6774809820225103,-0.0324426730691461
S0212,MTR-v2:weekly:EQT:2022-08-10,weekly,A,A+,EQT,2022-08-05,2022-08-10,3,2022-08-11,42.28872177136586,39.73291015625,2.191513211619359,0.9887808526551982,0.6293532338308457,0.8097014925373134,0.8880597014925373,0.7611940298507462,0.2388059701492537,0.9477611940298508,0.5938741995240753,0.9715633384195956,0.6699428971347936,-0.2237747547652204,0.2797220384641892,0.0151656020047898,0.050624458925387,0.0938893886939897,-0.0490632177346294,0.1081623685371753,0.1536573602206161,-0.0490632177346294
S0213,MTR-v2:weekly:SM:2022-08-10,weekly,A,A,SM,2022-08-05,2022-08-10,3,2022-08-11,36.01103390334019,34.65572738647461,2.108450012100289,0.9842931937172776,0.6293532338308457,0.8097014925373134,0.8432835820895522,0.8582089552238806,0.1865671641791045,0.4253731343283582,0.1337373926626067,0.8619241051833518,0.7943159141534016,-0.2372708347836548,0.3882665860710862,0.0239936434591159,0.0424351995081568,0.0747664811359323,-0.0250063782371311,0.1621623016566802,0.1869158683968785,-0.0250063782371311
S0214,MTR-v2:lm2:LNTH:2022-09-01,lm2,A,A,LNTH,2022-08-30,2022-09-01,2,2022-09-02,79.7300033569336,77.37000274658203,4.206650161743164,0.996301775147929,0.7524509803921569,0.9044117647058824,0.9632352941176472,0.7941176470588235,0.5,1.0,0.3161646798575304,0.992124305019479,0.6272169409761634,-0.1664042767337345,0.2496036946243661,0.0135221558497116,0.0667251909047057,0.0762572926836759,-0.0245830506878654,-0.0027593278745797,0.0970776061443177,-0.0245830506878654
S0215,MTR-v2:weekly:TMDX:2022-09-29,weekly,A,B,TMDX,2022-09-23,2022-09-29,4,2022-09-30,42.7400016784668,41.68000030517578,3.2184501647949206,0.9552023121387284,0.6834532374100718,0.8633093525179856,0.5539568345323741,0.8992805755395683,0.5971223021582733,0.9784172661870504,0.2361379802758645,0.7099560236676198,0.7420296005516949,-0.4008143203949686,0.3635284404100312,0.0283498462798104,0.0014037799774813,0.0631725980863142,-0.0311184318863695,-0.041413205153322,0.0631725980863142,-0.0907814907754215
S0216,MTR-v2:weekly:EGY:2022-11-08,weekly,A,B,EGY,2022-11-04,2022-11-08,2,2022-11-09,4.131061428572501,4.171403884887695,0.2559725786648943,0.9727339719970524,0.8284313725490197,0.9705882352941176,0.7279411764705882,0.9264705882352942,0.8308823529411765,0.4044117647058823,0.0,0.742856987155382,0.679235213957995,-0.4412967619662625,-0.0630416874821762,-0.0038535608296746,0.0839845684162543,0.1191409406764083,-0.0527342060102012,0.0533483231388816,0.1191409406764083,-0.0567028725606798
S0217,MTR-v2:monthly:APA:2022-12-02,monthly,A,A,APA,2022-11-30,2022-12-02,2,2022-12-05,42.08991397178338,41.02167892456055,2.0348852070233865,0.9678597516435354,0.7153284671532848,0.8394160583941606,0.6788321167883211,0.7226277372262774,0.7445255474452555,0.5109489051094891,0.1118828528612988,0.7731093245114621,0.6930418229794336,-0.4173777232082053,0.3958702125821426,0.0199177746480945,-0.1291865782812803,0.0099854284435956,-0.1312669254871062,-0.0890368301560413,0.0099854284435956,-0.1312669254871062
S0218,MTR-v2:lm2:MOD:2022-12-02,lm2,A,A+,MOD,2022-11-29,2022-12-02,3,2022-12-05,20.88999938964844,20.600000381469727,1.0114998817443852,0.959409594095941,0.6960784313725489,0.8088235294117647,0.5955882352941176,0.6691176470588235,0.8235294117647058,0.9411764705882352,0.6129500784671779,0.7999995761445615,0.4645551721069129,-0.1779538568658735,0.4745423611998252,0.0231436618868605,-0.057922408799698,0.0177118645305822,-0.057922408799698,-0.0344662199325518,0.0177118645305822,-0.1000478800216502
S0219,MTR-v2:monthly:AMR:2023-02-02,monthly,A,A,AMR,2023-01-31,2023-02-02,2,2023-02-03,162.16518640812373,159.31411743164062,7.261843438251775,0.9905040175310446,0.8175182481751825,0.9635036496350364,0.9051094890510948,0.7299270072992701,0.8175182481751825,0.4598540145985401,0.3230869248268854,0.8505539054911957,0.7305668110275819,-0.1063322788756514,0.088611450246649,0.0039963675355998,-0.0438921417608901,0.0255174165000224,-0.0655025763278343,0.0548807989880646,0.0810757863423812,-0.0655025763278343
S0220,MTR-v2:lm2:CRK:2023-03-01,lm2,A,A,CRK,2023-02-27,2023-03-01,2,2023-03-02,11.869773822724492,11.74924373626709,0.674794017747824,0.9502133712660028,0.7021276595744682,0.8085106382978723,0.5035460992907801,0.900709219858156,0.7021276595744681,0.0070921985815602,0.3929574388707557,0.8000003178912353,0.454223892601974,0.0428657509587395,0.6001537395490489,0.0348837273774631,-0.0284322450250482,0.090170566561498,-0.0503656679142595,-0.1697806397547696,0.090170566561498,-0.1998374949654957
S0221,MTR-v2:lm2:WFRD:2023-03-01,lm2,A,A,WFRD,2023-02-27,2023-03-01,2,2023-03-02,64.7957826136806,65.37751770019531,2.9040293816352736,0.980796586059744,0.7494089834515366,0.8936170212765957,0.8085106382978723,0.6737588652482269,0.7659574468085106,0.8936170212765957,0.3071535838677646,0.8481667445585565,0.6471031104965955,-0.2670973905309119,0.417334411780947,0.0186289124951632,-0.0013468663795892,0.0501269256097181,-0.023791873097874,-0.1883884072387839,0.0501269256097181,-0.2153224651039073
S0222,MTR-v2:monthly:FLNC:2023-03-02,monthly,A,A,FLNC,2023-02-28,2023-03-02,2,2023-03-03,19.209999084472656,18.670000076293945,1.7734001159667958,0.9781227946365562,0.7934272300469484,0.9190140845070424,0.7816901408450704,1.0,0.5985915492957746,0.908450704225352,0.2988613127255661,0.8041249884477485,0.5671913329406414,-0.1635271169589461,0.0733061123345886,0.0068170461560372,0.0176991238309174,0.1249350151098556,-0.0369598708126198,-0.1499218791267142,0.1249350151098556,-0.1702238240465341
S0223,MTR-v2:lm2:ROIV:2023-04-03,lm2,A,A,ROIV,2023-03-30,2023-04-03,2,2023-04-04,7.420000076293945,7.309999942779541,0.4823000192642211,0.976470588235294,0.7977011494252874,0.903448275862069,0.7655172413793103,0.9241379310344828,0.7034482758620689,0.8827586206896552,0.1866061559051801,0.7500011920940324,0.6681333350159356,-0.2073396239650259,0.1036703063191697,0.0068027471270235,0.0013476754638623,0.016846361012766,-0.0606469382042184,0.1954177620425801,0.2061994228085477,-0.0606469382042184
S0224,MTR-v2:lm2:BBIO:2023-06-01,lm2,A,B,BBIO,2023-05-30,2023-06-01,2,2023-06-02,14.18000030517578,13.539999961853027,0.8235500335693361,0.988243938280676,0.7883211678832117,0.8905109489051095,0.8832116788321168,0.8613138686131386,0.6204379562043796,0.3795620437956204,0.5585574881872001,0.7209303872917302,0.5669179633149332,0.0,0.2307079990754494,0.013758115467789,0.1488011681904832,0.1780676702530561,-0.0317348909206439,0.0944993035083916,0.2122708155219976,-0.0317348909206439
S0225,MTR-v2:lm2:PACB:2023-06-01,lm2,A,A+,PACB,2023-05-30,2023-06-01,2,2023-06-02,13.170000076293944,12.34000015258789,0.7290001392364504,0.9816311535635562,0.6934306569343066,0.8065693430656934,0.8175182481751825,0.8321167883211679,0.4306569343065693,0.9343065693430656,0.7133050819907927,0.826666514078776,0.760192529247896,0.3566518868979081,0.7544569712107493,0.0446790591642947,0.0569476078705575,0.0774487090493918,-0.0220197388134436,0.0106302462043836,0.0858010712144887,-0.0220197388134436
S0226,MTR-v2:monthly:BBIO:2023-06-02,monthly,A,A,BBIO,2023-05-31,2023-06-02,2,2023-06-05,14.100000381469728,13.720000267028809,0.8188000202178957,0.9853801169590644,0.8029197080291971,0.8978102189781022,0.8540145985401459,0.8832116788321168,0.6715328467153284,0.3722627737226277,0.6595016469458865,0.9298247081676256,0.5785253104823336,0.0244265477159483,0.0977038614199926,0.0056417434403619,0.1347517423494015,0.1847517355857539,-0.0056737533008291,0.0645389945242862,0.219148941063064,-0.0056737533008291
S0227,MTR-v2:monthly:AMLX:2023-06-05,monthly,A,A,AMLX,2023-05-31,2023-06-05,3,2023-06-06,25.309999465942383,24.690000534057617,1.4302498817443845,0.9956140350877192,0.7055961070559612,0.8029197080291971,0.9562043795620438,0.8686131386861314,0.291970802919708,0.0291970802919708,0.4055234900622161,0.8600006103515625,0.5978834421604531,0.0419516715623397,0.0489422832455295,0.0027777655835299,-0.0189648183470816,0.0446464279715133,-0.0201501477535825,-0.0347688336363161,0.0446464279715133,-0.0861319775256902
S0228,MTR-v2:weekly:VRT:2023-06-27,weekly,A,B,VRT,2023-06-23,2023-06-27,2,2023-06-28,23.5047305530084,23.55455207824707,0.939840437394628,0.9496151154653604,0.7062937062937064,0.8321678321678322,0.4965034965034965,0.6223776223776224,1.0,0.7832167832167832,0.1696245523013134,0.7114087774005725,0.5335785324513538,-0.4876740151864147,0.307446637014656,0.0123351342133313,0.0300974891231824,0.0601950062425373,-0.0220432579228544,0.0919881521483796,0.1011021900851043,-0.0220432579228544
S0229,MTR-v2:monthly:FDMT:2023-07-06,monthly,A,A,FDMT,2023-06-30,2023-07-06,3,2023-07-07,18.049999237060547,18.06999969482422,1.3476001739501946,0.9881533101045296,0.9120370370370372,1.0,0.8819444444444444,0.9513888888888888,0.9027777777777778,0.7708333333333334,0.0148415369412167,0.7948716694706366,0.3140642719386318,-0.6010680924506342,0.0074207684706109,0.0005531100068605,0.065373980889317,0.1340720320544479,-0.0138504160978963,-0.0011079529784121,0.1340720320544479,-0.0142935972892611
S0230,MTR-v2:weekly:NVTS:2023-07-11,weekly,A,A,NVTS,2023-07-07,2023-07-11,2,2023-07-12,10.600000381469728,10.199999809265137,0.5405001640319824,0.9837455830388692,0.727699530516432,0.8450704225352113,0.8380281690140845,0.8028169014084507,0.5422535211267606,0.7746478873239436,0.2035163311163279,0.750001986823391,0.407384718697369,-0.0925054984027504,0.0185018054522629,0.0009708959899661,0.0037735811710866,0.0263206904313899,-0.0792452945620953,-0.0556603897504848,0.0263206904313899,-0.1273585219704064
S0231,MTR-v2:weekly:HLX:2023-07-25,weekly,A,A,HLX,2023-07-21,2023-07-25,2,2023-07-26,8.420000076293945,8.369999885559082,0.2304999589920044,0.98490294751977,0.7166666666666667,0.8214285714285714,0.85,0.3642857142857142,0.9357142857142856,0.45,0.6941426285358231,0.8799972534179688,0.6240764438642872,-0.2169206057715511,0.477222022764272,0.0130640921235789,0.1342042879099694,0.1923990345463422,-0.0035629136222521,0.1365795259038105,0.1923990345463422,-0.0035629136222521
S0232,MTR-v2:lm2:GENI:2023-08-01,lm2,A,A+,GENI,2023-07-28,2023-08-01,2,2023-08-02,7.75,7.599999904632568,0.4819000244140625,0.9847050254916242,0.9082125603864734,1.0,0.8478260869565217,0.9130434782608696,0.9637681159420288,0.6159420289855072,0.622536160066874,0.9142864538700796,0.3507777157538287,-0.1452577117200413,0.3527704247382986,0.0219922478492207,-0.1290322580645161,0.0903225560342111,-0.1329032528784967,-0.1716128933814263,0.0903225560342111,-0.2103225954117313
S0233,MTR-v2:lm2:IMVT:2023-08-01,lm2,A,B,IMVT,2023-07-28,2023-08-01,2,2023-08-02,22.739999771118164,22.530000686645508,1.1180999755859375,0.9985433357611072,0.8961352657004831,0.9782608695652174,0.9855072463768116,0.8478260869565217,0.855072463768116,0.8478260869565217,0.4829612914495645,0.7118643519865498,0.7268224670690029,0.1878178061515566,0.2414814986666812,0.0118421257367762,-0.0426560828108044,0.0129727387538773,-0.0677220327035643,-0.0976253006024252,0.0129727387538773,-0.1160949611354645
S0234,MTR-v2:weekly:POWL:2023-08-15,weekly,A,A+,POWL,2023-08-11,2023-08-15,2,2023-08-16,27.14989714279069,26.40696144104004,1.3602787969820798,0.9864188706218728,0.8690476190476191,0.9571428571428572,0.8642857142857143,0.7642857142857142,0.9785714285714284,0.9357142857142856,0.4327055306583305,0.7155696265420851,0.724431689120216,0.1223138641150571,0.3379623284780143,0.0173246075378201,-0.0543058477398266,0.0234639874092841,-0.076197423635786,0.0330188046870958,0.0399128731562177,-0.076197423635786
S0235,MTR-v2:lm2:FSLY:2023-09-01,lm2,A,B,FSLY,2023-08-30,2023-09-01,2,2023-09-05,23.799999237060547,23.440000534057617,1.4010002136230473,0.9600591715976332,0.8186274509803922,0.9485294117647058,0.6029411764705882,0.875,0.9779411764705882,0.8455882352941176,0.4710918963426287,0.7000008174364662,0.5262425242318004,-0.0692363363881765,0.0642399278121041,0.003748444470218,-0.0138655434573373,0.0144958500740579,-0.0474789578567299,-0.1621848246529467,0.0144958500740579,-0.1630251800481068
S0236,MTR-v2:lm2:IONQ:2023-09-01,lm2,A,A,IONQ,2023-08-30,2023-09-01,2,2023-09-05,17.280000686645508,17.1200008392334,1.6034501552581784,0.9940828402366864,0.8799019607843137,0.9705882352941176,0.9411764705882352,0.9705882352941176,0.7279411764705882,0.9632352941176472,0.2432251407189156,0.8990820229791732,0.5464451912502379,-0.0124733891465753,0.1060214286901689,0.0098039258822366,0.138888861294147,0.1603008356681243,-0.0393518679487846,-0.0648148608060512,0.2499999724052581,-0.0694444858365572
S0237,MTR-v2:monthly:FSLY:2023-09-05,monthly,A,A,FSLY,2023-08-31,2023-09-05,2,2023-09-06,23.8799991607666,23.790000915527344,1.2323502540588385,0.9319022945965952,0.6936274509803922,0.8161764705882353,0.3235294117647059,0.8308823529411765,0.9264705882352942,0.8455882352941176,0.1785201184727405,0.7522931926911876,0.6800333285217542,-0.2434366658930553,0.1704069043112041,0.0088235713677791,-0.0443885889110037,0.0103434529576964,-0.0531825207306361,-0.1758793552426569,0.0103434529576964,-0.1968173794290845
S0238,MTR-v2:monthly:RIOT:2023-09-07,monthly,A,A,RIOT,2023-08-31,2023-09-07,4,2023-09-08,11.300000190734863,11.350000381469728,1.0512001991271973,0.9859363434492968,0.8995098039215687,0.9779411764705882,0.8602941176470589,0.9632352941176472,0.875,0.7867647058823529,0.0285385533565329,0.8469390932693918,0.6840887733588922,-0.2568487946573183,0.2758751017111792,0.0261496806008028,-0.0292035325784002,0.0035398195732618,-0.1075221355822717,-0.1522124104421763,0.0256637130051382,-0.1752212798663571
S0239,MTR-v2:weekly:IDYA:2023-10-10,weekly,A,A,IDYA,2023-10-06,2023-10-10,2,2023-10-11,26.96999931335449,26.670000076293945,1.0329998970031742,0.9637943519188994,0.7050359712230216,0.8129496402877698,0.6402877697841727,0.6834532374100719,0.7913669064748201,0.6402877697841727,0.2420135768892838,0.8685453576721425,0.5389752162752245,-0.0871250353935104,0.1645693061413954,0.006355143039026,-0.0189099088567384,0.0307749330677615,-0.1015943582082858,0.0103819315452065,0.0307749330677615,-0.1015943582082858
S0240,MTR-v2:monthly:ACHR:2023-12-07,monthly,A,A,ACHR,2023-11-30,2023-12-07,5,2023-12-08,6.21999979019165,5.980000019073486,0.3878499984741211,0.9788475565280816,0.7898550724637681,0.9166666666666666,0.7898550724637681,0.8985507246376812,0.6811594202898551,0.8623188405797102,0.6961453706039634,0.7843140921475094,0.7558346415489272,-0.7734954026430929,0.1546988346412084,0.0096930439781746,0.1093248115937361,0.1278135214003679,-0.0305465573620937,0.0337620651496037,0.1278135214003679,-0.0305465573620937
S0241,MTR-v2:weekly:EH:2023-12-12,weekly,A,B,EH,2023-12-08,2023-12-12,2,2023-12-13,16.90999984741211,16.469999313354492,1.2090999603271484,0.9753801593048516,0.8321342925659473,0.9496402877697842,0.7553956834532374,0.935251798561151,0.8057553956834532,0.1510791366906475,0.4714263674432883,0.7065486954275381,0.3189643362710626,-0.0909756898620418,-0.1075172980168053,-0.0075712964582969,0.0029567851869731,0.0851567443554999,-0.0272027846613525,0.0206978346911865,0.0934358331143248,-0.0703725364353221
S0242,MTR-v2:lm2:ARDX:2024-02-01,lm2,A,A+,ARDX,2024-01-30,2024-02-01,2,2024-02-02,9.100000381469728,8.9399995803833,0.5900500059127808,0.973087818696884,0.8615023474178404,0.9788732394366196,0.7323943661971831,0.8661971830985915,0.9859154929577464,0.8169014084507042,0.5931707108930399,0.8947362256959696,0.6532351486479927,0.1881197524325796,0.6948561025397467,0.0461711533928197,0.0186813262821519,0.0472526740083514,-0.0549450526417722,0.0219780000968343,0.1131867790982263,-0.0549450526417722
S0243,MTR-v2:lm2:GCT:2024-02-01,lm2,A,A+,GCT,2024-01-30,2024-02-01,2,2024-02-02,24.8799991607666,22.989999771118164,2.823100280761719,0.990084985835694,0.687793427230047,0.823943661971831,0.9014084507042254,0.9788732394366196,0.1830985915492957,0.9859154929577464,0.5986328383636543,0.928286737545054,0.654889102292357,0.1700256790406384,0.8253337437511722,0.1042505540911689,0.1937299744677458,0.2029743293710617,-0.0253215105312403,0.3054662635782643,0.339630343863232,-0.0253215105312403
S0244,MTR-v2:lm2:MARA:2024-02-01,lm2,A,A+,MARA,2024-01-30,2024-02-01,2,2024-02-02,17.940000534057617,18.11000061035156,2.735499811172485,0.9950424929178472,0.6901408450704225,0.8345070422535211,0.9507042253521126,0.9929577464788732,0.1267605633802817,0.852112676056338,0.1791262310152179,0.8439305020071244,0.6551815808174022,-0.212027038472891,0.3070737380997482,0.0472973052794141,0.2028985106627057,0.2051282160326362,-0.1003345089645915,0.5061315302900031,0.6973244067151854,-0.1003345089645915
S0245,MTR-v2:monthly:BHVN:2024-02-02,monthly,A,A,BHVN,2024-01-31,2024-02-02,2,2024-02-05,44.790000915527344,44.47999954223633,2.6382999420166016,0.9758522727272728,0.83451536643026,0.953900709219858,0.7588652482269503,0.8085106382978723,0.9361702127659576,0.9574468085106383,0.1175004283455595,0.8613867743342694,0.6517929812802221,-0.3600806518660323,0.2766931578213007,0.0165683050268548,0.0839472704772756,0.0924313307663546,-0.0118330561098605,0.1051573786157222,0.1214556489286229,-0.0118330561098605
S0246,MTR-v2:monthly:COIN:2024-02-02,monthly,A,A,COIN,2024-01-31,2024-02-02,2,2024-02-05,128.6999969482422,128.1999969482422,9.738501739501952,0.9907670454545454,0.7234042553191489,0.8581560283687943,0.9078014184397164,0.9432624113475178,0.3191489361702128,0.75177304964539,0.1047393428419824,0.8013093235161839,0.4216285073315746,-0.2926534470857301,0.2382296329438114,0.0182821092744518,0.1032634721061149,0.123154673499253,-0.1102563725601201,0.4010101152613619,0.5045843355188457,-0.1102563725601201
S0247,MTR-v2:monthly:IRON:2024-02-02,monthly,A,A,IRON,2024-01-31,2024-02-02,2,2024-02-05,66.5999984741211,65.75,3.441849517822265,0.9879261363636364,0.706855791962175,0.8297872340425532,0.8794326241134752,0.7659574468085106,0.475177304964539,0.8156028368794326,0.5084475631309018,0.935221221443839,0.3882298567246957,-0.1423646970131232,0.0610134415770528,0.0031208066817576,0.0253754126145053,0.0551050788743092,-0.0289789842251381,-0.0102102150263563,0.0551050788743092,-0.0289789842251381
S0248,MTR-v2:weekly:MOD:2024-02-23,weekly,A,A,MOD,2024-02-16,2024-02-23,4,2024-02-26,83.04000091552734,80.19000244140625,3.6285009384155273,0.9930118798043326,0.7175925925925926,0.8333333333333334,0.9305555555555556,0.6597222222222222,0.5625,0.9097222222222222,0.4437095752976732,0.7673474980303743,0.5745793619099399,-0.3444948812789457,0.0826796125589032,0.0036810190399731,0.104287041633396,0.1310211600850737,-0.0065029011268515,0.0098747553682998,0.1560693514160271,-0.0089113421918467
S0249,MTR-v2:lm2:AFRM:2024-03-01,lm2,A,A,AFRM,2024-02-28,2024-03-01,2,2024-03-04,38.68000030517578,37.5,2.989050102233887,0.9931647300068353,0.7324263038548753,0.8571428571428571,0.9319727891156464,0.9251700680272108,0.3401360544217687,0.891156462585034,0.1706222057475893,0.7650269009407542,0.4963238022767348,-0.4282305582758622,0.1371672716712578,0.0109042517034756,0.0020682010270489,0.033092005408428,-0.0762668236728196,-0.1284902063467173,0.0423991565850372,-0.150206859551487
S0250,MTR-v2:lm2:APP:2024-04-01,lm2,A,A,APP,2024-03-27,2024-04-01,2,2024-04-02,67.4000015258789,68.86000061035156,2.934050178527832,0.9892183288409704,0.697986577181208,0.825503355704698,0.8926174496644296,0.4563758389261745,0.7449664429530202,0.8053691275167785,0.0954308080161618,0.8220850281071113,0.3387819230431431,-0.3050405473671921,0.0340820599637011,0.0014484135688734,0.1580118884980994,0.1615726875832059,-0.0029674269007238,0.0597922654015001,0.180267080872599,-0.0029674269007238
S0251,MTR-v2:monthly:DELL:2024-04-02,monthly,A,A,DELL,2024-03-28,2024-04-02,2,2024-04-03,113.39532803808572,109.85262298583984,5.920547272822761,0.9643577673167452,0.7539149888143176,0.8859060402684564,0.6442953020134228,0.6308724832214765,0.9865771812080536,0.785234899328859,0.7040648794394435,0.8994258228447501,0.4732076654108855,-0.2065038334120836,0.1707321942216887,0.0089445698715149,0.0504287130426346,0.1559555290983671,-0.0011036357280546,0.0279310295287988,0.1559555290983671,-0.0179132803820891
S0252,MTR-v2:monthly:ROOT:2024-04-02,monthly,A,A,ROOT,2024-03-28,2024-04-02,2,2024-04-03,61.400001525878906,61.08000183105469,6.91090021133423,0.9966375252185607,0.883668903803132,0.9731543624161074,0.9664429530201344,0.959731543624161,0.7248322147651006,1.0,0.1446989494016928,0.9518528575307628,0.3743670886075949,-0.4500138209564945,0.5903719785105963,0.0703448591561153,0.3073289030658113,0.4004885297523393,-0.0030945022261305,0.0071661012341104,0.4004885297523393,-0.0172638655854795
S0253,MTR-v2:monthly:OUST:2024-05-02,monthly,A,A,OUST,2024-04-30,2024-05-02,2,2024-05-03,9.949999809265137,9.06999969482422,0.7721499443054198,0.976073187895848,0.7762237762237763,0.8671328671328671,0.7622377622377622,0.93006993006993,0.6363636363636364,0.3846153846153846,0.6993459830380191,0.7812495809050662,0.5423581408076893,-0.2719679509086515,0.0259010626586858,0.0020854539907342,0.0402010633037523,0.0572864984346801,-0.0743718377189412,0.1718593036107067,0.4241206379822511,-0.0743718377189412
S0254,MTR-v2:lm2:OUST:2024-05-02,lm2,A,A,OUST,2024-04-29,2024-05-02,3,2024-05-03,9.949999809265137,9.300000190734863,0.8196499347686768,0.9517144856543036,0.6993006993006993,0.8181818181818182,0.5174825174825175,0.944055944055944,0.6363636363636364,0.4055944055944055,0.3782095902073993,0.7812495809050662,0.4971530872766883,-0.2562069845174099,0.0244000557323289,0.0020854539907342,0.0402010633037523,0.0572864984346801,-0.0743718377189412,0.1718593036107067,0.4241206379822511,-0.0743718377189412
S0255,MTR-v2:weekly:CADL:2024-05-07,weekly,A,A,CADL,2024-05-03,2024-05-07,2,2024-05-08,9.710000038146973,9.020000457763672,0.9921999931335448,0.9896049896049895,0.8919540229885058,0.9655172413793104,0.896551724137931,0.993103448275862,0.7862068965517242,1.0,0.5744806478218749,0.9489794230273304,0.1440493280930079,-1.2799833832677927,0.5946383356893248,0.0655555725097656,0.1019567216507542,0.1204943431202318,-0.0576725455629936,0.2636457682347488,0.4727085617461883,-0.0576725455629936
S0256,MTR-v2:weekly:MOD:2024-05-14,weekly,A,A+,MOD,2024-05-10,2024-05-14,2,2024-05-15,107.16999816894533,103.12999725341795,4.830499267578126,0.9931318681318682,0.7168949771689498,0.821917808219178,0.9315068493150684,0.6643835616438356,0.5547945205479452,0.8561643835616438,0.5237567109620727,0.9472574450893474,0.6624509153959917,0.1076502124637838,0.8156511828603701,0.0387338025375911,-0.0531864985129195,0.0220210940624556,-0.0915367894578952,-0.0994680994200464,0.0220210940624556,-0.1996827646870297
S0257,MTR-v2:weekly:CLS:2024-05-21,weekly,A,A,CLS,2024-05-17,2024-05-21,2,2024-05-22,52.790000915527344,51.58000183105469,2.143499374389647,0.9917920656634748,0.7800453514739228,0.9183673469387756,0.9183673469387756,0.5850340136054422,0.8367346938775511,0.8299319727891157,0.4945173165238642,0.7912069485898253,0.3964405789327484,-0.1166317112041082,0.1492884479685642,0.0061162021538749,0.1219927735370574,0.1566584639958053,0.0,0.0678158354663793,0.1566584639958053,-0.0170487120718003
S0258,MTR-v2:monthly:CATX:2024-07-03,monthly,A,A,CATX,2024-06-28,2024-07-03,3,2024-07-05,10.65999984741211,9.970000267028809,1.494500112533569,0.9506008010680908,0.7333333333333334,0.8766666666666667,0.5066666666666667,1.0,0.6933333333333334,0.8333333333333334,0.521913465532557,0.8709678411732017,0.3326746746478852,-0.4081630048479133,0.0869856839425282,0.0122410655218263,0.1200750235734695,0.1613508716368665,-0.0487804419824259,0.1153846635569368,0.2232645542690792,-0.0487804419824259
S0259,MTR-v2:lm2:CATX:2024-07-03,lm2,A,A,CATX,2024-06-27,2024-07-03,4,2024-07-05,10.65999984741211,9.869999885559082,1.5065001010894774,0.9679180887372012,0.7891156462585034,0.8979591836734694,0.6802721088435374,1.0,0.6870748299319728,0.8639455782312925,0.5841354499774116,0.8709678411732017,0.4637437854446629,-0.4049117927281278,0.086292801671174,0.0122410655218263,0.1200750235734695,0.1613508716368665,-0.0487804419824259,0.1153846635569368,0.2232645542690792,-0.0487804419824259
S0260,MTR-v2:monthly:WGS:2024-09-06,monthly,A,A,WGS,2024-08-30,2024-09-06,4,2024-09-09,33.33000183105469,31.940000534057617,2.3880999565124514,1.0,0.7990867579908677,0.9143835616438356,1.0,0.8972602739726028,0.5,0.9863013698630136,0.4396805676185292,0.8190258629311558,0.6486198981020099,0.1381859373828797,0.1633110889190997,0.0119632890368168,0.1362135268951594,0.1686168203761819,-0.0366036949798906,0.2121211913116927,0.299729892437675,-0.0366036949798906
S0261,MTR-v2:weekly:FIP:2024-09-10,weekly,A,A+,FIP,2024-09-06,2024-09-10,2,2024-09-11,7.93085686954052,7.702081680297852,0.391773353321226,0.9882026370575988,0.7287356321839081,0.8413793103448276,0.8827586206896552,0.6896551724137931,0.6137931034482759,0.8689655172413793,0.5596170534901552,0.9777793790094076,0.6784154425159824,-0.2433106006054969,0.4136290132809354,0.0208845293763895,0.1249997060595806,0.1538459405413326,-0.0264422261326946,0.0697113306535655,0.1670674406224785,-0.0264422261326946
S0262,MTR-v2:weekly:ARM:2024-09-24,weekly,A,B,ARM,2024-09-20,2024-09-24,2,2024-09-25,143.3000030517578,138.89999389648438,7.919101333618164,0.9690177982860908,0.7741228070175438,0.881578947368421,0.6907894736842105,0.8223684210526315,0.8092105263157895,0.5394736842105263,0.555619756574464,0.7191651493694787,0.6978624168589295,-0.0378834717626657,0.1288030332596978,0.0071689926989888,-0.0503838176339421,0.0634333296881191,-0.0519888122092457,0.002093531370334,0.0634333296881191,-0.0732728525916888
S0263,MTR-v2:lm2:HROW:2024-10-01,lm2,A,A,HROW,2024-09-27,2024-10-01,2,2024-10-02,43.75,44.06999969482422,2.131999778747559,0.9809960681520314,0.7647058823529411,0.8562091503267973,0.8104575163398693,0.673202614379085,0.8104575163398693,0.9673202614379084,0.1782369172376113,0.8082907391814808,0.7530116381950589,-1.1116318845384774,-0.1266418788853174,-0.0060375771554915,0.1657142857142857,0.1874285888671876,0.0,0.2226286097935268,0.2413714599609375,0.0
S0264,MTR-v2:weekly:HROW:2024-10-01,weekly,A,A,HROW,2024-09-27,2024-10-01,2,2024-10-02,43.75,44.06999969482422,2.131999778747559,0.9809960681520314,0.7647058823529411,0.8562091503267973,0.8104575163398693,0.673202614379085,0.8104575163398693,0.9673202614379084,0.1782369172376113,0.8082907391814808,0.7530116381950589,-1.1116318845384774,-0.1266418788853174,-0.0060375771554915,0.1657142857142857,0.1874285888671876,0.0,0.2226286097935268,0.2413714599609375,0.0
S0265,MTR-v2:monthly:ALT:2024-10-02,monthly,A,A,ALT,2024-09-30,2024-10-02,2,2024-10-03,6.21999979019165,6.139999866485596,0.5033000469207763,0.9764089121887288,0.9041394335511984,0.9803921568627452,0.7647058823529411,0.9869281045751634,0.9607843137254902,0.1045751633986928,0.2582954546423499,0.8181818181818182,0.6273338616459314,-0.4271808713376366,0.0993446971459029,0.0080386161449248,-0.0176848328597543,0.0442122354732359,-0.0297427570771414,0.1028939493425664,0.1639871407286792,-0.0482314668837732
S0266,MTR-v2:lm2:LUNR:2024-11-01,lm2,A,A+,LUNR,2024-10-30,2024-11-01,2,2024-11-04,8.050000190734863,7.860000133514404,0.6057499408721924,0.956199460916442,0.7225950782997762,0.8691275167785235,0.5637583892617449,0.9261744966442952,0.6778523489932886,0.8590604026845637,0.4127107677515884,0.9090909090909092,0.7031672467235162,0.1485748373066093,0.4622365007052783,0.0357598640740042,0.2086955666703036,0.2434782598394012,-0.0621117997705732,0.5428571157785469,0.8509315857755391,-0.0621117997705732
S0267,MTR-v2:weekly:DYN:2024-11-19,weekly,A,A,DYN,2024-11-15,2024-11-19,2,2024-11-20,29.46999931335449,28.38999938964844,1.9390997886657708,0.9805573558003888,0.6903225806451613,0.8451612903225807,0.8064516129032258,0.6903225806451613,0.5741935483870968,0.1161290322580645,0.6652576226698196,0.990415728734898,0.6424197457108581,0.0103143004194918,0.4074060139374844,0.0273451343792829,-0.0081438675503939,0.0468273193168986,-0.0295215117799652,-0.0010179429927328,0.0627757185128738,-0.0522564996287885
S0268,MTR-v2:lm2:DJT:2024-12-02,lm2,A,B,DJT,2024-11-27,2024-12-02,2,2024-12-03,32.04999923706055,30.440000534057617,4.682950019836426,0.9695817490494296,0.6814345991561183,0.8481012658227848,0.6962025316455697,0.9746835443037974,0.3734177215189873,0.0126582278481012,0.437758493198863,0.72307824731186,0.2773723216699143,0.0277605072795065,0.1334632880345077,0.0196140565459888,0.1026521370934385,0.146957853247819,-0.0014976704160996,0.2012480785173027,0.2062402735631952,-0.0014976704160996
S0269,MTR-v2:weekly:HOOD:2024-12-03,weekly,A,A+,HOOD,2024-11-29,2024-12-03,2,2024-12-04,39.95000076293945,37.540000915527344,2.1921500205993647,0.9809160305343512,0.7700421940928269,0.939873417721519,0.810126582278481,0.5949367088607594,0.9050632911392406,0.759493670886076,0.5017897788858167,0.9689725997465368,0.7261174044082231,-0.0684266699219306,0.7253153924899548,0.0429149847592287,-0.0648310413798681,0.0703378599481907,-0.069086410100669,0.0420525725429841,0.0971214266337288,-0.1083855256160974
S0270,MTR-v2:weekly:TPL:2024-12-26,weekly,A,A,TPL,2024-12-20,2024-12-26,3,2024-12-27,384.931078098437,374.39752197265625,33.08978542026135,0.9696778269109286,0.7127882599580713,0.8364779874213837,0.6981132075471698,0.8490566037735849,0.5911949685534591,0.779874213836478,0.3384042309871054,0.8882382672370224,0.1443864969717461,-0.0261621906653977,0.0757887450500379,0.0065463735745172,0.0395108837216029,0.0518027635320601,-0.0546781022074847,0.1163692519954713,0.1494336238254008,-0.0546781022074847
S0271,MTR-v2:lm2:CADL:2025-01-02,lm2,A,A+,CADL,2024-12-30,2025-01-02,2,2025-01-03,8.989999771118164,7.949999809265137,1.6915000438690186,0.98334401024984,0.9256900212314226,0.9808917197452228,0.8343949044585988,1.0,0.9426751592356688,0.6942675159235668,0.6148388618862842,0.9647050903746256,0.1704987537333791,0.171445435608563,0.2542118476792436,0.0502335666381568,-0.0901000541228752,0.0456062133315395,-0.1156840921391562,-0.2586206750232159,0.0456062133315395,-0.2602891807926805
S0272,MTR-v2:weekly:APP:2025-01-03,weekly,A,A+,APP,2024-12-27,2025-01-03,4,2025-01-06,358.8800048828125,335.1700134277344,25.497152709960943,0.9974358974358974,0.75,0.8461538461538461,0.9743589743589745,0.8333333333333334,0.4423076923076923,0.9743589743589745,0.6071258483188381,0.9016169365511412,0.7307100012201033,0.3232519524155086,0.3600399142683455,0.0268837456964423,-0.1203745308160526,0.009947635074806,-0.1443714083086588,-0.0570942653689099,0.009947635074806,-0.1443714083086588
S0273,MTR-v2:lm2:PPTA:2025-01-03,lm2,A,B,PPTA,2024-12-30,2025-01-03,3,2025-01-06,12.850000381469728,10.579999923706056,0.958400106430054,0.9730941704035876,0.8301486199575372,0.926751592356688,0.732484076433121,0.8789808917197452,0.8789808917197452,0.821656050955414,0.5217027801284901,0.7368426336148657,0.4664755031761494,-0.3756256434676406,-0.1147742534033955,-0.0098301752280741,-0.1439688970077783,0.0295719182479228,-0.1536965231781445,-0.0482490911150064,0.0295719182479228,-0.1536965231781445
S0274,MTR-v2:weekly:EBS:2025-01-16,weekly,A,A+,EBS,2025-01-10,2025-01-16,4,2025-01-17,10.010000228881836,9.880000114440918,0.5800001144409181,0.9878048780487804,0.7564102564102564,0.8589743589743589,0.8782051282051282,0.6410256410256411,0.75,0.6858974358974359,0.1551726462582595,0.8750004063952507,0.7959265829392482,-0.2413782103877473,0.706896149162526,0.0428870114451886,0.1648351229572935,0.1968031237072758,-0.0169830242164674,0.1238760981783391,0.1968031237072758,-0.0169830242164674
S0275,MTR-v2:lm2:RUM:2025-02-03,lm2,A,A,RUM,2025-01-30,2025-02-03,2,2025-02-04,12.43000030517578,12.119999885559082,1.1892000675201415,0.9588688946015425,0.7393162393162394,0.8525641025641025,0.5897435897435898,0.8461538461538461,0.782051282051282,0.5641025641025641,0.0756812541859078,0.7666665253815244,0.4991344669628852,-0.773629350873177,0.5129495644490558,0.052586175570449,-0.0144811183231289,0.1118261750218665,-0.041834307722997,-0.0683829734996698,0.1118261750218665,-0.1536604827448632
S0276,MTR-v2:weekly:CVNA:2025-02-11,weekly,A,A+,CVNA,2025-02-07,2025-02-11,2,2025-02-12,53.0,52.81399917602539,2.0775102615356427,0.9864516129032258,0.6881720430107526,0.8225806451612904,0.864516129032258,0.232258064516129,0.967741935483871,0.7419354838709677,0.6815852573282917,0.7464985133875264,0.651111712676846,0.0933811243835806,0.2502998263793415,0.0096816322216992,0.0634716681714326,0.1050566187444723,-0.0158490594827903,-0.1221509249705188,0.1050566187444723,-0.2156603831165241
S0277,MTR-v2:monthly:LTBR:2025-03-04,monthly,A,A,LTBR,2025-02-28,2025-03-04,2,2025-03-05,10.81999969482422,10.850000381469728,2.027499866485596,0.9666666666666668,0.8846153846153846,0.9423076923076924,0.6666666666666666,0.9935897435897436,0.9935897435897436,0.9807692307692308,0.0098641210388931,0.7699999809265128,0.6934957569759564,-0.4882859858502473,0.754623839074892,0.1638115319031623,-0.2338262296052953,0.0073937084993005,-0.3049907400160345,-0.1487984937233775,0.0073937084993005,-0.3049907400160345
S0278,MTR-v2:weekly:COMP:2025-03-18,weekly,A,B,COMP,2025-03-14,2025-03-18,2,2025-03-19,8.779999732971191,8.760000228881836,0.6224999427795408,0.9482428115015974,0.6624203821656051,0.821656050955414,0.4840764331210191,0.5222929936305732,0.9808917197452228,0.8152866242038217,0.0963846931045128,0.7428562864951321,0.6421930401554536,-0.5140573139166759,-0.1124508512980313,-0.007874088390909,0.074031958083514,0.1059225892323649,-0.0159452612649523,-0.0068336523652807,0.1059225892323649,-0.0308655941559531
S0279,MTR-v2:weekly:APP:2025-04-29,weekly,A,A,APP,2025-04-25,2025-04-29,2,2025-04-30,247.9100036621093,276.8299865722656,29.292498779296874,0.9936061381074168,0.7239915074309979,0.8280254777070064,0.9363057324840764,0.9235668789808916,0.3121019108280254,0.8598726114649682,0.4113687398721851,0.7519759478669413,0.5250346677640688,0.0700521307036905,0.0812496366644767,0.0083071723658376,0.2287523319646731,0.2477996286090444,-0.0077044235161748,0.4928804833868099,0.5356379596763228,-0.0077044235161748
S0280,MTR-v2:weekly:EOSE:2025-04-29,weekly,A,A,EOSE,2025-04-25,2025-04-29,2,2025-04-30,5.179999828338623,5.21999979019165,0.4434499502182006,0.9974424552429668,0.8917197452229298,0.9554140127388536,0.9745222929936306,0.7261146496815286,0.9745222929936306,0.929936305732484,0.4510098287391492,0.8517351913441246,0.6991898816664445,-0.3585521202857754,0.0225509753173166,0.0018484711948041,-0.0270270021477003,0.0463320957352806,-0.0617760049090294,0.3127413930659959,0.3629343970545822,-0.0617760049090294
S0281,MTR-v2:weekly:CORZ:2025-05-06,weekly,A,A,CORZ,2025-05-02,2025-05-06,2,2025-05-07,9.010000228881836,8.739999771118164,0.6817999124526978,0.9832904884318766,0.7713675213675213,0.8846153846153846,0.8333333333333334,0.7243589743589743,0.7564102564102564,0.0064102564102564,0.3666764917887029,0.9043472636172326,0.6275426644659243,0.1026689700976974,0.7406866812643571,0.059516810238585,0.1365149290777514,0.1426192913173298,-0.0294118020633659,0.2119866591445296,0.2452830168708264,-0.0294118020633659
S0282,MTR-v2:weekly:CVNA:2025-05-06,weekly,A,B,CVNA,2025-05-02,2025-05-06,2,2025-05-07,51.35599899291992,51.41999816894531,3.801119899749756,0.9820051413881749,0.7692307692307692,0.8782051282051282,0.8205128205128205,0.6987179487179487,0.7884615384615384,0.5384615384615384,0.0899742385592359,0.7108495146249653,0.6655070457911286,-0.1954155278320498,0.2004675089696123,0.0149411968156403,0.1412882751983688,0.1644209130330565,-0.0038554024993709,0.177233456045522,0.2145805879325397,-0.0038554024993709
S0283,MTR-v2:monthly:QBTS:2025-05-06,monthly,A,A,QBTS,2025-04-30,2025-05-06,4,2025-05-07,7.119999885559082,6.909999847412109,0.6942499876022339,0.9974309569685292,0.9444444444444444,0.9935897435897436,0.9743589743589745,0.9166666666666666,0.9423076923076924,1.0,0.4609293156296302,0.9459459807770128,0.5958748287683026,-1.0370901016193748,0.1872525988655843,0.0183098755193076,0.5070224318400784,0.6629213964738963,-0.0421347919550069,1.3258426590047687,1.470505679117251,-0.0421347919550069
S0284,MTR-v2:weekly:GDS:2025-05-15,weekly,A,A,GDS,2025-05-09,2025-05-15,4,2025-05-16,26.670000076293945,25.450000762939453,1.5711002349853505,0.9792746113989638,0.7053763440860216,0.8096774193548387,0.7935483870967742,0.7290322580645161,0.5935483870967742,0.6709677419354839,0.6301315148917886,0.8058261236704076,0.6771375974305746,-2.106803494923573,0.4073586667136091,0.0248062525551449,0.0558680077561219,0.1499437771982228,-0.0063742060670277,-0.1117360155122439,0.1499437771982228,-0.1552305728460924
S0285,MTR-v2:monthly:QBTS:2025-06-03,monthly,A,A,QBTS,2025-05-30,2025-06-03,2,2025-06-04,17.420000076293945,16.329999923706055,1.847699952125549,0.996761658031088,0.9290322580645162,0.9935483870967742,0.967741935483871,0.967741935483871,0.8516129032258064,1.0,0.7306383159867049,0.980391716874792,0.5258433389310171,0.1488334825218351,0.2083672884436355,0.0222607821441731,-0.0281285745678602,0.087830119399805,-0.0763490193961587,-0.1073478689649305,0.087830119399805,-0.148105620689236
S0286,MTR-v2:monthly:APPS:2025-07-03,monthly,A,A,APPS,2025-06-30,2025-07-03,3,2025-07-07,6.03000020980835,5.900000095367432,0.7200000047683716,0.9875776397515528,0.9399585921325052,1.0,0.8757763975155279,0.9751552795031057,0.968944099378882,0.5403726708074534,0.1805557133055017,0.7551023982950648,0.3367544593025501,-0.1666665066171586,0.2361112155112212,0.0290102512663239,-0.1575456472716256,0.0364842093759467,-0.1641791398854341,-0.1094527862827793,0.0364842093759467,-0.1658374735001514
S0287,MTR-v2:monthly:GRRR:2025-07-07,monthly,A,A,GRRR,2025-06-30,2025-07-07,4,2025-07-08,21.174999237060547,19.88999938964844,2.7694499015808094,0.9956521739130436,0.8944099378881987,0.9751552795031057,0.9565217391304348,0.9875776397515528,0.7391304347826086,0.8944099378881988,0.4008018378371703,0.9292932212043274,0.5420986918990819,-0.4686852558525999,-0.0018051096586899,-0.0002379986177737,-0.0521841597189932,0.1664699718009641,-0.079716636890709,-0.1560802133131948,0.1664699718009641,-0.1560802133131948
S0288,MTR-v2:lm2:MP:2025-08-01,lm2,A,A+,MP,2025-07-30,2025-08-01,2,2025-08-04,63.630001068115234,60.84999847412109,4.907199668884277,0.9630086313193588,0.8139059304703476,0.9202453987730062,0.6319018404907976,0.8588957055214724,0.950920245398773,0.8895705521472392,0.5787415112932639,0.8471695302091664,0.6671870844508857,0.2048005626896495,0.6724811419403365,0.0546447966619154,0.1680024901345742,0.2472104239853387,-0.0114725684422803,0.1791607342419823,0.2965582054868212,-0.0114725684422803
S0289,MTR-v2:lm2:QUBT:2025-08-01,lm2,A,A,QUBT,2025-07-30,2025-08-01,2,2025-08-04,14.93000030517578,14.729999542236328,1.4388998985290526,1.0,0.8486707566462167,0.9447852760736196,1.0,0.9263803680981596,0.6196319018404908,0.9693251533742332,0.0486487271074901,0.9220493170819256,0.6527502965323932,-0.6880254645442767,0.4169854915432896,0.0422535485583768,0.080375005429492,0.1547219972354305,-0.0147354496002615,0.0261218607954911,0.1547219972354305,-0.0204286871360642
S0290,MTR-v2:lm2:LTBR:2025-08-04,lm2,A,A+,LTBR,2025-07-30,2025-08-04,3,2025-08-05,14.260000228881836,13.81999969482422,1.1274999618530273,0.9907521578298396,0.7586912065439672,0.8558282208588958,0.9079754601226994,0.8711656441717791,0.4969325153374233,0.852760736196319,0.3192910177663368,0.9818186231883412,0.5918627186989924,-0.0975606744114343,0.8780494530265253,0.0750569185964833,-0.0532959478740084,0.0504908346281947,-0.0589060406104747,0.0736325507630932,0.3183729968659827,-0.0589060406104747
S0291,MTR-v2:monthly:WGS:2025-08-06,monthly,A,A,WGS,2025-07-31,2025-08-06,4,2025-08-07,107.79000091552734,101.9499969482422,6.020799255371095,0.9789864029666254,0.808641975308642,0.9135802469135802,0.7901234567901234,0.7037037037037037,0.9320987654320988,0.345679012345679,0.6477547847820602,0.7825108924169619,0.7489201687077596,-0.5397954427895445,-0.1611083810571821,-0.0090807079523903,0.1421282082261987,0.1431487167095204,-0.044716575321319,0.1159662296486663,0.1833194356470591,-0.044716575321319
S0292,MTR-v2:weekly:APP:2025-08-12,weekly,A,B,APP,2025-08-08,2025-08-12,2,2025-08-13,470.3800048828125,455.9800109863281,20.77770538330079,0.988977342314758,0.7235772357723578,0.8445121951219512,0.8902439024390244,0.3963414634146341,0.8841463414634146,0.6341463414634146,0.5303756507457618,0.722033714199999,0.7658649236295866,-0.322461604081467,0.0038496345380809,0.000171306797664,-0.1228368514382149,0.0035502846482013,-0.1336366665602658,-0.0022322766691761,0.0035502846482013,-0.181108893994399
S0293,MTR-v2:weekly:RDDT:2025-08-26,weekly,A,A,RDDT,2025-08-22,2025-08-26,2,2025-08-27,220.97000122070312,217.3099975585937,13.720548248291015,0.9690346083788708,0.719191919191919,0.8575757575757575,0.6909090909090909,0.6060606060606061,0.8606060606060606,0.7454545454545455,0.1545124202636427,0.8058060996446987,0.591107918724607,-0.2215661130961387,0.0430009302262454,0.002696016942806,0.0098203292616989,0.083269193984873,-0.0576096106132724,0.1722405636436581,0.1817306092121735,-0.0576096106132724
S0294,MTR-v2:weekly:MP:2025-08-27,weekly,A,B,MP,2025-08-22,2025-08-27,3,2025-08-28,71.51000213623047,67.87999725341797,4.703998565673828,0.989071038251366,0.7636363636363637,0.9090909090909092,0.8909090909090909,0.696969696969697,0.703030303030303,0.9757575757575756,0.7483004561581348,0.7430174026826472,0.5278398076120832,-0.8567176887987836,0.2763612772427775,0.0185449797440115,-0.1025031689565696,0.0385959225896539,-0.1186128094660394,-0.1185848567138722,0.0385959225896539,-0.1413648560715992
S0295,MTR-v2:lm2:RDDT:2025-09-04,lm2,A,A,RDDT,2025-08-28,2025-09-04,4,2025-09-05,234.0,225.5399932861328,14.412747955322263,0.9700122399020809,0.7459349593495935,0.8841463414634146,0.7012195121951219,0.7134146341463414,0.823170731707317,0.7378048780487805,0.4558469588578797,0.7913599950633378,0.5204781329096373,-0.503720354323894,0.4933133245923479,0.0316000027126737,0.1134188399355635,0.1394872420873396,-0.0176923050839675,0.1568803053635816,0.2091880863548343,-0.0176923050839675
S0296,MTR-v2:lm2:CLS:2025-10-01,lm2,A,A+,CLS,2025-09-29,2025-10-01,2,2025-10-02,257.0299987792969,245.9499969482422,13.341500091552746,0.9851807943094252,0.7416173570019723,0.8017751479289941,0.8520710059171598,0.5207100591715976,0.8520710059171598,0.8165680473372781,0.4302368889386271,0.9552457526173908,0.6286590319059324,0.1041861394978008,0.766780021537177,0.0423672469274041,-0.0083647586145402,0.0021397805531679,-0.1042290526917695,0.0503053835629661,0.0570751021180646,-0.1042290526917695
S0297,MTR-v2:monthly:LASR:2025-12-05,monthly,A,A,LASR,2025-11-28,2025-12-05,5,2025-12-08,36.5,35.22999954223633,2.479749870300293,0.9690420560747663,0.6957364341085271,0.8372093023255814,0.6918604651162791,0.563953488372093,0.8313953488372093,0.7965116279069767,0.4879520708780682,0.946233295323093,0.5075650504242848,-0.0161310283776753,0.0,0.0,-0.0104109881675407,0.0584931046995398,-0.0380821750588613,0.033150659848566,0.0584931046995398,-0.0606849356873394
S0298,MTR-v2:weekly:NKTR:2025-12-09,weekly,A,A+,NKTR,2025-12-05,2025-12-09,2,2025-12-10,58.16999816894531,56.900001525878906,4.073500061035156,0.9818075117370892,0.7348927875243664,0.847953216374269,0.8187134502923976,0.6608187134502924,0.7251461988304093,0.935672514619883,0.4615188965874796,0.8602482632471851,0.568171271231012,-0.0392782238897122,0.4173307776532087,0.0297827066171765,-0.1548908132223956,0.0140966741504773,-0.2221075911231985,-0.2356884909065011,0.0140966741504773,-0.2673199196585515
S0299,MTR-v2:lm2:GRAL:2026-01-02,lm2,A,A+,GRAL,2025-12-30,2026-01-02,2,2026-01-05,89.05999755859375,85.30000305175781,5.327499771118164,0.9970997679814384,0.7976878612716763,0.96242774566474,0.9710982658959536,0.6820809248554913,0.7398843930635838,0.6820809248554913,0.6701079020553252,0.8602421555001581,0.5171713251302328,0.2946972805772075,0.3585178309089806,0.0219641637789578,0.1239613880324215,0.2066697323595305,-0.0200988206220158,0.0857848596348993,0.2231080540228995,-0.0200988206220158
S0300,MTR-v2:lm2:PL:2026-01-02,lm2,A,A+,PL,2025-12-30,2026-01-02,2,2026-01-05,20.700000762939453,19.739999771118164,1.3912999153137204,0.9547563805104408,0.7649325626204239,0.907514450867052,0.5491329479768786,0.7630057803468208,0.9826589595375722,0.907514450867052,0.4815640890360212,0.7823722734918916,0.7439612512161491,0.0790631905750952,0.3989077402126023,0.0279526727762025,0.0971013646111469,0.1486473212994075,-0.0584541520398217,0.3903381461788253,0.4926569844616515,-0.0584541520398217
S0301,MTR-v2:lm2:BIOA:2026-02-02,lm2,A,A+,BIOA,2026-01-29,2026-02-02,2,2026-02-03,20.239999771118164,19.100000381469727,1.861300230026245,0.9531791907514452,0.7957610789980732,0.9364161849710982,0.5317919075144508,0.9248554913294798,0.930635838150289,0.9653179190751444,0.537258838669944,0.7105266592179655,0.6930224328473122,0.1450601323784655,0.7252996371524066,0.0720000203450521,0.0133399437162522,0.0622529764392496,-0.050395280103668,-0.0301383704174746,0.0622529764392496,-0.0597825641381323
S0302,MTR-v2:monthly:NVTS:2026-02-03,monthly,A,A,NVTS,2026-01-30,2026-02-03,2,2026-02-04,9.020000457763672,8.579999923706055,1.025249981880188,0.949074074074074,0.8053949903660887,0.9421965317919077,0.4913294797687861,0.953757225433526,0.9710982658959536,0.5953757225433526,0.4584250429996432,0.934426357655652,0.7171168348370487,0.1853211776792022,0.1267984557312676,0.0145740037364361,-0.0254989450374892,0.0288247518860971,-0.1851441760952135,-0.1031042414610204,0.0288247518860971,-0.1851441760952135
S0303,MTR-v2:monthly:TMC:2026-02-03,monthly,A,A,TMC,2026-01-30,2026-02-03,2,2026-02-04,7.199999809265137,6.619999885559082,0.8413000106811523,0.992476851851852,0.8285163776493256,0.9566473988439308,0.9248554913294798,0.9595375722543352,0.6011560693641619,0.4277456647398844,0.594318309345056,0.878504531291222,0.7430395212648907,-0.1545228964583803,0.2496137352678121,0.0303907442524213,-0.1111110743181195,0.0,-0.2180555189465289,-0.1805555206022135,0.0,-0.2249999900658922
S0304,MTR-v2:monthly:BIOA:2026-02-04,monthly,A,A,BIOA,2026-01-30,2026-02-04,3,2026-02-05,20.07999992370605,18.989999771118164,1.8883001804351809,0.9600694444444444,0.8034682080924856,0.9364161849710982,0.6011560693641619,0.8786127167630058,0.930635838150289,0.9595375722543352,0.6143090274687034,0.7928389079497264,0.422336261467999,-0.2695550122125906,-0.0794363206043335,-0.0073891440476718,-0.0044820793291754,0.0707171355422926,-0.0383466364885102,0.0029880212236232,0.1205179325442598,-0.0522907988570724
S0305,MTR-v2:weekly:GRAL:2026-03-24,weekly,A,B,GRAL,2026-03-20,2026-03-24,2,2026-03-25,50.29999923706055,46.84000015258789,4.506400108337403,0.97105561861521,0.7269303201506592,0.864406779661017,0.711864406779661,0.847457627118644,0.6214689265536724,0.0169491525423728,0.4016512803517572,0.7258066997068232,0.2996575065047842,-0.4327172246943724,0.1930593657168635,0.0182085133698035,0.027435409324986,0.0624254361287328,-0.0896619958238543,0.0095427345828402,0.1005964502990062,-0.0896619958238543
S0306,MTR-v2:monthly:CDE:2026-04-02,monthly,A,A,CDE,2026-03-31,2026-04-02,2,2026-04-06,19.11852939398363,18.74894523620605,1.521291815061947,0.9743297204791784,0.7518939393939393,0.875,0.7443181818181818,0.75,0.7613636363636364,0.3352272727272727,0.2101116367790605,0.9166671761082508,0.6985842580984184,-0.6762981474903906,0.7944851125113097,0.0676734367234395,0.057471324478751,0.0914316196743771,-0.0480668691385244,0.0647858508305816,0.1217346203962579,-0.0480668691385244
S0307,MTR-v2:monthly:NBIS:2026-04-02,monthly,A,A,NBIS,2026-03-31,2026-04-02,2,2026-04-06,108.66000366210938,103.76000213623048,9.593300247192383,0.970907016543069,0.7992424242424242,0.9204545454545454,0.7102272727272727,0.8522727272727273,0.8352272727272727,0.4545454545454545,0.5274511824097882,0.9890368499255282,0.7387083829541373,0.0990271255734129,1.293610719246154,0.1287210409845898,0.3341615712760677,0.3787962661045096,-0.0111357139065615,0.446162286891625,0.5526412757953709,-0.0111357139065615
S0308,MTR-v2:monthly:NVTS:2026-04-02,monthly,A,A,NVTS,2026-03-31,2026-04-02,2,2026-04-06,8.789999961853027,8.770000457763672,0.8899499177932739,0.9834569309754706,0.893939393939394,0.9886363636363636,0.8352272727272727,0.9034090909090908,0.9431818181818182,0.0909090909090909,0.0337094620398178,0.8021394956028959,0.5129649860948509,-0.5168830615632753,0.7640882835990533,0.0837438811280182,0.0853242324522025,0.1393629564034131,-0.058020504106387,0.4015926903629965,0.4641638158603525,-0.058020504106387
S0309,MTR-v2:monthly:STOK:2026-04-02,monthly,A,A,STOK,2026-03-31,2026-04-02,2,2026-04-06,32.959999084472656,32.560001373291016,2.487400245666503,0.982316029663434,0.7291666666666666,0.8522727272727273,0.8238636363636364,0.6818181818181818,0.6818181818181818,0.6534090909090909,0.0723648337212212,0.90841736726133,0.5605165135336478,-0.6593226773638904,0.6834447998070109,0.0547680642009598,0.041565618465913,0.1016384217800701,-0.0342839560726487,0.1307646084044171,0.1331917327545237,-0.0342839560726487
S0310,MTR-v2:monthly:TTMI:2026-04-02,monthly,A,A,TTMI,2026-03-31,2026-04-02,2,2026-04-06,97.16999816894533,97.41999816894533,7.790999984741205,0.9851682829435254,0.725378787878788,0.8465909090909091,0.8522727272727273,0.7272727272727273,0.5965909090909091,0.6875,0.0077018595951467,0.9250895387529527,0.5735558604704557,-0.5031444200516866,0.9305609054292436,0.0803502131250102,0.250283010734857,0.2674694451262245,-0.0290213002774911,0.2991664118824149,0.304003308347988,-0.0290213002774911
S0311,MTR-v2:weekly:DNTH:2026-04-07,weekly,A,A,DNTH,2026-04-02,2026-04-07,2,2026-04-08,88.48999786376953,86.0,5.797499656677246,0.9651428571428572,0.7085714285714286,0.8285714285714286,0.6514285714285715,0.5371428571428571,0.9371428571428572,0.9485714285714286,0.0344971039389095,0.9614139154241303,0.214335036597155,-0.2690824114481062,0.2328587415380419,0.015910412473759,0.0725506379627611,0.0854334429934884,-0.0327720826747387,0.0187592236657634,0.0905187290043998,-0.0327720826747387
S0312,MTR-v2:monthly:HUT:2026-05-04,monthly,A,A,HUT,2026-04-30,2026-05-04,2,2026-05-05,79.77999877929688,75.77999877929688,5.379651069641113,0.9716435185185184,0.7996146435452793,0.9248554913294798,0.7167630057803468,0.7861271676300579,0.8959537572254336,0.7456647398843931,0.427537589703053,0.8760338047588122,0.626266335992209,-0.1896027511565823,0.0836493987827986,0.0057967872415054,0.2808975182376765,0.3954625662384079,-0.0348207560846764,0.2058159741813177,0.4071196271484809,-0.0348207560846764
S0313,MTR-v2:monthly:TYRA:2026-05-04,monthly,A,A,TYRA,2026-04-30,2026-05-04,2,2026-05-05,35.0,34.75,2.1041501998901366,0.9739583333333334,0.7379576107899807,0.8728323699421965,0.7398843930635838,0.6358381502890174,0.838150289017341,0.7745664739884393,0.1853476950784219,0.7853403768761421,0.7114334974049293,-0.2566361068499476,0.5227756431924525,0.0323148779240876,-0.0282857622419084,0.0152857099260603,-0.0782857622419085,0.0188571384974889,0.0648571559361048,-0.0782857622419085
S0314,MTR-v2:weekly:CRVS:2026-05-12,weekly,A,A,CRVS,2026-05-08,2026-05-12,2,2026-05-13,15.81999969482422,15.550000190734863,1.2212002277374268,0.9806378132118452,0.7102272727272728,0.8465909090909091,0.8068181818181818,0.8465909090909091,0.4772727272727273,0.7102272727272727,0.343924007508661,0.7794113315933484,0.6621522144377017,-0.720602645211862,0.2047166339488704,0.015903307617898,-0.2730720466598733,0.0202275411502637,-0.2781289319474394,-0.1826801166496832,0.0202275411502637,-0.2781289319474394
S0315,MTR-v2:lm2:HUT:2026-06-04,lm2,A,B,HUT,2026-05-28,2026-06-04,5,2026-06-05,122.25,124.23999786376952,9.751050567626953,0.9736547085201792,0.8063314711359405,0.9497206703910616,0.7374301675977654,0.770949720670391,0.9106145251396648,0.9217877094972068,0.3609871826680113,0.7224683760529754,0.6844740318914943,-1.337291897430985,0.3148378396289429,0.0246210572998175,-0.0485889770258178,0.0223313158031377,-0.147239263803681,0.0179141304000509,0.0519427902128066,-0.147239263803681
S0316,MTR-v2:lm2:AGX:2026-08-03,lm2,A,A+,AGX,2026-07-30,2026-08-03,2,2026-08-04,602.8499755859375,579.8699951171875,50.28146705621204,0.9550309162450816,0.6928838951310862,0.8370786516853933,0.550561797752809,0.7078651685393258,0.8202247191011236,0.5337078651685393,0.2543676383396934,0.8252411325867729,0.5696519767788143,-0.2368672768909608,0.4017375059739708,0.035286221564027,-0.0358131652893047,0.0492660088078538,-0.042116537515994,-0.0225262612667248,0.0492660088078538,-0.080915601289205
S0317,MTR-v2:lm2:TER:2026-08-03,lm2,A,A,TER,2026-07-30,2026-08-03,2,2026-08-04,388.6099853515625,365.489990234375,33.31849670410157,0.9865092748735244,0.7022471910112359,0.848314606741573,0.8651685393258427,0.7696629213483146,0.4719101123595505,0.601123595505618,0.0093040679880267,0.7818868230313009,0.671394399117313,-0.7863503698774598,0.1764777810191717,0.0163368919367274,-0.0604976200670144,0.0543218565267773,-0.0626591608651252,0.1403207106156665,0.1429711797701456,-0.0626591608651252
S0318,MTR-v2:lm2:MU:2026-08-04,lm2,A,A,MU,2026-07-30,2026-08-04,3,2026-08-05,885.2999877929688,874.6599731445312,82.05862689526093,0.9988757729061272,0.7153558052434456,0.8651685393258427,0.9887640449438202,0.7865168539325843,0.3707865168539326,0.9550561797752808,0.2194773474410296,0.7778281039640208,0.7981843558588647,-0.4656429606289555,0.3150183784933695,0.0298216185223201,-0.0189539912945788,0.0493391994556267,-0.0658533701534428,0.062645456610608,0.1703716470909022,-0.0658533701534428
S0319,MTR-v2:lm2:RLAY:2026-08-04,lm2,A,A+,RLAY,2026-07-30,2026-08-04,3,2026-08-05,19.479999542236328,19.450000762939453,1.1887000083923345,0.984822934232715,0.6423220973782771,0.8146067415730337,0.848314606741573,0.4044943820224719,0.6741573033707865,0.9101123595505618,0.0757130915727105,0.8042333061527656,0.7432758767272708,-0.1850755546405988,0.4879295254982921,0.0305908153513405,0.0261807105167564,0.0631416617628484,-0.0413244519554729,0.0580082697468844,0.0775154139818057,-0.0413244519554729
S0320,MTR-v2:monthly:PRAX:2026-08-05,monthly,A,A,PRAX,2026-07-31,2026-08-05,3,2026-08-06,350.4700012207031,307.8299865722656,18.14519805908204,0.9904225352112676,0.7191011235955056,0.8595505617977528,0.904494382022472,0.4044943820224719,0.848314606741573,0.7471910112359551,0.6282667390536726,0.8840939972238959,0.7778532608695652,0.340035606535924,0.2331201330817615,0.0134286063058035,0.1023196999077253,0.103261341385439,-0.0192312900131232,0.1019202816112327,0.1197820379493532,-0.0192312900131232
S0321,MTR-v2:lm2:PRAX:2026-08-05,lm2,A,A,PRAX,2026-07-30,2026-08-05,4,2026-08-06,350.4700012207031,307.75,18.2572982788086,0.9898819561551432,0.7153558052434458,0.8707865168539326,0.898876404494382,0.3707865168539326,0.8764044943820225,0.7471910112359551,0.628790241086934,0.8840939972238959,0.7808260048020231,0.3379477803074521,0.2316887702512882,0.0134286063058035,0.1023196999077253,0.103261341385439,-0.0192312900131232,0.1019202816112327,0.1197820379493532,-0.0192312900131232
S0322,MTR-v2:weekly:PRAX:2026-08-05,weekly,A,A,PRAX,2026-07-31,2026-08-05,3,2026-08-06,350.4700012207031,307.8299865722656,18.14519805908204,0.9904225352112676,0.7191011235955056,0.8595505617977528,0.904494382022472,0.4044943820224719,0.848314606741573,0.7471910112359551,0.6282667390536726,0.8840939972238959,0.7778532608695652,0.340035606535924,0.2331201330817615,0.0134286063058035,0.1023196999077253,0.103261341385439,-0.0192312900131232,0.1019202816112327,0.1197820379493532,-0.0192312900131232
S0323,MTR-v2:monthly:CYTK:2020-04-06,monthly,B,B,CYTK,2020-03-31,2020-04-06,4,2020-04-07,12.670000076293944,11.789999961853027,1.6604999542236325,0.9705387205387206,0.700280112044818,0.8319327731092437,0.7058823529411765,0.8067226890756303,0.5882352941176471,0.3277310924369748,0.4034929808879183,0.7260274867400002,0.5595057579607393,0.1324903782557885,0.0542006353923509,0.0072756793387651,0.0694554150861792,0.1720600072650866,-0.0568271714832863,0.1854775349107273,0.2320441643788269,-0.0568271714832863
S0324,MTR-v2:monthly:TSLA:2020-05-06,monthly,B,B,TSLA,2020-04-30,2020-05-06,4,2020-05-07,51.81399917602539,52.12533187866211,3.5037999153137207,0.9913419913419912,0.7385057471264368,0.8706896551724138,0.913793103448276,0.7327586206896551,0.5689655172413793,0.9741379310344828,0.0133195409200407,0.748345612432538,0.6043176177177111,-0.3109003387451907,0.1156842520843403,0.0078300284864298,0.0176915110358162,0.0850220894490347,-0.0178973606850287,0.0493431769123862,0.0850220894490347,-0.0178973606850287
S0325,MTR-v2:monthly:NIU:2020-08-04,monthly,B,B,NIU,2020-07-31,2020-08-04,2,2020-08-05,22.6200008392334,21.020000457763672,2.003499698638916,0.969775474956822,0.7787356321839081,0.9224137931034484,0.6982758620689655,0.9310344827586208,0.7068965517241379,0.7931034482758621,0.6738211053322612,0.7338136011855755,0.3612688297640729,0.0898429409787608,-0.06488603959108,-0.0057777404785156,-0.0972590928963914,0.0035366896877959,-0.1007957825841874,-0.1096375489643441,0.0035366896877959,-0.1600353980957712
S0326,MTR-v2:monthly:NEGG:2021-06-02,monthly,B,B,NEGG,2021-05-28,2021-06-02,2,2021-06-03,201.6000061035156,201.0,34.07000350952148,0.936138241923366,0.7512437810945274,0.8731343283582089,0.3656716417910448,0.9925373134328358,0.8955223880597015,0.4925373134328358,0.1467566623115451,0.7407405314295644,0.1376121093677062,-0.117405329849236,-0.0821838204676234,-0.0134099761055259,0.0277777315237339,0.0793650769622718,-0.0456349798040545,0.0218253658892506,0.1111110774718064,-0.0456349798040545
S0327,MTR-v2:monthly:CLF:2021-07-02,monthly,B,B,CLF,2021-06-30,2021-07-02,2,2021-07-06,22.229999542236328,21.559999465942383,1.4074999809265138,0.9638467100506146,0.7218225419664268,0.8057553956834532,0.6402877697841727,0.8273381294964028,0.697841726618705,0.6834532374100719,0.5754894382007854,0.7123298408799972,0.4611401059786634,0.0852581462590184,0.0994680631575652,0.006297854245614,0.038236635131492,0.0548808477654334,-0.0998650184016674,-0.133603210729338,0.0548808477654334,-0.1673414030570087
S0328,MTR-v2:monthly:CYH:2021-07-02,monthly,B,B,CYH,2021-06-30,2021-07-02,2,2021-07-06,15.760000228881836,15.4399995803833,0.8309999465942377,0.9862617498192336,0.8009592326139089,0.8848920863309353,0.8633093525179856,0.697841726618705,0.841726618705036,0.7913669064748201,0.300842377938287,0.7169799098507409,0.4075894977708442,-0.4091469652382823,-0.048134734565222,-0.0025429092827131,0.0209390811493324,0.0317258878641193,-0.0666243766171164,-0.0970812604330818,0.0317258878641193,-0.1180203415824144
S0329,MTR-v2:monthly:NOV:2022-12-02,monthly,B,B,NOV,2022-11-30,2022-12-02,2,2022-12-05,21.110369199257825,20.677663803100582,0.7673563055646335,0.975164353542732,0.6861313868613138,0.8029197080291971,0.7518248175182481,0.4233576642335766,0.8832116788321168,0.4744525547445255,0.1079848479813225,0.7462685717376544,0.61038089610862,-0.6838668945402392,0.5998805392791077,0.0226757377460413,-0.1579815641630033,0.0021805161969083,-0.1597303444290534,-0.1321874516112017,0.0021805161969083,-0.1614790239484641
S0330,MTR-v2:monthly:IMVT:2023-02-02,monthly,B,B,IMVT,2023-01-31,2023-02-02,2,2023-02-03,16.399999618530273,17.770000457763672,1.228000164031982,0.9934258582907232,0.8564476885644768,0.9854014598540146,0.9343065693430656,0.9708029197080292,0.6642335766423357,0.9927007299270072,0.4234530849379667,0.7375008940705243,0.782726349363407,-0.162865495827093,0.0407175388682419,0.0027412908463053,0.1323170809005429,0.1762195953792384,-0.0664633673333742,0.0908536466936633,0.1762195953792384,-0.0664633673333742
S0331,MTR-v2:monthly:VRDN:2023-02-02,monthly,B,B,VRDN,2023-01-31,2023-02-02,2,2023-02-03,36.77000045776367,36.52000045776367,1.9458997726440423,0.9569028487947406,0.8102189781021898,0.948905109489051,0.5693430656934306,0.8613138686131386,1.0,0.948905109489051,0.2929234603125096,0.7249073267854661,0.5683014416580187,-0.2872697328858839,-0.1387535275759869,-0.0072269928627587,-0.0565679033222723,0.0334511701638182,-0.1195267991038522,-0.1063366820433788,0.0334511701638182,-0.1272776787302878
S0332,MTR-v2:monthly:FDMT:2023-06-02,monthly,B,B,FDMT,2023-05-31,2023-06-02,2,2023-06-05,18.26000022888184,18.36000061035156,1.2334999084472658,0.9904970760233918,0.8491484184914841,0.9416058394160584,0.9051094890510948,0.948905109489051,0.6934306569343066,0.6715328467153284,0.0,0.7058824849375612,0.618099121706399,-0.3161730187231013,0.0972848383786686,0.0065789934615794,0.2031762890454154,0.217962732330154,-0.0038334991208545,0.1243154671035111,0.3198247579072184,-0.0038334991208545
S0333,MTR-v2:monthly:AMSC:2024-02-02,monthly,B,B,AMSC,2024-01-31,2024-02-02,2,2024-02-05,11.0,11.0,0.9965000152587892,0.9730113636363636,0.8368794326241135,0.9645390070921984,0.7304964539007093,0.9574468085106383,0.8226950354609929,0.8368794326241135,0.1705971637640114,0.7142849357769131,0.5499159663865546,-0.2508780694148564,-0.080280905650845,-0.0071111043294271,0.0281818563287907,0.0336363532326438,-0.0736364017833363,0.2981817939064719,0.3318181471391155,-0.0736364017833363
S0334,MTR-v2:monthly:AAOI:2024-05-02,monthly,B,B,AAOI,2024-04-30,2024-05-02,2,2024-05-03,10.600000381469728,9.850000381469728,0.7689999103546142,0.9971850809289232,0.7878787878787877,0.8881118881118881,0.972027972027972,0.8881118881118881,0.5034965034965035,0.2027972027972027,0.6501951343133857,0.7142859089131807,0.5262847504806388,-0.0195050603341669,0.1300395229221996,0.0097561347775345,-0.0056604167412663,0.1735848238392656,-0.016981160254527,0.0594338809522994,0.1735848238392656,-0.0754717133910085
S0335,MTR-v2:monthly:NVAX:2024-07-02,monthly,B,B,NVAX,2024-06-28,2024-07-02,2,2024-07-03,12.979999542236328,12.65999984741211,1.6794997692108151,0.9432576769025368,0.7666666666666666,0.92,0.4333333333333333,0.9933333333333332,0.8733333333333333,0.9,0.1845790188839181,0.7368426336148626,0.2268141143887854,-0.4703781306407935,0.1071749508250079,0.0140735188203786,-0.0801232664507356,0.0177196073976915,-0.1001540279589695,0.2211094715292205,0.3050848329335933,-0.1001540279589695
S0336,MTR-v2:monthly:SMCI:2024-07-03,monthly,B,B,SMCI,2024-06-28,2024-07-03,3,2024-07-05,84.7300033569336,81.93499755859375,5.925000381469727,0.9906542056074766,0.7644444444444445,0.91,0.9066666666666666,0.8533333333333334,0.5333333333333333,0.84,0.4666665336083177,0.7183516476564625,0.4511493523166214,-0.0661613325184153,0.1655687957912528,0.0117177123171809,0.0494747261571526,0.1029741311040217,-0.0224832566176867,-0.0539242306517239,0.1369054409835786,-0.0864275390786972
S0337,MTR-v2:monthly:CDE:2024-10-02,monthly,B,B,CDE,2024-09-30,2024-10-02,2,2024-10-03,6.872282733813464,6.872282981872559,0.4345120697466076,0.982961992136304,0.8540305010893245,0.954248366013072,0.8300653594771242,0.8431372549019608,0.8888888888888888,0.7777777777777778,0.3448276406636129,0.7333337571883171,0.4717427622768938,-0.3448269288427448,0.3448278027767262,0.0218023390802837,-0.0973837018638132,0.0305232608508521,-0.1235464680026421,-0.0508720658235015,0.0305232608508521,-0.1235464680026421
S0338,MTR-v2:monthly:PPTA:2025-01-03,monthly,B,B,PPTA,2024-12-31,2025-01-03,2,2025-01-06,12.850000381469728,10.670000076293944,0.9364500999450688,0.9717405266538216,0.8183760683760685,0.9102564102564102,0.717948717948718,0.8461538461538461,0.8910256410256411,0.8012820512820513,0.4378234862019483,0.7368426336148657,0.4709619628955849,-0.3844301545788308,-0.1174645148563674,-0.0098301752280741,-0.1439688970077783,0.0295719182479228,-0.1536965231781445,-0.0482490911150064,0.0295719182479228,-0.1536965231781445
S0339,MTR-v2:monthly:LUMN:2025-01-08,monthly,B,B,LUMN,2024-12-31,2025-01-08,5,2025-01-10,5.400000095367432,5.309999942779541,0.3610000133514404,0.9877970456005138,0.7435897435897436,0.8589743589743589,0.8782051282051282,0.7115384615384616,0.6410256410256411,0.8333333333333334,0.58171753567924,0.7499994039544049,0.4967979670593938,-1.0249303930049445,-0.0277014640221093,-0.0018083595845256,0.0240740948416728,0.0907406967526771,-0.0481481896833456,0.0962962910635154,0.1333332921251846,-0.0481481896833456
S0340,MTR-v2:monthly:CRMD:2025-02-05,monthly,B,B,CRMD,2025-01-31,2025-02-05,3,2025-02-06,10.720000267028809,10.270000457763672,0.8100000619888306,0.9677211103938024,0.7935483870967742,0.9032258064516128,0.6774193548387096,0.7354838709677419,0.967741935483871,0.7483870967741936,0.506172612388962,0.7368436903169426,0.3557509609230223,0.1481479955253818,0.2469145032512469,0.0190840430988008,-0.0671642023408611,0.0102611617478751,-0.0867537576501892,0.0093283045992991,0.0522387548501055,-0.0867537576501892
S0341,MTR-v2:monthly:AGX:2025-04-02,monthly,B,B,AGX,2025-03-31,2025-04-02,2,2025-04-03,126.03981670550232,129.93276977539062,9.130061314471355,0.9809281627463444,0.7594936708860759,0.879746835443038,0.810126582278481,0.6645569620253164,0.8037974683544303,0.4240506329113924,0.7431899567083857,0.7225433161845219,0.7855361969112865,0.2061404918706077,0.7670616552649244,0.0539901297364151,0.1158441556234026,0.1710940731327079,-0.1263753632236406,0.1688147726463651,0.2110972147158496,-0.1263753632236406
S0342,MTR-v2:monthly:QUBT:2025-05-06,monthly,B,B,QUBT,2025-04-30,2025-05-06,4,2025-05-07,7.085000038146973,6.739999771118164,0.7073499441146851,1.0,0.952991452991453,1.0,1.0,0.9423076923076924,0.9166666666666666,0.9871794871794872,0.480667532975397,0.7142859089131788,0.714037225263607,-1.3430407638670994,-0.0848235633278187,-0.0084033534876064,0.2406492469338059,0.3493296214740804,-0.0232886324579585,0.6245589508694185,0.82921665044007,-0.0232886324579585
S0343,MTR-v2:monthly:SRRK:2025-07-07,monthly,B,B,SRRK,2025-06-30,2025-07-07,4,2025-07-08,35.369998931884766,35.41999816894531,2.15395040512085,0.9900621118012424,0.8157349896480331,0.9130434782608696,0.9006211180124224,0.6956521739130435,0.8509316770186336,0.7142857142857143,0.0278564321389977,0.746031649919316,0.5092222417975579,-0.2386312784838726,-0.1485640960272085,-0.0089385391520609,0.0910376397495564,0.0924512455898292,-0.0499292873526227,0.1625671522092295,0.2431439793193144,-0.0499292873526227
S0344,MTR-v2:monthly:AMLX:2025-08-06,monthly,B,B,AMLX,2025-07-31,2025-08-06,4,2025-08-07,8.0,8.029999732971191,0.5059999704360962,0.9864029666254636,0.8497942386831276,0.9567901234567902,0.8641975308641975,0.7345679012345679,0.9506172839506172,0.8148148148148148,0.3162052505145671,0.7241353228922597,0.6324823594703877,-0.2173925232777354,0.1185760265769823,0.0073800080071104,0.0375000238418579,0.0612499713897705,-0.0649999976158142,0.0037499666213989,0.0612499713897705,-0.0649999976158142
S0345,MTR-v2:monthly:VSTM:2025-10-02,monthly,B,B,VSTM,2025-09-30,2025-10-02,2,2025-10-03,9.010000228881836,8.829999923706055,0.6319999694824217,0.979253112033195,0.7278106508875739,0.8165680473372781,0.7928994082840237,0.7869822485207101,0.6035502958579881,0.5798816568047337,0.2531643277501132,0.7241381578298272,0.4766755220305854,-0.1265821638750594,0.2215180322921383,0.0158191393914028,0.0255271405542318,0.0499444836663431,-0.0577137008384077,0.0554938942617597,0.0987790640443619,-0.0577137008384077
S0346,MTR-v2:monthly:AEVA:2026-02-03,monthly,B,B,AEVA,2026-01-30,2026-02-03,2,2026-02-04,12.81999969482422,12.770000457763672,2.1158998489379885,0.9780092592592592,0.9171483622350676,0.9942196531791908,0.7803468208092486,0.9942196531791908,0.976878612716763,0.1387283236994219,0.1465095174981837,0.736401369778837,0.3205799518062489,-0.1795926752542875,-0.0165413535190121,-0.0026686883738408,0.0093603657110481,0.1154446592154101,-0.1275350479039102,0.0109204638576765,0.1154446592154101,-0.1275350479039102
S0347,MTR-v2:monthly:AG:2026-04-02,monthly,B,B,AG,2026-03-31,2026-04-02,2,2026-04-06,21.57321468165973,21.44343376159668,1.6971058521634848,0.9788933257273246,0.7102272727272726,0.8295454545454546,0.7897727272727273,0.7215909090909091,0.6193181818181818,0.7443181818181818,0.2117665544143356,0.7431697634158009,0.6745345788093644,-0.5999998395975006,0.7882355702636392,0.0653658611018483,-0.0476631343759214,0.0782045368269943,-0.0731142852219233,-0.0055529948474543,0.0782045368269943,-0.0731142852219233
S0348,MTR-v2:monthly:MXL:2026-06-04,monthly,B,B,MXL,2026-05-29,2026-06-04,4,2026-06-05,91.4499969482422,92.93000030517578,11.385998916625972,0.987695749440716,0.8230912476722533,0.9608938547486032,0.8770949720670391,0.9832402234636872,0.6089385474860335,1.0,0.1124186633662686,0.7167209455990707,0.6668037652249507,-0.6841736919676227,0.5339893210578648,0.0689890164590796,-0.1132859590603924,0.0004374075107946,-0.2589393230770463,-0.0294149251151335,0.0366321073297748,-0.2589393230770463
