actionable,base_retest_grade,grade,ticker,formation_date,event_date,event_day,formation_close,atr_abs20,adv20,rank_pct,swing_score,swing_rank_pct,mom12_1_pct,atr_pct20_pct,return_volume_corr20_pct,sma200_slope20_pct,expansion_date,expansion_peak_atr,pullback_from_peak_atr,close_vs_level_atr,close_location,event_volume_ratio,event_body_atr,event_body_return,entry_date,entry_open,r5,mfe5,mae5,r10,mfe10,mae10,week_position,episode_id,episode_start,formation_weekday,sessions_to_month_end,is_last_weekly_close_of_month,formation_return5,formation_return10,formation_return20,formation_return63,price_vs_sma20,price_vs_sma50,price_vs_sma200,sma20_slope5,sma50_slope10,sma200_slope20_raw,distance_prior_high20,distance_prior_high60,formation_volume_ratio20,relative_volume5_20,relative_volume20_60,signed_volume20,formation_gap,formation_close_location,atr_pct_raw,log_adv20,year,sample,weekly_pass_momentum,weekly_pass_controlled_atr,weekly_pass_swing_rank,weekly_pass_retest_extension,weekly_pass_formation_volume,weekly_quality_points,weekly_grade
True,A,A+,QNST,2019-01-11,2019-01-17,4,18.36000061035156,0.9409998416900638,16222583.85213852,0.9757847533632288,0.7678571428571428,0.8973214285714286,0.7589285714285714,0.7053571428571429,0.8392857142857143,0.3482142857142857,2019-01-16,0.3506907324377106,0.0106272375815443,0.361317970019255,0.8205141999188157,0.4725126322018724,0.2550496480804361,0.013001174992943,2019-01-18,18.799999237060547,0.0127660472450275,0.0202128235923615,-0.0590424865983389,0.0489361762568767,0.0542553456998518,-0.0590424865983389,1,1,True,Friday,13,False,0.1312385168324987,0.1208792155696478,0.1417910881507031,0.3961978055481945,0.1269335078091389,0.1472705897184658,0.3079718342803947,0.0331335864537014,0.0417664814768163,0.0191457377328629,-0.0207999674479169,-0.0207999674479169,1.17141860006373,0.2189025284635499,0.0355666287214799,-0.1242836694333591,0.0037981385602343,0.3164560935036561,0.0512527129851792,16.601914894343036,2019,development,True,True,True,True,True,4,A+
True,A,A+,ROKU,2019-05-10,2019-05-14,2,82.75,3.684449577331544,895296653.0963707,0.9481216457960644,0.7499999999999999,0.8928571428571429,0.4821428571428571,0.7857142857142857,0.9821428571428572,0.3839285714285714,2019-05-13,0.5835339799753865,-0.5618206061387906,0.0217133738365958,0.8494630712814918,0.7991196860102017,0.5889612880838853,0.0269030259164826,2019-05-15,82.6500015258789,0.0602540306787502,0.0604960666387215,-0.0247307765338844,0.1107078204107945,0.160919481873196,-0.0247307765338844,18,2,True,Friday,14,False,0.2726853932992978,0.3043821215525892,0.4109121542560767,0.7143152934586439,0.3025752488265376,0.2770731790438414,0.5152125512424972,0.0498500270439004,0.0290630208138806,0.0320610388760156,-0.0071985421128397,-0.0071985421128397,1.9701013827265348,0.7882665570705629,-0.048526859953152,0.3619729121885275,-0.0140675507358875,0.3338068104808323,0.044525070420925,20.61266567729333,2019,development,False,True,True,True,True,3,A+
True,A,A+,ENPH,2019-06-28,2019-07-02,2,18.229999542236328,0.8305000782012939,60631160.56316376,0.9903169014084507,0.7485380116959065,0.868421052631579,0.9035087719298246,0.8596491228070176,0.4824561403508772,0.9912280701754386,2019-07-01,0.7826605145396851,-0.3853096504425112,0.3973508640971739,0.8571424678884584,0.564096794270162,0.3732684367878484,0.016986272106432,2019-07-03,18.670000076293945,0.0653454369774522,0.1071237274679757,-0.0058918377023058,0.0814140573943369,0.1071237274679757,-0.0058918377023058,25,3,True,Friday,0,True,0.0334467218255187,0.0519330422673081,0.2017138728116569,0.9750813051307474,0.0637180260277185,0.2315570093082799,1.135210418942603,0.0248774060565073,0.1202567066578974,0.1687611229396326,-0.0470465059076462,-0.0470465059076462,1.9735981963942129,0.0815425216015404,0.1329265846177345,0.1680768611790375,0.0022320875004695,0.9218733701887972,0.0455567799811043,17.92031951959593,2019,development,True,False,True,True,True,3,A+
True,B,A+,GFI,2019-12-06,2019-12-10,2,4.736119270324707,0.1746392741484368,30628946.630973816,0.9653641207815276,0.7286135693215339,0.8938053097345132,0.6548672566371682,0.7256637168141593,0.8053097345132744,0.168141592920354,2019-12-09,0.2810318146732125,-0.0936818694400686,0.1873499452331438,0.7272711509534601,0.5295781550871577,0.0468394769101912,-0.0017123679144775,2019-12-11,4.850636375240718,-0.0134906347350246,0.0539629911485022,-0.0151769337441221,0.1129847888010433,0.1180438460222557,-0.0185497917457166,48,4,True,Friday,16,False,0.0822430030778296,0.0986716535014127,0.128655055155153,0.1375245975575034,0.0726195037840424,0.0563380266710824,0.18668872186824,0.0058697184914258,0.0177888328257571,0.0323458604131627,-0.0523731171309592,-0.0676327761476778,0.717607377910483,0.3216482447987956,-0.2232563909923244,0.2468252457127903,-0.0263156942456594,0.0,0.0368739181132285,17.237456088109013,2019,development,False,True,True,True,True,3,A+
True,A,A+,SE,2020-01-24,2020-01-30,4,45.33000183105469,1.342249870300294,158604452.14754105,0.9921602787456446,0.7913043478260869,0.9217391304347826,0.9217391304347826,0.5565217391304348,0.8956521739130435,0.7391304347826086,2020-01-29,0.715216373429696,-0.5215130047156167,0.1937033687140794,0.9639631589799986,0.4034135800208247,0.6481646607945849,0.0194543584109294,2020-01-31,45.27999877929688,0.0097173686675853,0.0492491078258581,-0.0103798016492164,0.0589664764934436,0.0689046561549062,-0.0103798016492164,55,5,True,Friday,5,False,0.106689522564922,0.1184308708691521,0.1587424097322369,0.6628760620121994,0.1076765614731749,0.1690462427092263,0.3920408886505495,0.0297163071271076,0.0621305502737643,0.0566488959824207,0.0039867175878745,0.0039867175878745,1.53553545173426,0.4583897990257379,-0.1092784754376848,0.3485341593457479,0.0292737737048272,0.4558151913557265,0.0296106290774677,18.8819239383192,2020,development,True,True,True,True,True,4,A+
True,A+,A+,APPS,2020-02-14,2020-02-19,2,6.769999980926514,0.4809999942779541,17231752.49217987,0.987794245858762,0.7913043478260869,0.9434782608695652,0.8782608695652174,0.9565217391304348,0.5391304347826087,0.6173913043478261,2020-02-18,0.2702705114083539,-0.0831600048417312,0.1871105065666227,0.7777778955153976,0.745038355465054,0.3742210131332454,0.0269461541618856,2020-02-20,6.849999904632568,-0.1021897546001038,0.030656940302284,-0.1386861054731787,0.0102190033045164,0.030656940302284,-0.2087591019339332,58,4,True,Friday,9,False,0.1283333301544189,0.0849359341744619,-0.1138743325605949,-0.1753958648635368,0.0093931694744209,-0.0699016385596837,0.0724582542716014,-0.0311303716050356,-0.052042091947948,0.0513815559385357,-0.147355172274838,-0.2584885108360067,1.14864877832518,0.581216281832541,0.1206910519851935,-0.2761535907509303,0.0185185348709588,0.231883817599436,0.0710487438158199,16.66226431500797,2020,development,True,False,True,True,True,3,A+
True,A,A+,ARCT,2020-07-31,2020-08-04,2,52.22999954223633,5.457000160217284,48973108.08269501,0.993091537132988,0.7385057471264368,0.8620689655172413,0.9310344827586208,0.9655172413793104,0.3189655172413793,0.9655172413793104,2020-08-03,0.5057727790355374,-0.0678033233862501,0.4379694556492873,0.882128803273386,0.4198725721466522,0.2144031765794792,0.0218895818941979,2020-08-05,52.93000030517578,-0.0695257941424181,0.1707916278746624,-0.0763272414931819,0.0608350878922676,0.1707916278746624,-0.1203476080702359,82,3,True,Friday,0,True,-0.0273743240189604,-0.0659871020660761,0.1217783075968268,0.2782672237406738,-0.0321773657357881,0.1301085238486425,1.224560009016241,0.0447791445658309,0.0442586609250068,0.222822317718236,-0.1768321684127799,-0.1768321684127799,1.1325205582133644,0.3491038162216979,0.0091364158849049,-0.0551930157190414,0.0133211597153206,0.3315717863567876,0.1044801877856503,17.706781890782146,2020,development,True,False,True,True,True,3,A+
True,A,A+,SE,2020-10-09,2020-10-13,2,172.1199951171875,7.141950225830078,498433286.9991303,0.9916736053288926,0.7272727272727273,0.859504132231405,0.9173553719008264,0.371900826446281,0.8925619834710744,0.8842975206611571,2020-10-12,0.4872634051329668,-0.4480585982604389,0.0392048068725278,0.9885045375506748,0.6476166571233597,0.3360418121935923,0.0141176111557903,2020-10-14,174.3000030517578,-0.0426276982471652,0.0149167573104087,-0.0714859810425088,-0.0115318974780977,0.0149167573104087,-0.0889845639361196,92,10,True,Friday,15,False,0.1078784400166847,0.1083778901325871,0.2337466984041325,0.5144741997913178,0.1060132617881615,0.1685186728968097,0.9918794365685312,0.0424210773604174,0.0685927250859828,0.1581648064998717,0.0006976460301599,0.0006976460301599,0.8300323949517213,0.2079787275764968,-0.1916908370198229,0.5190612523433394,0.0041940264754287,0.9389059793834664,0.0414940182921077,20.02698031092628,2020,development,True,True,False,True,True,3,A+
True,A+,A+,MRNA,2020-10-30,2020-11-03,2,67.47000122070312,3.600950241088867,451652842.59887695,0.9826539462272332,0.7155172413793103,0.875,0.8275862068965517,0.4568965517241379,0.8620689655172413,0.6551724137931034,2020-11-02,0.3138052952034895,0.1332990807416569,0.4471043759451464,0.9360910019159506,0.6992606114467116,0.6470519376991263,0.0349063944727294,2020-11-04,68.97000122070312,0.1026533522654113,0.1654341863240367,-0.0007394882055778,0.3505872100509335,0.496302669591139,-0.0007394882055778,95,6,True,Friday,0,True,-0.0433857594152117,-0.0875033947399485,-0.0194738611456798,-0.1347781698357155,-0.0618612368441104,-0.0130423847357011,0.2605336660856669,-0.0036435691489933,0.0009458652972789,0.1089817761660938,-0.1708246412276639,-0.1708246412276639,1.1321812162481335,0.107332636778876,-0.3551480133320506,0.1050268013338617,-0.0067339469102022,0.1336212991676724,0.0533711305163563,19.928424395349413,2020,development,True,True,True,True,True,4,A+
True,A,A+,AGNT,2021-01-08,2021-01-12,2,33.90137481689453,2.493912324928055,69511559.43183899,0.9877206446661552,0.6921119592875318,0.8206106870229007,0.8778625954198473,0.7709923664122137,0.4274809160305343,0.916030534351145,2021-01-11,0.5082090566971735,-0.2998128032810578,0.2083962534161157,0.7824265311464521,0.6497036260594403,0.356476170099113,0.0265125338862317,2021-01-13,34.35728304778838,0.2255838392957283,0.2937897741626993,-0.0298567443616502,0.4389596384132892,0.5923565148918226,-0.0298567443616502,105,4,True,Friday,14,False,0.1780737478369387,-0.0573022189730105,0.2728519310821324,0.3760178121234385,0.05836985160491,0.2970884958285462,1.2844698786922626,0.0260608114203615,0.0568577000424408,0.2325160523900349,-0.1142343294007837,-0.1142343294007837,1.537879922111091,0.0791365832617965,0.073140253843051,0.2885818063238117,0.0411684712704811,0.8740554543427969,0.0735637518654621,18.057003619465195,2021,development,True,True,False,True,True,3,A+
True,A+,A+,TDAY,2021-05-28,2021-06-02,2,5.130000114440918,0.3299999833106994,10958412.310624124,0.9586776859504132,0.7512437810945274,0.8731343283582089,0.5895522388059702,0.7089552238805971,0.9552238805970148,0.6194029850746269,2021-06-01,0.3030300293634169,0.1212120117453667,0.4242420411087837,0.962962112636009,0.7186762272476558,0.3030300293634169,0.0193423410361439,2021-06-03,5.099999904632568,0.0509804379889626,0.0647058686033112,-0.0176469955752315,0.1313725664358058,0.1411765255867552,-0.0176469955752315,125,1,True,Friday,0,True,0.0118343078398515,-0.0153550716161814,0.1299559818381757,-0.030245718065386,0.0586050578627033,0.0285095868293305,0.4945375445207365,0.0181741832496777,-0.0234552404807166,0.10693669563051,-0.0655737106895951,-0.1895734318686321,0.8939437396580254,0.0202669608383894,0.2365253070511268,-0.0957352454495311,0.0057692713286059,0.6875004656610375,0.0643274806918135,16.209617966821273,2021,development,False,True,True,True,True,3,A+
True,A+,A+,AA,2022-01-28,2022-02-02,3,54.663352966308594,3.301179218662865,439120176.75302505,0.9963662790697676,0.7246376811594202,0.8768115942028986,0.9637681159420288,0.572463768115942,0.6376811594202898,0.8913043478260869,2022-02-01,0.3000221896488956,0.2221284743919267,0.5221506640408223,0.8394003652962063,0.7642725462011573,0.2942494815852826,0.0175287932949959,2022-02-03,56.09183892538535,0.2208829072961622,0.2286927389051745,-0.0096774139228804,0.3215621784631841,0.323429761365134,-0.0096774139228804,160,4,True,Friday,1,True,0.0211704992797836,-0.0513967461960497,-0.0305692962386643,0.2357373822529882,-0.0408636532958586,0.0527434452292365,0.2744778213043619,-0.0015099540252678,0.0412694387937786,0.0676479970903844,-0.1082804351176047,-0.1082804351176047,0.9523525446547464,0.080636162472617,-0.0874001350066863,-0.0588220723148954,-0.0005170098035093,0.6476872868654837,0.0603910854260536,19.90028368472228,2022,development,True,True,True,False,True,3,A+
True,A+,A+,DVN,2022-01-28,2022-02-02,3,41.73163604736328,2.1019641708408625,670567045.7411385,0.9905523255813954,0.7318840579710145,0.8913043478260869,0.9057971014492754,0.391304347826087,0.8985507246376812,0.9855072463768116,2022-02-01,0.654735005465026,-0.0038516251005649,0.650883380364461,0.9054734205082476,0.6866070332745213,0.4313508584674228,0.0214889249718854,2022-02-03,42.840700499731234,-0.0151170126719324,0.0476192456540234,-0.0447844952738855,0.0175737137982141,0.0525321864613617,-0.0542326699177233,160,1,True,Friday,1,True,0.1177363395617352,0.0384770152777094,0.1804439282287544,0.2971005445482746,0.0540951665410589,0.1533377305038605,0.5480625358695168,0.0378162974654385,0.035630239904616,0.090486890276503,-0.0499448317699989,-0.0499448317699989,0.7111971198052763,0.2279909306605045,0.1705981339994438,0.179399952366755,0.0154617639232532,0.5122945693773919,0.0503686020949487,20.323634249335207,2022,development,True,True,True,False,True,3,A+
True,A,A+,BCYC,2022-03-18,2022-03-24,4,41.18999862670898,2.584599685668945,11358719.142627716,0.9784122562674096,0.8287037037037036,0.9513888888888888,0.7847222222222222,0.7569444444444444,0.9444444444444444,0.5138888888888888,2022-03-23,0.4758955706202476,-0.1276785794671378,0.3482169911531098,0.9022557397361644,0.622548250431508,0.2011918753402949,0.0125090320322618,2022-03-25,42.5,0.0324706133674173,0.0705882352941176,-0.0185882568359374,-0.1122353048885569,0.1249412087833179,-0.1171764598173253,167,3,True,Friday,9,False,-0.0720883263559063,-0.0391882516219583,-0.083444595340314,-0.2309559826253223,-0.0774399659687733,-0.1226201969574551,-0.0695252887916031,-0.0294127295894145,-0.0602786354207709,0.0332491293397454,-0.1610997982328084,-0.3302439247689597,2.086929232700455,0.2483916522830691,0.1722795346199244,-0.082614153459909,-0.0112439572867061,0.0855244830710264,0.062748234324849,16.245496213371098,2022,development,True,True,True,True,True,4,A+
True,A+,A+,ANF,2023-08-25,2023-08-29,2,50.15999984741211,1.7735002517700191,104715052.47829436,0.9774052478134112,0.7367149758454106,0.8623188405797102,0.7753623188405797,0.4565217391304347,0.9782608695652174,0.8623188405797102,2023-08-28,0.3947001204205222,0.2593735659262298,0.6540736863467521,1.0,0.626698756962905,0.8908924680334976,0.031765137978301,2023-08-30,51.36000061035156,0.0704828444093741,0.0794392127700849,-0.0021417564066265,-0.0140187151897737,0.0809968808017043,-0.0151868919397883,242,1,True,Friday,4,True,0.1611110870730243,0.2718053142487557,0.2546273242054757,0.7563025485076633,0.1964221842721891,0.2919044736389999,0.7201439585891796,0.0525324779945501,0.0595568141275832,0.093126431088728,-0.0539419197596927,-0.0539419197596927,1.2116147544303582,1.1021076844037323,0.2210282368620155,0.1347771124275995,0.018232302820744,0.2325588616241727,0.0353568631811213,18.466753433208176,2023,validation,True,True,True,False,True,3,A+
True,A+,A+,XPO,2023-11-03,2023-11-07,2,79.52999877929688,3.3674999237060548,140590258.54251862,0.9852941176470588,0.7598039215686274,0.9264705882352942,0.8529411764705882,0.6397058823529411,0.7867647058823529,0.8823529411764706,2023-11-06,0.3028965985360398,0.1692649466185922,0.472161545154632,0.8146857810524294,0.5945226603014332,0.5939124113769624,0.0252780577675901,2023-11-08,81.44999694824219,0.0659300546075456,0.0815224019451819,-0.0155923473376362,0.0926949457905506,0.0976059530448918,-0.0155923473376362,252,3,True,Friday,18,False,0.1811970387117258,0.1030513240280113,0.031249947444039,0.1003043735810993,0.0639179944200765,0.0878485730768978,0.4698788242202301,0.0109750377013511,0.0079107974464684,0.0782289693423063,-0.0110668914438264,-0.0110668914438264,0.6962854215734942,0.4367085265259134,0.1965184057963382,-0.1340025981981601,0.0155910699131389,0.7115383910002238,0.0423425119501281,18.76136025003668,2023,validation,True,True,True,False,True,3,A+
True,A,A+,SPOT,2023-12-08,2023-12-12,2,198.0500030517578,5.420449829101566,304983620.272522,0.9775687409551376,0.6882494004796162,0.8129496402877698,0.7769784172661871,0.316546762589928,0.9712230215827338,0.4820143884892086,2023-12-11,0.3597481776831421,-0.1844865336878782,0.1752616439952638,0.7692299484261019,0.766375979351528,0.3449889171831796,0.009486100902291,2023-12-13,199.0200042724609,-0.0411516544346668,0.0166314816980024,-0.0494925429206142,-0.0439654296661612,0.0166314816980024,-0.0553211211399237,257,2,True,Friday,14,False,0.0960761546061799,0.0899835243705202,0.1630843579488989,0.2561841840129006,0.0828321699174041,0.1705954649464072,0.313972415740041,0.0392576918265956,0.040667797571934,0.0441638624419229,-0.0238071851084812,-0.0238071851084812,1.0566763901828122,0.8117995632054005,-0.0525034753742841,0.5064221024176428,-0.0181800259637845,0.9539923726696276,0.0273690974278096,19.535768629105053,2023,validation,True,True,False,True,True,3,A+
True,A+,A+,ANF,2024-01-12,2024-01-17,2,96.79000091552734,3.689000701904293,146178116.12167358,0.990443686006826,0.7868480725623582,0.8979591836734694,0.9047619047619048,0.6190476190476191,0.8367346938775511,0.9523809523809524,2024-01-16,0.6668470090566219,0.0596370774853901,0.726484086542012,0.9810422256130568,0.6106898881465356,0.3280018580229683,0.0123142586827451,2024-01-18,100.29000091552734,0.0189450743696695,0.0550403489149016,-0.0476617682287486,0.0160534509487904,0.0569348791738679,-0.0476617682287486,262,6,True,Friday,12,False,0.0690302621692169,0.0753249485433331,0.1557015034689832,0.5677032439939991,0.0593308524434068,0.2052048426787118,0.9410914317467476,0.0437936641924898,0.088193688627481,0.1491754598553236,-0.0231126450666816,-0.0231126450666816,0.9869754522933714,0.1672797337537221,0.0214152670438751,0.1229699972474536,-0.0022351033223715,0.2173914966452757,0.0381134483625414,18.800336409545828,2024,validation,True,True,True,False,True,3,A+
True,A,A+,NVDA,2024-01-19,2024-01-23,2,59.38544464111328,1.4829133722670185,21973497258.291622,0.9886845827439888,0.6995305164319248,0.8732394366197183,0.8873239436619719,0.3028169014084507,0.908450704225352,0.6267605633802817,2024-01-22,0.5654496604050109,-0.308306552452459,0.2571431079525518,0.9720764320941052,0.7035201553288061,0.2039659090750066,0.0050864765042952,2024-01-24,60.19700279855746,0.0409591446625183,0.0528820982463327,-0.0060692677760056,0.1313181065909745,0.1567061140017094,-0.0060692677760056,263,5,True,Friday,8,False,0.0851665638604413,0.2394473467651119,0.1993185991808057,0.4099969467877917,0.1497945126311775,0.2023029771361757,0.4059639209716659,0.0388865619277758,0.052158916724446,0.0658679336338277,0.0328298990342537,0.0328298990342537,1.2976708278706954,0.1040897185516351,-0.0158052902448605,0.4258777062708699,0.0154446825418494,0.9960444550268484,0.0249709904712977,23.8131028940288,2024,validation,True,True,True,True,True,4,A+
True,A,A+,TPC,2024-10-25,2024-10-29,2,25.88005256652832,1.3632617898494424,10850770.62289238,0.9824086603518268,0.7499999999999999,0.8851351351351351,0.8243243243243243,0.7364864864864865,0.6891891891891891,0.8581081081081081,2024-10-28,0.6432758239300936,-0.1973679433298651,0.4459078806002285,0.7604169150195865,0.6944996157363466,0.0219303301463969,0.0011299693976498,2024-10-30,26.43811446961112,0.0331699492151003,0.0508857160670814,-0.0376931649377796,0.1017715096507922,0.3022990175549522,-0.0376931649377796,303,2,True,Friday,4,True,-0.0473221480557856,-0.0284324163544069,0.0050309317752883,0.0383846273230608,-0.0465876486930739,0.0403313333067281,0.4039658796583263,0.0227537289704014,0.0752213822292966,0.1103167816106918,-0.1619878274749536,-0.1619878274749536,0.7570533279671643,0.7638085905522034,-0.1263778770570469,-0.1863663939845654,0.0128885945656487,0.2230762910557006,0.0526761600018,16.199746660579947,2024,validation,True,True,True,True,True,4,A+
True,A,A+,WGS,2025-08-01,2025-08-06,3,101.5999984741211,6.097299194335941,90228940.62252045,0.9803076923076924,0.8098159509202454,0.911042944785276,0.803680981595092,0.6625766871165644,0.9631901840490796,0.3251533742331288,2025-08-04,1.2300528087857476,-0.5330228838071573,0.6970299249785903,0.7825108924169619,0.730106360317248,0.1590870301401977,-0.0090807079523903,2025-08-07,107.79000091552734,0.1421282082261987,0.1431487167095204,-0.044716575321319,0.1159662296486663,0.1833194356470591,-0.044716575321319,343,6,True,Friday,20,False,0.2727044487502148,0.3047386013939834,0.109049206388071,0.6302952338197643,0.1797662933347394,0.2761766786801685,0.2641131649681774,0.01691537974092,0.0698675116368829,0.0539870939825757,-0.0532103179049545,-0.0532103179049545,0.8275991895413181,0.9092543879204008,-0.0038835813824957,0.0480479141587528,-0.0398234201091241,0.6708860584855976,0.0600127882471278,18.317860783045287,2025,validation,True,True,True,False,True,3,A+
True,A,A+,TMC,2025-11-21,2025-11-25,2,5.170000076293945,0.4623999834060669,42926294.60003376,0.9964580873671782,0.7607843137254902,0.8941176470588236,0.9647058823529412,0.6588235294117647,0.6588235294117647,0.6470588235294118,2025-11-24,0.4541523479306797,0.1081308730363787,0.5622832209670585,0.97560918877176,0.6061701328285879,0.2378885394133923,0.0206766265277946,2025-11-26,5.53000020980835,0.3960216089140436,0.4014466014402895,-0.0108499850524921,0.2386979466082091,0.4719710731448341,-0.0108499850524921,359,4,True,Friday,4,False,0.0177165657361333,-0.0977312287810585,-0.274894811597161,0.0217391570668634,-0.1255813824449986,-0.2436323037203799,0.0800817058321223,-0.0899996164239633,0.0021258514767561,0.1015182288923606,-0.3143235938394663,-0.5444934006579765,0.7870659427935515,0.2809564799710848,-0.2215533741305988,-0.4059203870923033,-0.0057581976177911,0.8571436356527153,0.0894390670372161,17.574995123874473,2025,validation,True,True,True,False,True,3,A+
True,A,A+,AEVA,2025-12-05,2025-12-09,2,14.699999809265137,1.1790499687194824,28619827.02573776,0.980058651026393,0.834307992202729,0.9649122807017544,0.8011695906432749,0.783625730994152,0.9181286549707602,0.1988304093567251,2025-12-08,0.6445869547897456,-0.2544423041380351,0.3901446506517105,0.7745094189321097,0.4927559140276951,0.3392558662841886,0.0271002447376367,2025-12-10,15.130000114440918,-0.0733641538850882,0.1454064634913872,-0.0997356122346392,-0.0812954716858637,0.1454064634913872,-0.1520158739813631,361,5,True,Friday,17,False,0.3183856782232612,0.4803624730608624,0.1360123868589571,0.0629067165841272,0.2982424981708853,0.0303136392898883,0.0038583549692847,-0.0291312086470177,-0.066721184585478,0.051511006146365,-0.0858209030465505,-0.2884801588657092,1.035719188196487,0.3722624093709312,0.0463837316346495,0.2150056363689305,-0.0232997407363122,0.0247931669631478,0.0802074819059758,17.16961028824964,2025,validation,True,True,True,True,True,4,A+
True,A,A+,VSAT,2025-12-19,2025-12-26,4,33.810001373291016,2.002999877929688,60653842.41052628,0.9890867317633544,0.7733333333333332,0.9228571428571428,0.8914285714285715,0.6285714285714286,0.8,0.8171428571428572,2025-12-22,1.8222655684603928,-1.3230144147191332,0.4992511537412603,0.8014703407420705,0.4718361375274323,0.0549160271382493,-0.003149965676462,2025-12-29,34.099998474121094,0.1290323085855302,0.137536734641368,-0.0014662533518438,0.1853372427456425,0.2759530870522904,-0.0014662533518438,363,2,True,Friday,7,False,-0.0563773473216205,-0.0328946722339134,0.109980380482876,0.1330429356703211,-0.0173225267504105,-0.0525324292962151,0.5565833128975648,-0.0028257958521813,0.0219016165894732,0.1309098301568501,-0.1254526252784181,-0.2243633573081381,2.9394519160429917,0.2608406955151652,-0.1850158982511924,0.2322941871588543,0.0080295958294216,0.8663364373379462,0.0592428215490107,17.92069354518971,2025,validation,True,True,True,False,True,3,A+
True,A,A+,OPEN,2026-02-20,2026-02-24,2,5.0,0.3789500474929809,263244140.3017116,0.9829157175398632,0.7670454545454545,0.9147727272727272,0.8295454545454546,0.6306818181818182,0.8409090909090909,0.3579545454545454,2026-02-23,1.0291590384160578,-0.7388829604946221,0.2902760779214357,1.0,0.7699289046326153,1.1874923596905738,0.0965665881624864,2026-02-25,5.139999866485596,-0.0330739456633839,0.0690661533647496,-0.0933852201443109,-0.0252917589456369,0.0690661533647496,-0.0933852201443109,372,2,True,Friday,5,False,0.1415524815889695,0.0638298304062632,-0.2211838098783426,-0.3351063812923086,-0.0053215424590744,-0.1520968693359212,0.0500528692371904,-0.0838800785758454,-0.0840478372990735,0.0952827316700826,-0.2636229708261334,-0.3946731402600875,2.5302898238659983,0.1946614794980756,-0.1723689433357622,-0.0898905669080112,0.1827956746666268,0.3058824849375624,0.0757900094985961,19.3885924496678,2026,validation,True,True,True,True,True,4,A+
True,A+,A+,NKTR,2026-04-02,2026-04-09,4,76.98999786376953,4.776501083374024,64350917.49752045,0.9920045688178184,0.7007575757575757,0.8125,0.9204545454545454,0.3977272727272727,0.7840909090909091,0.8693181818181818,2026-04-08,0.3642845385758727,-0.1842362992181888,0.1800482393576838,0.956250149011754,0.510608781262761,0.6071393003496199,0.03869248357517,2026-04-10,78.36000061035156,0.0718478459617857,0.0800152704725492,-0.0236089645190317,0.164624826766206,0.391015813565484,-0.0236089645190317,378,3,True,Thursday,19,False,0.0848245250038162,0.0287279747606079,0.0626639214183912,0.820955536580313,0.0653990691798658,0.236663943989571,0.6214735836638781,0.0066516653206258,0.1221498430060452,0.1504656342570793,-0.0230935128943644,-0.0230935128943644,0.6183467865993164,0.2029065767171793,-0.2136118361242265,-0.0944973065498665,-0.0285298647316697,0.7963704994639427,0.0620405405365231,17.97986174983049,2026,validation,True,True,False,True,True,3,A+
True,A,A+,VSAT,2026-04-02,2026-04-10,5,53.68999862670898,3.7880002975463873,88564888.1250763,0.9805825242718448,0.7386363636363635,0.875,0.8068181818181818,0.5852272727272727,0.8238636363636364,0.8011363636363636,2026-04-08,1.4519534234362472,-0.7761347401723573,0.6758186832638899,0.855999755859375,0.5977905617441164,0.0659978828834657,0.0044642857142858,2026-04-13,55.93000030517578,0.1237260527657269,0.1525120459995332,-0.014661178086,0.1083497468304184,0.1618094582938938,-0.014661178086,378,4,True,Thursday,19,False,0.1225171769040067,0.0301227883154033,0.1792224921192522,0.5580383068234374,0.1303157651010442,0.1638392345571817,0.5893666852416399,0.0029666713000371,0.0265791974844453,0.1245892738485709,0.0187855379399866,0.0187855379399866,1.8206031609125255,0.0248365162154757,0.0342862913745656,0.1413188822075939,-0.0462082726893734,0.9735400602415922,0.0705531829844745,18.299246040472376,2026,validation,True,True,True,False,True,3,A+
True,A,A+,ABVX,2026-06-05,2026-06-09,2,101.52999877929688,9.770249557495116,283103819.848938,0.999435984207558,0.7022471910112359,0.8539325842696629,0.99438202247191,0.8146067415730337,0.297752808988764,0.0674157303370786,2026-06-08,0.3993757175068995,-0.2775771457914661,0.1217985717154333,0.9491522083961418,0.4276694545316513,0.1351039896224143,0.0130177482737743,2026-06-10,101.88999938964844,-0.0430856749037771,0.020021601018231,-0.060751815472433,-0.0920600383708601,0.020021601018231,-0.2659730948715103,387,4,True,Friday,16,False,-0.2344869558814731,-0.1814077257231716,-0.1854793619218852,-0.0713436652439737,-0.1299802620058621,-0.1300108284126698,-0.0772462196584458,-0.0453641879401892,-0.0078950058002345,0.0444340351881109,-0.2483435049182272,-0.2483435049182272,0.9490791369247203,1.8390961460944888,0.7298090813014739,-0.2268184537742823,0.0023825407345172,0.3318245875945815,0.0962301750710488,19.461324242922707,2026,validation,True,True,False,True,True,3,A+
True,A,A+,ONDS,2026-07-24,2026-07-28,2,7.800000190734863,0.6045000553131104,849988145.950203,0.9674751929437708,0.7271062271062271,0.8736263736263736,0.6758241758241759,0.6263736263736264,0.8791208791208791,0.0054945054945054,2026-07-27,0.6451602216089644,-0.5459047422220136,0.0992554793869507,0.9158877588399762,0.5411733374081795,0.1985117475863325,0.0155039232486831,2026-07-29,7.78000020980835,0.1388174058796716,0.1683804508292952,-0.1298200773321979,0.2519279573847333,0.2532133338130307,-0.1298200773321979,394,2,True,Friday,5,False,0.1954023106103317,0.0743801576899119,0.0162866445463933,-0.2599620285611886,0.0412147707012411,-0.1397090287473233,-0.1692627024176937,-0.0246403278598288,-0.0459921283105319,0.0017951606297683,-0.0982658341365145,-0.4491525229669831,0.8834935984893963,0.457013763520667,0.334533465197516,0.0805176218906558,0.0025220657452023,0.4571429155310567,0.0775000051963022,20.56073296141045,2026,validation,False,True,True,True,True,3,A+
True,A+,A,VNDA,2019-01-04,2019-01-10,4,27.75,1.6280000686645502,17995200.57206154,0.9804270462633452,0.7581120943952802,0.8849557522123894,0.8053097345132744,0.7256637168141593,0.7433628318584071,0.7876106194690266,2019-01-07,0.9275185289890644,-0.2272732331865996,0.7002452958024649,0.9104471450979724,0.6755521761699701,0.4115479410535615,0.0237420302124844,2019-01-11,28.68000030517578,0.0746164353862381,0.0829846281534762,-0.0230125467360263,0.039051566247112,0.0913528209207146,-0.0230125467360263,0,1,True,Friday,18,False,0.0831381378217914,0.1266748252352068,-0.0411195754007392,0.214973722180811,0.0599289544144077,0.1506310879264756,0.374970578375388,-0.002970409126463,0.0305350684335101,0.0384887500587347,-0.1474654178054603,-0.1701554683128576,1.1346936985019411,-0.0401602608625719,-0.0524671402048715,-0.2083464325142385,0.0142252567715823,0.9740253949695568,0.0586666691410648,16.705615645421567,2019,development,True,True,True,False,False,3,A
True,A,A,AXON,2019-01-25,2019-01-30,3,49.09999847412109,1.7979997634887692,28471461.691379547,0.9752973467520586,0.7696969696969695,0.8818181818181818,0.7545454545454545,0.6545454545454545,0.9,0.0727272727272727,2019-01-29,0.4783096348593826,-0.1223567491349303,0.3559528857244523,0.8947383214910297,0.6529192546583851,0.3670744906726079,0.0134474291521828,2019-01-31,49.630001068115234,0.0501712232557098,0.0844247136113975,0.0,0.0820068427812101,0.0888575408523477,0.0,3,1,True,Friday,4,True,-0.0223019259131422,-0.0118736198207652,0.1757662942434332,-0.1540317419087867,0.0286923170495883,0.0607913037792169,-0.1471230455042553,0.0380596123595395,-0.033166230831224,0.0142804784790759,-0.0347945841346236,-0.2188991728066341,0.5293581780538302,-0.2762567287784679,-0.2206090544895931,0.3928447204968944,0.0082593748370503,0.6220447370713292,0.0366191409239336,17.16441279939676,2019,development,True,True,True,True,False,4,A
True,A+,A,FRPT,2019-04-05,2019-04-09,2,40.84999847412109,1.6244001388549816,11655915.23563385,0.9902482269503546,0.6814159292035398,0.8008849557522124,0.9026548672566372,0.7256637168141593,0.415929203539823,0.7433628318584071,2019-04-08,0.4124611711218277,0.3078059328118769,0.7202671039337046,0.8602139511226692,0.5110860578729801,0.492489022824423,0.019408035258833,2019-04-10,42.09999847412109,0.0216151990592468,0.0225653396050222,-0.0187647774219203,0.0244656206965729,0.0353919651418208,-0.0187647774219203,13,2,True,Friday,16,False,-0.0340506599723798,-0.0120918988742629,0.0294858407244693,0.1885365069425382,-0.0236499333010354,0.0303323419979963,0.162722807959823,0.0093481524732057,0.02797093734114,0.0556456962116189,-0.0724342047023334,-0.0724342047023334,0.4885381435550545,-0.162792362341404,-0.0470227098314527,0.0776829333762817,0.0012132792567662,0.2459007679415605,0.0397649987645423,16.2713243546648,2019,development,True,True,False,False,False,2,A
True,A+,A,MDB,2019-04-26,2019-04-30,2,138.97999572753906,6.563998413085938,194673363.8773346,0.998165137614679,0.7217125382262997,0.8623853211009175,0.981651376146789,0.908256880733945,0.2752293577981651,0.981651376146789,2019-04-29,0.3031697096691557,-0.0076177732855825,0.2955519363835731,0.9611214374225526,0.7196385937318159,0.5255938120527726,0.0250963622434492,2019-05-01,141.27999877929688,-0.0566251420521127,0.0015500717901839,-0.086919584409682,-0.0562004707673439,0.0015500717901839,-0.1000849342569537,16,4,True,Friday,2,True,0.1084702406447879,-0.0329135812772298,-0.0492543255506338,0.599309473960719,-0.0005932918918065,0.1034344515164784,0.5765958225912844,-0.0234786333622299,0.0675218001187232,0.1066378609587015,-0.0720438554925373,-0.1021964277282946,0.7249284981256106,-0.0448266498330153,-0.0329600498368138,-0.0716217788890495,-0.0015981491707869,0.8127408123107377,0.0472298072735173,19.086833655012065,2019,development,True,False,True,True,False,3,A
True,A,A,ROKU,2019-06-14,2019-06-18,2,102.0199966430664,4.5614994049072255,1192310760.1768112,0.9824236817761332,0.8318042813455657,0.944954128440367,0.8256880733944955,0.8623853211009175,0.8073394495412844,0.8899082568807339,2019-06-17,0.5064135677630872,0.0131530344011925,0.5195666021642797,0.8679250715127415,0.5216165785396287,0.0789215515328746,-0.0034367600033562,2019-06-19,104.06999969482422,-0.1039684801244631,0.0408378976886973,-0.1110790582539864,-0.10589023422102,0.0408378976886973,-0.160757215393416,23,3,True,Friday,10,False,0.001472404951804,0.1285397668257897,0.2250239930170152,0.6247809389319163,0.0778999537510223,0.3223384355807737,0.7187250684118505,0.0563693908518145,0.0961312765060826,0.0731613618127515,-0.0320683570576856,-0.0320683570576856,0.5797946674305574,-0.2421655036851926,-0.0277812291196488,0.2554723962693854,-0.0060969742041141,0.0096602154659275,0.0447118168496552,20.89915907645828,2019,development,True,False,True,False,False,2,A
True,A,A,AU,2019-07-05,2019-07-09,2,14.87081527709961,0.581336281503567,68098515.77767372,0.9672566371681416,0.775811209439528,0.9026548672566372,0.672566371681416,0.8053097345132744,0.8495575221238938,0.9026548672566372,2019-07-08,1.0093731719984709,-0.8363428593835616,0.1730303126149091,0.8095240257764512,0.7360751937721352,0.1009368578181639,0.0039347774717157,2019-07-10,15.365394069734007,-0.028914580030908,0.005455558204362,-0.0354611653207849,0.0180030068550485,0.0709216901785234,-0.0354611653207849,26,1,True,Friday,18,False,-0.0072748918506823,0.0441435326222954,0.2150683568386955,0.3288393238499063,0.0762604184565811,0.2779322666837569,0.4461766707744306,0.0550132610152365,0.0722186049216078,0.0762340450235086,-0.0149917199457612,-0.0149917199457612,1.0309491726281308,-0.0917835780954626,0.3177811659605796,0.3392236745484496,-0.0404721672173715,0.9009897437543788,0.0390924284022812,18.036465976134416,2019,development,False,True,True,True,False,3,A
True,A+,A,VCYT,2019-08-16,2019-08-20,2,25.63999938964844,1.645949745178223,19967937.220859528,0.9929701230228472,0.6695906432748537,0.8026315789473685,0.9298245614035088,0.956140350877193,0.1228070175438596,0.9210526315789472,2019-08-19,0.2794745059312103,-0.1701149670369731,0.1093595388942372,0.8877544268025426,0.5322210410135222,0.5285695595709469,0.0348696956024567,2019-08-21,26.1299991607666,-0.0076539939538579,0.0135859724832283,-0.0662074090241022,-0.0290852792170892,0.059318836364008,-0.0662074090241022,32,2,True,Friday,10,False,-0.0187523837296512,0.0190778833524398,-0.1410385573875827,0.051250513787652,-0.0477782416825575,-0.0684629166908198,0.2167747568762521,-0.0313860254778933,0.0095066231151059,0.0877157675464024,-0.1776780263407411,-0.1776780263407411,0.4060047534245647,-0.2914824319657645,-0.0039545152065609,-0.0876810465659554,0.0144694783960945,0.9607834337495906,0.0641946093743955,16.809638406158946,2019,development,True,False,False,True,False,2,A
True,A,A,AGI,2019-08-30,2019-09-04,2,6.665433406829834,0.3488717148641491,24271796.35692835,0.9547920433996384,0.7597597597597596,0.9009009009009008,0.5495495495495496,0.8468468468468469,0.8828828828828829,0.7027027027027027,2019-09-03,0.8401115900711353,-0.2981023804460029,0.5420092096251324,0.9499989271179288,0.4488507471474486,0.2981033222525491,0.0154061814525703,2019-09-05,6.750524417362138,-0.0938374965839993,0.0014005923065596,-0.1120446618513549,-0.1246721953334691,0.0014005923065596,-0.144310942173116,34,1,True,Friday,0,True,-0.0355678181475092,0.0071428730967415,-0.0056418038236307,0.3557943647311026,-0.0155694090432688,0.0538431016023246,0.4139483468680078,0.0112256332815703,0.053579592763914,0.0629560632534989,-0.0938305057281985,-0.0938305057281985,0.5498474794680908,-0.1985030998519944,0.1208976159563162,-0.1703925222166844,-0.0071531185797681,0.6842109225792355,0.0523404396339287,17.0048255904944,2019,development,False,True,True,False,False,2,A
True,A,A,B,2019-09-27,2019-10-04,5,14.94117546081543,0.5684049465195417,327066805.0034237,0.9815303430079156,0.6403508771929823,0.8070175438596491,0.8157894736842105,0.5701754385964912,0.5350877192982456,0.2982456140350877,2019-10-03,0.2965219714983812,-0.2668717500801373,0.0296502214182438,0.964911458821326,0.6335052151839384,0.7561161769311218,0.0295823802582775,2019-10-07,14.856902053178477,-0.0357344210340382,0.0328985403561545,-0.0385704529912173,-0.0249570663436579,0.0328985403561545,-0.0612590789911209,38,1,True,Friday,1,True,-0.0379817986675394,0.0290190454090435,-0.0803940927180305,0.1265466058764659,-0.0210098950813735,-0.0159905067745256,0.2219860011210914,-0.015742660127758,0.0200729497630165,0.0370424753317555,-0.1085973159904747,-0.1148161287234625,0.7304912984072809,-0.286627146185534,0.043076980143754,-0.0349956822781043,-0.0198892919183142,0.5454555963355835,0.0380428533223664,19.605675004642364,2019,development,True,True,False,True,False,3,A
True,A,A,RPAY,2020-04-09,2020-04-15,3,14.970000267028809,1.739499998092651,12440849.43851471,0.9805579036348268,0.7282913165266107,0.865546218487395,0.8067226890756303,0.8487394957983193,0.5294117647058824,0.6134453781512605,2020-04-14,0.3794192860797897,-0.160965641436164,0.2184536446436257,0.803419207488544,0.3724970473458769,0.0229950916337388,0.0026126688933187,2020-04-16,15.369999885559082,0.078074158633703,0.0871827722115061,-0.0696161159916168,0.1691606666983938,0.2329213340296747,-0.0696161159916168,66,1,True,Thursday,14,False,0.1088889086688007,-0.0190039290631306,0.0381414832056103,-0.0354381555742631,0.082429511435617,-0.0794603300490739,0.0619940079460947,-0.0464699343208432,-0.0248024052160603,0.0247199881775532,-0.1083978885799467,-0.235444314333004,0.6171999586356288,-0.0918778880222932,0.3608205426997721,0.0163008278316905,0.0136332520944106,0.9294873754262488,0.1161990625961358,16.336495925782945,2020,development,True,True,True,True,False,4,A
True,A,A,NTRA,2020-05-08,2020-05-15,5,43.56999969482422,2.350650596618652,49978139.1789341,0.9774109470026064,0.732758620689655,0.8362068965517241,0.7758620689655172,0.6637931034482759,0.7586206896551724,0.3017241379310345,2020-05-11,2.403590535320852,-1.6974031292469869,0.7061874060738651,0.9495410114895866,0.5288115308745917,0.3275690818836695,0.0173189490242835,2020-05-18,46.650001525878906,-0.0252947538387792,0.0355841327570209,-0.0441586560752466,-0.0679528805992435,0.0355841327570209,-0.1097535386733422,70,6,True,Friday,14,False,0.2423724001701221,0.1823609633368759,0.3543674906666199,0.2252530374633079,0.2148503391036889,0.3592729734098288,0.2816750802169212,0.0668243212665258,0.0095112409356397,0.0289405438242207,-0.0053646982927607,-0.0053646982927607,0.9557572615912356,-0.0569202990568368,0.2105549838767868,0.5236660555182527,0.017007623696013,0.4861880665400742,0.0539511272224748,17.727096251364134,2020,development,True,True,False,False,False,2,A
True,A,A,FVRR,2020-06-19,2020-06-24,3,66.75,4.751250076293945,51477140.05447388,0.980327868852459,0.7786885245901638,0.8934426229508197,0.8032786885245902,0.8524590163934426,0.680327868852459,0.9426229508196722,2020-06-22,1.401737133420746,-0.848199177896121,0.5535379555246249,0.8804340795215373,0.6702534035821968,0.2925544577381329,0.0204441746333565,2020-06-25,69.44000244140625,0.0829492267327647,0.099798387982825,-0.0189372464742617,0.2307027085228596,0.2391993091354964,-0.0189372464742617,76,1,True,Friday,7,False,0.1110186079504689,0.0447644488601286,0.095699310674415,2.077454972635396,0.0490417116560524,0.2895112015933063,1.1642846013832613,0.013289276511214,0.1703799849959943,0.1520848715618867,-0.0918367346938775,-0.0918367346938775,0.9363488338977596,0.060592740262876,0.1013020720878381,0.0669077085951671,0.0133254652293897,0.2397818678167811,0.0711797764238793,17.75664838465159,2020,development,True,False,True,False,True,2,A
True,A+,A,MRNA,2020-06-26,2020-06-30,2,61.27999877929688,4.049649810791017,1012743548.7903024,0.9959083469721768,0.6937669376693766,0.8048780487804879,0.959349593495935,0.8130081300813008,0.3089430894308943,0.975609756097561,2020-06-29,0.424728384197534,0.2987910414496574,0.7235194256471914,0.717475960801371,0.732807208422085,0.5012776101991782,0.0326471336335438,2020-07-01,63.0,-0.0225396534753223,0.0115872943212116,-0.114126962328714,0.2733333527095734,0.4026984562949529,-0.114126962328714,77,3,True,Friday,2,True,-0.0764129587252619,-0.0116129229145663,-0.0035772556211889,1.039267898007814,-0.0129263537174578,0.038700390061152,1.0064830540397578,0.0162714697672101,0.1119303358082797,0.1835394931559204,-0.0853731525478077,-0.2956321979391163,0.8499501969137411,-0.0058163875139831,-0.2354482452226791,0.1366277947193404,-0.0208064663794732,0.6793645565144121,0.0660843650695236,20.73592887003449,2020,development,True,True,False,False,False,2,A
True,A+,A,OVID,2020-09-04,2020-09-09,2,5.480000019073486,0.6440500497817994,11756017.63409376,0.9801553062985332,0.7557471264367815,0.8620689655172413,0.8017241379310345,0.9482758620689656,0.5172413793103449,0.5775862068965517,2020-09-08,0.3105345762070751,0.062106915241415,0.3726414914484902,0.884614679235594,0.2589828041717465,0.2639540195895987,0.030630557408013,2020-09-10,5.71999979019165,0.1573426797865804,0.1888112657617819,-0.0157342096244582,0.0139860845240578,0.2062937672129259,-0.0157342096244582,87,2,True,Friday,17,False,-0.0616438568678593,-0.284128038030363,-0.2378303233015594,0.0073529340868179,-0.1870943776264108,-0.2139875733496288,0.1629202473171944,-0.0498255764657791,-0.024240388180191,0.0996756239889327,-0.3452807534049991,-0.4170212509082732,0.5345830833018814,-0.4617458666746314,0.091899066185314,-0.5978788281964881,-0.0073394427987,0.7894737722691437,0.1175273809379822,16.279875806527794,2020,development,True,False,True,True,False,3,A
True,A+,A,FLGT,2020-09-25,2020-09-29,2,39.380001068115234,3.278499698638916,45868214.7155571,0.987298899237934,0.8347338935574229,0.9159663865546218,0.8739495798319328,0.8823529411764706,0.7478991596638656,0.8151260504201681,2020-09-28,0.5673328599431472,0.1738599198471351,0.7411927797902824,0.7849161832588154,0.7532922000184179,0.8448987989578435,0.0709528789140463,2020-09-30,42.060001373291016,0.0584878507882029,0.1219685469785938,-0.0764621849326355,-0.0033286542980145,0.1219685469785938,-0.0764621849326355,90,3,True,Friday,3,True,0.1451003712424843,0.366886560156592,0.222222209067187,1.4323656435510703,0.2137276652116673,0.1749121637942094,1.0188065313665953,-0.0298848824565249,0.1090911509215268,0.118459397188795,-0.1131229606923723,-0.2494758880894205,0.8721981766276821,0.4979500874850355,0.4242257846204427,-0.100020259692421,0.0002529939629909,0.6199099318361098,0.0832529103533574,17.641282945291778,2020,development,True,False,True,False,True,2,A
True,A,A,CSIQ,2020-11-13,2020-11-17,2,38.83000183105469,3.109499740600586,109274813.69106293,0.9417152373022482,0.6831955922865013,0.8264462809917356,0.4214876033057851,0.8181818181818182,0.8099173553719008,0.4049586776859504,2020-11-16,0.369833673296761,-0.0932628846180056,0.2765707886787554,0.971427896719718,0.5172959300822445,0.3569695733243247,0.0287712997141644,2020-11-18,39.970001220703125,0.0162621388874255,0.0342756790103662,-0.1143357406868706,0.048286220821432,0.1433575023077151,-0.1143357406868706,97,3,True,Friday,10,False,-0.0255959016843825,0.0682256798084657,0.0226494754464914,0.4969159996767653,-0.0022482919642028,0.0811097311764872,0.596142701187673,0.0043096170954235,0.050118995287127,0.0752275652963765,-0.134418160883962,-0.134418160883962,0.4829083703514871,-0.2933446873751372,0.0656127340169745,-0.1573673809949973,0.0215627176129089,0.2559245304850269,0.0800798247223808,18.509376493757387,2020,development,False,True,False,True,False,2,A
True,B,A,VNET,2020-12-04,2020-12-08,2,28.040000915527344,1.8120000839233392,56063049.12075997,0.9766317485898468,0.7413333333333333,0.836,0.768,0.688,0.768,0.336,2020-12-07,0.5077252352843904,-0.0441500662256256,0.4635751690587647,0.7127068446437722,0.5593579691791055,0.6512132136728261,0.0425992189648565,2020-12-09,29.350000381469727,-0.0238501108634192,0.0357751013088052,-0.0551959392905559,0.1308346914933487,0.1744463636350048,-0.0620102102613016,100,4,True,Friday,18,False,-0.0650216362278456,0.1771621022153109,0.0730961276733812,0.2319859680820795,0.0958476257760114,0.1554405881842642,0.3986642325953686,0.03729604881328,0.0555439557101413,0.0731455328473282,-0.1098412407769097,-0.1098412407769097,0.6443075259330934,-0.0181899246315769,0.5163279763809825,0.1969444721127348,0.0053859826382651,0.5612259197122648,0.0646219694992924,17.841987492531484,2020,development,True,True,False,False,False,2,A
True,B,A,MSTR,2021-03-26,2021-03-30,2,62.400001525878906,7.230401420593262,500335154.64553833,0.9777777777777776,0.6833333333333332,0.8285714285714286,0.7785714285714286,0.7785714285714286,0.4928571428571429,0.9071428571428573,2021-03-29,0.5384206927448565,-0.123782427973822,0.4146382647710344,0.7242423944045662,0.7903294912587535,0.1593273125839216,0.0179310834580634,2021-03-31,64.76100158691406,0.013264173478156,0.1365481458478286,-0.0096200040667483,0.1357144153036029,0.3620851580883644,-0.0096200040667483,116,2,True,Friday,3,True,-0.1969525427992388,-0.2040816286810732,-0.1684545618880628,0.8506437004940959,-0.1244882155752303,-0.1611617713364579,0.8799603601241797,-0.0403071090674584,0.0669018445278641,0.2163354930774954,-0.2366878970191801,-0.5254752735674608,0.7362454432433572,-0.0649219293254946,-0.3154933234183585,-0.2271178821529665,0.0081976272584083,0.5634542987635919,0.1158718148042773,20.030788741120613,2021,development,True,True,False,True,False,3,A
True,B,A,CWH,2021-04-01,2021-04-06,2,28.929697036743164,2.074842105044773,55443952.80792236,0.9755043227665706,0.6666666666666666,0.8129496402877698,0.7553956834532374,0.4244604316546763,0.8201438848920863,0.0431654676258992,2021-04-05,0.2605896771337914,0.0226570621304985,0.28324673926429,0.7067649117171284,0.568706376400798,0.3361143079695133,0.0241979178680507,2021-04-07,29.77596471858384,0.0368421844559776,0.0655264000777526,-0.0407893689398296,0.0847370234473967,0.1373686096348605,-0.0407893689398296,117,3,True,Thursday,20,False,0.0304212001030996,-0.0664984526977761,0.1641074072340091,0.3568489886091726,-0.030051015822908,0.0029709802864543,0.1802394512611966,0.0283705111258683,0.03742511499746,0.0569893934566734,-0.162811734025298,-0.162811734025298,0.5907057216596456,-0.4247077082670456,-0.0265615116393541,0.4876002987593712,0.0134686159437542,0.6355930559596599,0.0717201463399201,17.830883209148478,2021,development,True,True,False,True,False,3,A
True,A,A,GOGO,2021-04-23,2021-04-27,2,10.850000381469728,0.6104498386383062,17440622.850208282,0.980030721966206,0.6768447837150127,0.8091603053435115,0.8015267175572519,0.5190839694656488,0.7099236641221374,0.3511450381679389,2021-04-26,0.5733467447155546,0.1146705987418743,0.6880173434574289,0.8378392310805093,0.5300599311028267,0.1310523360262069,0.0071493190688423,2021-04-28,11.279999732971191,-0.0669326358434274,0.0106382879787065,-0.1099290603255664,0.0292553130778427,0.0434397815950491,-0.1445035596655615,120,2,True,Friday,5,False,0.0284360365223812,0.0178236901292023,0.0888108595414325,-0.1157294232532369,0.0544986552907245,-0.0368910437061171,0.1672723051437288,0.0111042879839726,-0.0442513907348457,0.0865767350996575,-0.0312499494424878,-0.3702843488258458,0.6843117361143882,-0.0405360766363078,-0.3208656764649719,0.1336888301637487,0.0056926394529277,0.6129035235196155,0.0562626559609037,16.674312689695473,2021,development,True,True,False,False,False,2,A
True,B,A,NEGG,2021-05-28,2021-06-02,2,201.0,34.07000350952148,15350425.5487175,0.936138241923366,0.7512437810945274,0.8731343283582089,0.3656716417910448,0.9925373134328358,0.8955223880597015,0.4925373134328358,2021-06-01,0.2641619921607812,-0.117405329849236,0.1467566623115451,0.7407405314295644,0.1376121093677062,0.0821838204676234,-0.0134099761055259,2021-06-03,201.6000061035156,0.0277777315237339,0.0793650769622718,-0.0456349798040545,0.0218253658892506,0.1111110774718064,-0.0456349798040545,125,1,True,Friday,0,True,-0.2577547671321611,0.4174893912141444,-0.0855323147895081,0.1472602939563958,0.007569300948705,0.0553840330958401,0.6164313077731869,-0.0091392249033867,0.0282474884368539,0.0936980522308725,-0.325503355704698,-0.325503355704698,0.1123427668062912,-0.6642911824932003,1.2482823279179436,0.4922106940355638,-0.0093196642270143,0.0597016794904935,0.1695025050224949,16.54665375465669,2021,development,False,False,True,True,False,2,A
True,A+,A,CLDX,2021-07-30,2021-08-03,2,43.75,3.305499839782716,58499724.70966339,0.955984555984556,0.7743589743589743,0.9,0.5615384615384615,0.8538461538461538,0.9076923076923076,0.8153846153846154,2021-08-02,0.3448795779470903,0.0,0.3448795779470903,0.9125682946200204,0.2733441920515589,0.3630315598558133,0.0274662577399547,2021-08-04,44.20000076293945,0.0520361809357485,0.0891402388846238,-0.0113122169993091,0.0287330415348892,0.0891402388846238,-0.0502262710946498,134,6,True,Friday,0,True,0.0269953419500126,0.0765256067189736,0.2706941508049643,0.4424662087059494,0.0910224490797011,0.2952294129641357,0.7610700890384652,0.0618297432762247,0.1077012904232848,0.1139866869274395,-0.0575182738962606,-0.0575182738962606,0.2383054770858765,-0.6053571240110183,0.6786665485575929,0.0991954463742317,-0.005887643171005,0.0723688008051016,0.0755542820521763,17.88453260637329,2021,development,False,False,True,True,False,2,A
True,A,A,UUUU,2021-10-01,2021-10-05,2,6.820000171661377,0.6464999675750732,51842243.65775585,0.9616236162361624,0.7965686274509802,0.9044117647058824,0.6176470588235294,0.9558823529411764,0.8161764705882353,0.7352941176470589,2021-10-04,0.9590099252202764,-0.6341838638445084,0.3248260613757678,0.8055564753799794,0.4868545997693289,0.0464040391539012,0.0042857442583357,2021-10-06,6.599999904632568,0.1348484665675375,0.1454545533361515,-0.0742423906361318,0.2530303904942366,0.3045454213770291,-0.0742423906361318,143,7,True,Friday,20,False,0.080824125753824,-0.067031432962207,0.1254125802075909,0.1217105686251811,-0.0130245758214315,0.1661708175541616,0.2257809727351021,0.0464940206584374,0.061726155606874,0.0889660914492276,-0.1871275455800038,-0.1871275455800038,0.7279045472638033,-0.2121780215809258,0.7829329750791014,0.1981530009658843,-0.0014244661071007,0.3333339956071378,0.0947947142672261,17.763715889506827,2021,development,False,False,True,True,False,2,A
True,B,A,MXL,2022-03-04,2022-03-10,4,55.97999954223633,3.5720006942749025,28580438.212299347,0.9763779527559056,0.726190476190476,0.8642857142857143,0.7642857142857142,0.8,0.6142857142857143,0.75,2022-03-09,0.4591262796440606,-0.4283310419701519,0.0307952376739086,0.707964452396425,0.6689734717416378,0.2743559215447641,0.0177826080817036,2022-03-11,57.11000061035156,0.0337944367807616,0.0364209069187158,-0.1185431690669001,0.1040097804802391,0.1052354799037396,-0.1185431690669001,165,2,True,Friday,19,False,-0.1085987225744978,-0.0910862249789399,-0.0710255376453846,-0.1827737293104185,-0.080690063942247,-0.1235788349892528,0.018678491750232,-0.0010007474596217,-0.0360449002105124,0.0482497555798553,-0.1452129887271586,-0.281294132996539,0.771925327865351,-0.1170489982485368,-0.2106953494449174,-0.0501089324618736,-0.0155343740810017,0.2061532827524038,0.0638085159607739,17.168233063179077,2022,development,True,True,True,True,False,4,A
True,A,A,PANW,2022-05-27,2022-06-02,3,84.46666717529297,5.42024917602539,1129101606.872635,0.9532908704883228,0.7230046948356806,0.852112676056338,0.5352112676056338,0.7676056338028169,0.8661971830985915,0.2323943661971831,2022-06-01,0.4904447634004084,-0.1663511592557262,0.3240936041446822,0.8161870624099695,0.5449451409813154,0.5697769658898696,0.0371484098216785,2022-06-03,85.01333618164062,0.0119000781486418,0.048502145049192,-0.0153309722416168,-0.0858101343388434,0.048502145049192,-0.0986708269361174,177,1,True,Friday,1,True,0.0587449043332437,0.032158222279734,-0.0970638711939444,-0.1471602590407076,0.0254625720330397,-0.097593440192008,-0.0233465024992715,-0.0405314857067488,-0.0231510740146094,0.019928625438282,-0.1451751746890288,-0.2092369981616599,0.5281218523734856,-0.1059845613974544,0.329484227459504,-0.1099143090696937,0.0191201517314907,0.2714282911644879,0.0641702739943176,20.8446881152944,2022,development,False,True,False,True,False,2,A
True,A+,A,EQT,2022-08-05,2022-08-10,3,39.73291015625,2.191513211619359,271859957.6499176,0.9887808526551982,0.6293532338308457,0.8097014925373134,0.8880597014925373,0.7611940298507462,0.2388059701492537,0.9477611940298508,2022-08-09,0.8176489542892956,-0.2237747547652204,0.5938741995240753,0.9715633384195956,0.6699428971347936,0.2797220384641892,0.0151656020047898,2022-08-11,42.28872177136586,0.050624458925387,0.0938893886939897,-0.0490632177346294,0.1081623685371753,0.1536573602206161,-0.0490632177346294,187,2,True,Friday,18,False,-0.0397456074611092,0.0011838405571702,0.2362570732532365,0.0120490824776144,0.0381701156104994,0.0307970794635634,0.3863788347106591,0.0565976303759532,0.0128004918589115,0.0715500956653503,-0.0948406841914247,-0.1612774157325198,0.7256280225558933,-0.0903316051760926,-0.1627704205248072,0.1475660239346607,-0.0220605845057233,0.655171960202815,0.0551561212858865,19.420797630092352,2022,development,True,True,False,False,False,2,A
True,A,A,SM,2022-08-05,2022-08-10,3,34.65572738647461,2.108450012100289,64009117.77222633,0.9842931937172776,0.6293532338308457,0.8097014925373134,0.8432835820895522,0.8582089552238806,0.1865671641791045,0.4253731343283582,2022-08-09,0.3710082274462616,-0.2372708347836548,0.1337373926626067,0.8619241051833518,0.7943159141534016,0.3882665860710862,0.0239936434591159,2022-08-11,36.01103390334019,0.0424351995081568,0.0747664811359323,-0.0250063782371311,0.1621623016566802,0.1869158683968785,-0.0250063782371311,187,8,True,Friday,18,False,-0.0770348699879478,0.0967181598855089,0.1479358854529484,0.0068708184391159,0.0572758871890002,-0.0485372516143071,0.0509988615534762,0.0423463962846151,0.0075281011425734,0.0229032819075218,-0.0926411546258775,-0.3068947293540424,0.9381116113580178,0.251732632545153,-0.2435589404713164,-0.0089209362030809,-0.0170273010638798,0.6925920012885176,0.0608398718222596,17.974536096367782,2022,development,True,False,False,True,True,2,A
True,B,A,TMDX,2022-09-23,2022-09-29,4,41.68000030517578,3.2184501647949206,23887937.210559845,0.9552023121387284,0.6834532374100719,0.8633093525179856,0.5539568345323741,0.8992805755395683,0.5971223021582733,0.9784172661870504,2022-09-28,0.6369523006708332,-0.4008143203949686,0.2361379802758645,0.7099560236676198,0.7420296005516949,0.3635284404100312,0.0283498462798104,2022-09-30,42.7400016784668,0.0014037799774813,0.0631725980863142,-0.0311184318863695,-0.041413205153322,0.0631725980863142,-0.0907814907754215,194,1,True,Friday,5,False,-0.166066412826725,-0.2193294478055951,-0.2166885731569477,0.3316294351798214,-0.1806485126360727,-0.0850258469833949,0.4632326947913039,-0.0190049203819969,0.0761420340394412,0.1044898078486382,-0.2611239067910065,-0.2611239067910065,0.9741658267465916,-0.0743408837727441,0.0031431926464902,-0.3320248262691634,-0.0130780330986014,0.4775275601351004,0.077218093599564,16.98888417026468,2022,development,False,False,True,True,False,2,A
True,B,A,EGY,2022-11-04,2022-11-08,2,4.171403884887695,0.2559725786648943,12899554.687304497,0.9727540500736376,0.8284313725490197,0.9705882352941176,0.7279411764705882,0.9264705882352942,0.8308823529411765,0.4044117647058823,2022-11-07,0.4412967619662625,-0.4412967619662625,0.0,0.742856987155382,0.679235213957995,0.0630416874821762,-0.0038535608296746,2022-11-09,4.131061428572501,0.0839845684162543,0.1191409406764083,-0.0527342060102012,0.0533483231388816,0.1191409406764083,-0.0567028725606798,200,6,True,Friday,17,False,0.0444441685176315,-0.0617062762331125,-0.0263656095596175,0.0491539433154253,-0.0095787330853914,0.0498312876151219,-0.1157508900115937,-0.0095816339580454,-0.0013706424921511,0.0294021128990682,-0.1192506544598999,-0.1192506544598999,0.5640633964441333,-0.3032188134603496,0.0850413802766709,0.0991247773390455,0.0583499350830536,0.3333333333333343,0.0613636525564548,16.372703348372067,2022,development,False,False,True,True,False,2,A
True,B,A,VRT,2023-06-23,2023-06-27,2,23.55455207824707,0.939840437394628,143343956.74666405,0.9496503496503496,0.7062937062937062,0.8286713286713286,0.4965034965034965,0.6223776223776224,1.0,0.7832167832167832,2023-06-26,0.6572985674877281,-0.4876740151864147,0.1696245523013134,0.7114087774005725,0.5335785324513538,0.307446637014656,0.0123351342133313,2023-06-28,23.5047305530084,0.0300974891231824,0.0601950062425373,-0.0220432579228544,0.0919881521483796,0.1011021900851043,-0.0220432579228544,233,1,True,Friday,5,False,0.0460179070475395,0.1486881125448176,0.4556654151233565,0.7868482120042404,0.1156206722462083,0.3822137827634282,0.6286228820157953,0.090693862949069,0.1237335746063899,0.0651624102249146,0.0089630250202452,0.0089630250202452,0.938554885734274,-0.1764250411823377,0.4159056568641193,0.6231823938049037,-0.0201628007343308,0.9016390708804908,0.0399005862761696,18.780757592074448,2023,validation,False,True,False,True,False,2,A
True,A,A,NVTS,2023-07-07,2023-07-11,2,10.199999809265137,0.5405001640319824,26388950.708971024,0.9837570621468926,0.727699530516432,0.8450704225352113,0.8380281690140845,0.8028169014084507,0.5422535211267606,0.7746478873239436,2023-07-10,0.2960218295190783,-0.0925054984027504,0.2035163311163279,0.750001986823391,0.407384718697369,0.0185018054522629,0.0009708959899661,2023-07-12,10.600000381469728,0.0037735811710866,0.0263206904313899,-0.0792452945620953,-0.0556603897504848,0.0263206904313899,-0.1273585219704064,235,2,True,Friday,16,False,0.0220441159438682,0.1512415580713948,0.1245865658722953,0.4934114089609642,0.05930001701292,0.2355548893212689,0.7220130336751018,0.036379293265945,0.0840117621719036,0.0711550538266052,-0.086430824530673,-0.086430824530673,0.4755738837998046,-0.3383829273476415,0.1300210499123089,-0.0749384279343398,0.0069929763460194,0.3428569093041854,0.0529902131508885,17.08845594675575,2023,validation,True,True,False,True,False,3,A
True,A,A,HLX,2023-07-21,2023-07-25,2,8.369999885559082,0.2304999589920044,10588141.16546154,0.9849137931034484,0.7166666666666667,0.8214285714285714,0.85,0.3642857142857142,0.9357142857142856,0.45,2023-07-24,0.9110632343073742,-0.2169206057715511,0.6941426285358231,0.8799972534179688,0.6240764438642872,0.477222022764272,0.0130640921235789,2023-07-26,8.420000076293945,0.1342042879099694,0.1923990345463422,-0.0035629136222521,0.1365795259038105,0.1923990345463422,-0.0035629136222521,237,6,True,Friday,6,False,0.0282554708274671,0.055485506525243,0.2183406149908442,0.0941176184595939,0.0754898690745162,0.1613064180067736,0.185367704880722,0.0509790730658421,0.036648159679685,0.0536203228763463,-0.0221963229840734,-0.0221963229840734,0.71097780531895,-0.0525478232492309,-0.1026792324118137,0.4656629620530721,0.0023865756343954,0.4666658189540073,0.0275388246288617,16.17524517483012,2023,validation,True,True,False,False,False,2,A
True,A+,A,POWL,2023-08-11,2023-08-15,2,26.40696144104004,1.3602787969820798,11654576.88446045,0.9864285714285714,0.869047619047619,0.9571428571428572,0.8642857142857143,0.7642857142857142,0.9785714285714284,0.9357142857142856,2023-08-14,0.3103916665432734,0.1223138641150571,0.4327055306583305,0.7155696265420851,0.724431689120216,0.3379623284780143,0.0173246075378201,2023-08-16,27.14989714279069,-0.0543058477398266,0.0234639874092841,-0.076197423635786,0.0330188046870958,0.0399128731562177,-0.076197423635786,240,1,True,Friday,14,False,-0.0157374902425811,0.3250125109497728,0.3397542548172876,0.5414938475426914,0.1637938599853614,0.2638202101480467,0.7800884913177712,0.074506345591063,0.0615955628085125,0.1193326130277649,-0.1035554675063316,-0.1035554675063316,0.7606749409272663,-0.1027870211719409,0.4729310023666464,0.1357069896720347,1.6560678162136358e-07,0.7115906041303601,0.0515121287248149,16.271209526443414,2023,validation,True,True,True,True,False,4,A
True,A,A,IDYA,2023-10-06,2023-10-10,2,26.670000076293945,1.0329998970031742,15160009.677305222,0.9638205499276412,0.7050359712230215,0.8129496402877698,0.6402877697841727,0.6834532374100719,0.7913669064748201,0.6402877697841727,2023-10-09,0.3291386122827943,-0.0871250353935104,0.2420135768892838,0.8685453576721425,0.5389752162752245,0.1645693061413954,0.006355143039026,2023-10-11,26.96999931335449,-0.0189099088567384,0.0307749330677615,-0.1015943582082858,0.0103819315452065,0.0307749330677615,-0.1015943582082858,248,4,True,Friday,17,False,-0.011489972987475,-0.0347448104825067,-0.0478400621791564,0.1671772267418454,-0.0329598612074848,0.0052391518693359,0.2782232373202926,-0.0229913552335667,0.034476036612199,0.0517642909322524,-0.1112962388241988,-0.1183471049159026,1.2610193026208811,0.0405693039911572,0.0908085377762719,-0.1163364301570336,-0.0105779670026514,0.5957448535399593,0.0387326544449983,16.53417157652297,2023,validation,False,True,False,True,True,2,A
True,B,A,EH,2023-12-08,2023-12-12,2,16.469999313354492,1.2090999603271484,14539085.058345797,0.975397973950796,0.8321342925659472,0.9496402877697842,0.7553956834532374,0.935251798561151,0.8057553956834532,0.1510791366906475,2023-12-11,0.5624020573053301,-0.0909756898620418,0.4714263674432883,0.7065486954275381,0.3189643362710626,0.1075172980168053,-0.0075712964582969,2023-12-13,16.90999984741211,0.0029567851869731,0.0851567443554999,-0.0272027846613525,0.0206978346911865,0.0934358331143248,-0.0703725364353221,257,7,True,Friday,14,False,-0.0985222276578698,-0.063139966733149,0.2591742667753718,-0.0048338324709351,0.0151939655314938,0.0140438796321589,0.1205548566954046,0.0445882376993707,0.0030755736027565,0.0233236963706673,-0.1673408118497067,-0.3611327046284277,0.6179505913512032,-0.2511530206858761,-0.1451880476999043,0.3740239280332435,-0.0074394877946827,0.8941173962654089,0.0734122653755525,16.49235110225382,2023,validation,True,False,True,False,False,2,A
True,A,A,MOD,2024-02-16,2024-02-23,4,80.19000244140625,3.6285009384155273,73403402.06932068,0.9930167597765364,0.7175925925925926,0.8333333333333334,0.9305555555555556,0.6597222222222222,0.5625,0.9097222222222222,2024-02-22,0.7882044565766189,-0.3444948812789457,0.4437095752976732,0.7673474980303743,0.5745793619099399,0.0826796125589032,0.0036810190399731,2024-02-26,83.04000091552734,0.104287041633396,0.1310211600850737,-0.0065029011268515,0.0098747553682998,0.1560693514160271,-0.0089113421918467,267,6,True,Friday,8,False,0.0957912285733439,0.1368018344291619,0.2085908709204154,0.6213102289882753,0.137592067906038,0.2614441142860737,0.7741975255612021,0.0453564661696783,0.0763848900013959,0.1223854283132459,-0.0153487225261239,-0.0153487225261239,1.1324149942984714,-0.0165079701114805,0.3666215887446931,0.2473212438474011,-0.0114087075385495,0.3333333333333333,0.0452487944624621,18.111480842228893,2024,validation,True,True,False,True,False,3,A
True,A,A,CADL,2024-05-03,2024-05-07,2,9.020000457763672,0.9921999931335448,36637606.66494608,0.989612188365651,0.8919540229885057,0.9655172413793104,0.896551724137931,0.993103448275862,0.7862068965517242,1.0,2024-05-06,1.854464031089668,-1.2799833832677927,0.5744806478218749,0.9489794230273304,0.1440493280930079,0.5946383356893248,0.0655555725097656,2024-05-08,9.710000038146973,0.1019567216507542,0.1204943431202318,-0.0576725455629936,0.2636457682347488,0.4727085617461883,-0.0576725455629936,278,1,True,Friday,19,False,0.411580695810646,0.7446809138597836,0.3584338311949029,5.938462145088715,0.4143473791540157,1.428779262758051,4.071860982141029,0.1940647902043442,0.3990265838691293,0.4067265736014658,-0.2087718631935742,-0.2087718631935742,0.1899319855969499,-0.8174672283542397,-0.0595197060181058,0.432610199807018,-0.0106761742977201,0.6476192206211597,0.1099999936562687,17.416585775356886,2024,validation,True,False,True,False,False,2,A
True,A+,A,MOD,2024-05-10,2024-05-14,2,103.12999725341795,4.830499267578126,73333606.73736572,0.9931365820178448,0.7168949771689497,0.821917808219178,0.9315068493150684,0.6643835616438356,0.5547945205479452,0.8561643835616438,2024-05-13,0.4161064984982888,0.1076502124637838,0.5237567109620727,0.9472574450893474,0.6624509153959917,0.8156511828603701,0.0387338025375911,2024-05-15,107.16999816894533,-0.0531864985129195,0.0220210940624556,-0.0915367894578952,-0.0994680994200464,0.0220210940624556,-0.1996827646870297,279,8,True,Friday,14,False,0.0958452511376803,0.0660533339957989,0.1166088844943047,0.4092647830465219,0.0974895700085689,0.1100108438422742,0.6297292020404279,0.0295433961711042,0.0344716216450557,0.1026629780521348,-0.0494931128717239,-0.0494931128717239,1.1201489112142384,0.0528328828599111,-0.1996054287560801,-0.0437426691825182,0.0081422813196645,0.1858881987577608,0.0468389352877446,18.110529543878386,2024,validation,True,True,False,False,True,2,A
True,A,A,CLS,2024-05-17,2024-05-21,2,51.58000183105469,2.143499374389647,120729183.36708067,0.9917976760082023,0.7800453514739228,0.9183673469387756,0.9183673469387756,0.5850340136054422,0.8367346938775511,0.8299319727891157,2024-05-20,0.6111490277279724,-0.1166317112041082,0.4945173165238642,0.7912069485898253,0.3964405789327484,0.1492884479685642,0.0061162021538749,2024-05-22,52.790000915527344,0.1219927735370574,0.1566584639958053,0.0,0.0678158354663793,0.1566584639958053,-0.0170487120718003,280,8,True,Friday,9,False,0.0632859949648509,0.1497994010092025,0.2663884706791388,0.3048318599511006,0.1105370092737241,0.1220898545496933,0.5798364712929887,0.0352390537255027,0.0228295276600125,0.0986956574819308,-0.026975976905429,-0.026975976905429,0.5037979290989377,-0.0064502533549172,0.1512132330508693,0.6042375884826483,0.007249162178345,0.1223036390581261,0.0415567913589935,18.6090604411598,2024,validation,True,True,True,False,False,3,A
True,A+,A,FIP,2024-09-06,2024-09-10,2,7.702081680297852,0.391773353321226,15373774.57564354,0.9882108183079056,0.728735632183908,0.8413793103448276,0.8827586206896552,0.6896551724137931,0.6137931034482759,0.8689655172413793,2024-09-09,0.8029276540956521,-0.2433106006054969,0.5596170534901552,0.9777793790094076,0.6784154425159824,0.4136290132809354,0.0208845293763895,2024-09-11,7.93085686954052,0.1249997060595806,0.1538459405413326,-0.0264422261326946,0.0697113306535655,0.1670674406224785,-0.0264422261326946,296,3,True,Friday,16,False,-0.149473743185495,-0.1179038833899537,-0.1031918888805236,0.0487898109106128,-0.1186736483740821,-0.1351198010400878,0.2282922439465058,-0.0132522262764025,0.0213250989618389,0.0993730874252685,-0.1911911749668579,-0.2245677405160635,0.5453539112589909,-0.0407663545265183,0.0626488147043848,0.1708393519658296,-1.3941776899617508e-07,0.0662254081535976,0.0508659047752497,16.548173666083283,2024,validation,True,True,False,False,False,2,A
True,B,A,ARM,2024-09-20,2024-09-24,2,138.89999389648438,7.919101333618164,937320954.2791368,0.969038208168643,0.7741228070175438,0.881578947368421,0.6907894736842105,0.8223684210526315,0.8092105263157895,0.5394736842105263,2024-09-23,0.5935032283371298,-0.0378834717626657,0.555619756574464,0.7191651493694787,0.6978624168589295,0.1288030332596978,0.0071689926989888,2024-09-25,143.3000030517578,-0.0503838176339421,0.0634333296881191,-0.0519888122092457,0.002093531370334,0.0634333296881191,-0.0732728525916888,298,1,True,Friday,6,False,-0.0574743943905803,0.1842441198079674,0.0707677504578694,-0.1334997426566722,0.0508198575499254,0.0173915746442872,0.1690014645787132,0.0152109743651356,-0.04959091858049,0.066981708558933,-0.0735676603623192,-0.2641059926014073,1.0468576141401142,0.029791076399134,-0.2044158049457061,0.1207974432898801,-0.0041965741038405,0.433136388637533,0.057012971069818,20.65853631546718,2024,validation,False,True,True,False,True,2,A
True,A,A,HROW,2024-09-27,2024-10-01,2,44.06999969482422,2.131999778747559,15661383.431568146,0.9810085134250164,0.7647058823529411,0.8562091503267973,0.8104575163398693,0.673202614379085,0.8104575163398693,0.9673202614379084,2024-09-30,1.2898688017760886,-1.1116318845384774,0.1782369172376113,0.8082907391814808,0.7530116381950589,0.1266418788853174,-0.0060375771554915,2024-10-02,43.75,0.1657142857142857,0.1874285888671876,0.0,0.2226286097935268,0.2413714599609375,0.0,299,2,True,Friday,1,True,-0.0211017492954206,-0.0237040254606115,0.1225165965086871,1.1096218756551086,0.0322897907151369,0.2119195376137674,1.2921607649208489,0.0166337168745398,0.1307714330343312,0.2096145565554117,-0.0731861114210914,-0.0731861114210914,0.5104471517048935,-0.3094398693255291,-0.3250452481066231,0.1300347104063159,0.0056522722719287,0.4303794412199291,0.0483775764354713,16.566708586359905,2024,validation,True,True,False,True,False,3,A
True,A,A,DYN,2024-11-15,2024-11-19,2,28.38999938964844,1.9390997886657708,31317858.673067093,0.9805699481865284,0.6903225806451613,0.8451612903225807,0.8064516129032258,0.6903225806451613,0.5741935483870968,0.1161290322580645,2024-11-18,0.6549433222503277,0.0103143004194918,0.6652576226698196,0.990415728734898,0.6424197457108581,0.4074060139374844,0.0273451343792829,2024-11-20,29.46999931335449,-0.0081438675503939,0.0468273193168986,-0.0295215117799652,-0.0010179429927328,0.0627757185128738,-0.0522564996287885,306,3,True,Friday,9,False,-0.0031601177680643,-0.0121781622914781,-0.1943814404811453,-0.3844319157166936,-0.0601049689306543,-0.1259936323565582,-0.1184455158609191,-0.0351067818652953,-0.0628541391393997,0.0386337421155393,-0.2043161674096131,-0.3967276123846177,1.3701164488169628,0.5464903955020017,-0.2038376264867063,-0.3189502743798149,0.0102276931294356,0.209219793397738,0.0683022131156792,17.259699057435,2024,validation,True,True,False,False,True,2,A
True,A+,A,HOOD,2024-11-29,2024-12-03,2,37.540000915527344,2.1921500205993647,811988405.966425,0.9809281627463444,0.7700421940928269,0.939873417721519,0.810126582278481,0.5949367088607594,0.9050632911392406,0.759493670886076,2024-12-02,0.5702164488077474,-0.0684266699219306,0.5017897788858167,0.9689725997465368,0.7261174044082231,0.7253153924899548,0.0429149847592287,2024-12-04,39.95000076293945,-0.0648310413798681,0.0703378599481907,-0.069086410100669,0.0420525725429841,0.0971214266337288,-0.1083855256160974,308,3,True,Friday,0,True,0.0698204831087401,0.165114819778648,0.5981269170417014,0.8658051366640833,0.1501578068159141,0.3344329517291811,0.7331667099053047,0.0855422926550613,0.1163324150481226,0.1101812531336934,-0.0553598558132806,-0.0553598558132806,0.5421120461993797,-0.2173487182920891,0.4068580102896622,0.5745046519197248,0.025763542276064,0.0183501864182955,0.0583950444096192,20.514996619657545,2024,validation,True,True,True,False,False,3,A
True,A,A,TPL,2024-12-20,2024-12-26,3,374.39752197265625,33.08978542026135,721878457.401123,0.9696969696969696,0.7127882599580713,0.8364779874213837,0.6981132075471698,0.8490566037735849,0.5911949685534591,0.779874213836478,2024-12-24,0.3645664216525031,-0.0261621906653977,0.3384042309871054,0.8882382672370224,0.1443864969717461,0.0757887450500379,0.0065463735745172,2024-12-27,384.931078098437,0.0395108837216029,0.0518027635320601,-0.0546781022074847,0.1163692519954713,0.1494336238254008,-0.0546781022074847,311,3,True,Friday,6,False,-0.0549222087454833,-0.1534025387590707,-0.2515792121286029,0.1912806074898396,-0.1691800338304835,-0.1129945610169871,0.3229695357693518,-0.0479693399678053,0.0406019784456701,0.1128991710978952,-0.3588668836361353,-0.3588668836361353,1.1488685202966484,-0.4563516027736932,1.1385526400352193,-0.5324119688244943,-0.0069140238844918,0.9422376635319584,0.088381422093595,20.39736734113638,2024,validation,False,True,False,True,False,2,A
True,A+,A,APP,2024-12-27,2025-01-03,4,335.1700134277344,25.497152709960943,2097809626.5704343,0.9974375400384368,0.7494692144373672,0.8407643312101911,0.9745222929936306,0.8343949044585988,0.4394904458598726,0.9745222929936306,2025-01-02,0.2838738959033295,0.3232519524155086,0.6071258483188381,0.9016169365511412,0.7307100012201033,0.3600399142683455,0.0268837456964423,2025-01-06,358.8800048828125,-0.1203745308160526,0.009947635074806,-0.1443714083086588,-0.0570942653689099,0.009947635074806,-0.1443714083086588,312,8,True,Friday,2,True,0.0515467895361296,0.0274670372071976,0.020118139512592,1.62364002683158,-0.0247968369105348,0.2107732864988156,1.4812970957839626,0.0117857861478967,0.1610679618853205,0.2665034934363934,-0.1974570962912559,-0.1974570962912559,0.413268788767135,-0.4378159490590365,0.0383794250533737,0.1554774396296162,-0.0049895046044812,0.4620212567964602,0.0760722967105718,21.46415960236981,2025,validation,True,True,False,False,False,2,A
True,A+,A,EBS,2025-01-10,2025-01-16,4,9.880000114440918,0.5800001144409181,10225694.582133291,0.9878127004490058,0.7564102564102564,0.8589743589743589,0.8782051282051282,0.6410256410256411,0.75,0.6858974358974359,2025-01-14,0.3965508566460069,-0.2413782103877473,0.1551726462582595,0.8750004063952507,0.7959265829392482,0.706896149162526,0.0428870114451886,2025-01-17,10.010000228881836,0.1648351229572935,0.1968031237072758,-0.0169830242164674,0.1238760981783391,0.1968031237072758,-0.0169830242164674,314,4,True,Friday,14,False,-0.0379747152813348,0.1903614322165654,0.1475029626486406,0.1063829537289626,0.0930412741358914,0.0595401562027251,0.3095979853375734,0.0336192115220346,0.0085444217761447,0.0905871213281837,-0.0679245510488349,-0.2238805601162449,0.8407837169488301,-0.1113332831971546,-0.1115313717192705,0.185573167117155,-0.0267592124559502,0.8245623134478189,0.0587044643444054,16.140414187379,2025,validation,True,True,False,True,False,3,A
True,A+,A,CVNA,2025-02-07,2025-02-11,2,52.81399917602539,2.0775102615356427,605628797.122097,0.986460348162476,0.688034188034188,0.8237179487179487,0.8653846153846154,0.2307692307692307,0.967948717948718,0.7435897435897436,2025-02-10,0.588204132944711,0.0933811243835806,0.6815852573282917,0.7464985133875264,0.651111712676846,0.2502998263793415,0.0096816322216992,2025-02-12,53.0,0.0634716681714326,0.1050566187444723,-0.0158490594827903,-0.1221509249705188,0.1050566187444723,-0.2156603831165241,318,12,True,Friday,14,False,0.0670357382795125,0.098141082719138,0.3404567799657529,0.1204598904860791,0.1176265105280616,0.1272113357730084,0.5375782668858031,0.0754625070972063,0.004441055937318,0.1000447385887433,0.0032673699820229,-0.0159090127212963,0.6499981761038891,-0.2371352927737235,-0.1464154220974314,0.5571925823105116,-0.0044837950012925,0.8147794102367003,0.0393363557758889,20.221777810347497,2025,validation,True,True,False,False,False,2,A
True,B,A,COMP,2025-03-14,2025-03-18,2,8.760000228881836,0.6224999427795408,75543950.21713734,0.9482758620689656,0.6624203821656051,0.821656050955414,0.4840764331210191,0.5222929936305732,0.9808917197452228,0.8152866242038217,2025-03-17,0.6104420070211887,-0.5140573139166759,0.0963846931045128,0.7428562864951321,0.6421930401554536,0.1124508512980313,-0.007874088390909,2025-03-19,8.779999732971191,0.074031958083514,0.1059225892323649,-0.0159452612649523,-0.0068336523652807,0.1059225892323649,-0.0308655941559531,323,3,True,Friday,11,False,0.0330189506792906,-0.0255839319345968,0.1556728650465275,0.2677279916529342,-0.0170004662372159,0.1522374280113307,0.4864085677525389,0.0350775280208712,0.0737225616298256,0.0944205589301485,-0.1453658313286013,-0.1453658313286013,0.7836231007657529,-0.1927501569066982,0.3462981506648985,0.1584724492336743,0.0045820066007811,0.3,0.0710616354468976,18.14022516693321,2025,validation,False,True,False,True,False,2,A
True,A,A,APP,2025-04-25,2025-04-29,2,276.8299865722656,29.292498779296874,2306492321.8432617,0.9936102236421726,0.7239915074309978,0.8280254777070064,0.9363057324840764,0.9235668789808916,0.3121019108280254,0.8598726114649682,2025-04-28,0.3413166091684945,0.0700521307036905,0.4113687398721851,0.7519759478669413,0.5250346677640688,0.0812496366644767,0.0083071723658376,2025-04-30,247.9100036621093,0.2287523319646731,0.2477996286090444,-0.0077044235161748,0.4928804833868099,0.5356379596763228,-0.0077044235161748,329,11,True,Friday,3,True,0.1620770092927319,0.0492741563189944,0.0578141905215694,-0.2375929993971286,0.0940815528221703,-0.0945782476114206,0.1851457390155844,-0.0606018987439243,-0.077425782506533,0.0794829203055897,-0.1508543348982316,-0.4728554247309816,0.631560744380101,-0.3002616909988584,-0.0347545807462164,0.1664490468690658,0.0164998612423119,0.8343419547032829,0.1058140382189057,21.55899373203541,2025,validation,True,False,False,True,False,2,A
True,A,A,EOSE,2025-04-25,2025-04-29,2,5.21999979019165,0.4434499502182006,26011940.94062686,0.997444089456869,0.89171974522293,0.9554140127388536,0.9745222929936306,0.7261146496815286,0.9745222929936306,0.929936305732484,2025-04-28,0.8095619490249246,-0.3585521202857754,0.4510098287391492,0.8517351913441246,0.6991898816664445,0.0225509753173166,0.0018484711948041,2025-04-30,5.179999828338623,-0.0270270021477003,0.0463320957352806,-0.0617760049090294,0.3127413930659959,0.3629343970545822,-0.0617760049090294,329,3,True,Friday,3,True,0.1012658316986068,0.3488371949751465,0.2920791681882573,-0.1414473921555894,0.2233418818900949,0.2098736296655279,0.4871476487558661,0.0369380372645404,-0.0327317551977235,0.0948575539873899,0.0028818187714623,-0.1687898700960469,0.8897807924777312,-0.1275998084546535,0.0357161219509492,0.0255953291897664,-0.0071721974238677,0.9565217391304348,0.0849521011574445,17.074066257502157,2025,validation,True,True,True,False,False,3,A
True,A,A,CORZ,2025-05-02,2025-05-06,2,8.739999771118164,0.6817999124526978,97713234.62980986,0.98330122029544,0.7713675213675213,0.8846153846153846,0.8333333333333334,0.7243589743589743,0.7564102564102564,0.0064102564102564,2025-05-05,0.2640075216910055,0.1026689700976974,0.3666764917887029,0.9043472636172326,0.6275426644659243,0.7406866812643571,0.059516810238585,2025-05-07,9.010000228881836,0.1365149290777514,0.1426192913173298,-0.0294118020633659,0.2119866591445296,0.2452830168708264,-0.0294118020633659,330,4,True,Friday,19,False,0.0517448050286979,0.3182503197973434,0.2223775740619795,-0.287693606760377,0.1856473847236719,0.0604607871162108,-0.2561259183469966,0.0252433941971637,-0.0991791548442853,-0.0203283555108778,-0.0212766548224521,-0.3366224178680127,0.8788547009640351,-0.1741376903718022,-0.1959009435189519,0.1522925507479426,0.0175438146414101,0.2830182907628498,0.078009145344116,18.397547569761183,2025,validation,True,True,True,True,False,4,A
True,B,A,CVNA,2025-05-02,2025-05-06,2,51.41999816894531,3.801119899749756,988019035.5768204,0.9820166987797044,0.7692307692307692,0.8782051282051282,0.8205128205128205,0.6987179487179487,0.7884615384615384,0.5384615384615384,2025-05-05,0.2853897663912859,-0.1954155278320498,0.0899742385592359,0.7108495146249653,0.6655070457911286,0.2004675089696123,0.0149411968156403,2025-05-07,51.35599899291992,0.1412882751983688,0.1644209130330565,-0.0038554024993709,0.177233456045522,0.2145805879325397,-0.0038554024993709,330,14,True,Friday,19,False,0.0841239265885926,0.2161202485787361,0.4142690948891998,0.0388718249807957,0.1914802448736094,0.2425439631938724,0.2747566227396147,0.0496790504941873,-0.0342223086423508,0.0466199591802698,-0.0267630971466231,-0.1220462117141322,0.4581718358035203,-0.4387004186516229,-0.0253201074728143,0.4559675834202701,0.0100448746035854,0.7831284736167415,0.0739229878472732,20.7112125223047,2025,validation,True,True,True,True,False,4,A
True,A,A,GDS,2025-05-09,2025-05-15,4,25.450000762939453,1.5711002349853505,44051554.19499397,0.9792880258899676,0.7053763440860215,0.8096774193548387,0.7935483870967742,0.7290322580645161,0.5935483870967742,0.6709677419354839,2025-05-12,2.7369350098153613,-2.106803494923573,0.6301315148917886,0.8058261236704076,0.6771375974305746,0.4073586667136091,0.0248062525551449,2025-05-16,26.670000076293945,0.0558680077561219,0.1499437771982228,-0.0063742060670277,-0.1117360155122439,0.1499437771982228,-0.1552305728460924,331,3,True,Friday,14,False,-0.0943060349663834,0.0993521029075159,0.2481609379478384,-0.0672530362739474,0.0683178056858773,-0.0699152939130977,0.1198418074655813,0.077624237257901,-0.0981744698575437,0.0600876932902016,-0.112622019102748,-0.5152380807059151,0.4916898411081952,-0.3701565417205228,-0.4838127484293938,0.2312926768764769,-0.0051039782604086,0.106825140787277,0.0617328168128467,17.600871192243776,2025,validation,True,True,False,False,False,2,A
True,B,A,APP,2025-08-08,2025-08-12,2,455.9800109863281,20.77770538330079,2311440455.731201,0.988984088127295,0.7235772357723577,0.8414634146341463,0.8902439024390244,0.3963414634146341,0.8841463414634146,0.6341463414634146,2025-08-11,0.8528372548272288,-0.322461604081467,0.5303756507457618,0.722033714199999,0.7658649236295866,0.0038496345380809,0.000171306797664,2025-08-13,470.3800048828125,-0.1228368514382149,0.0035502846482013,-0.1336366665602658,-0.0022322766691761,0.0035502846482013,-0.181108893994399,344,13,True,Friday,15,False,0.2025740296924427,0.2522106679941738,0.3607281488543796,0.3430532174916028,0.2131047896887554,0.2368638738698716,0.3977363799724849,0.046337679956079,0.0136457644030552,0.0788290766513284,0.004892456745692,0.004892456745692,1.60165165367942,0.8382378759436575,0.0203990466243415,0.5470039299363918,0.0257465812866688,0.4989423679743925,0.0455671408453994,21.5611367410483,2025,validation,True,True,False,False,True,2,A
True,A,A,RDDT,2025-08-22,2025-08-26,2,217.3099975585937,13.720548248291015,1821248568.290024,0.9690533980582524,0.7191919191919192,0.8575757575757575,0.6909090909090909,0.6060606060606061,0.8606060606060606,0.7454545454545455,2025-08-25,0.3760785333597814,-0.2215661130961387,0.1545124202636427,0.8058060996446987,0.591107918724607,0.0430009302262454,0.002696016942806,2025-08-27,220.97000122070312,0.0098203292616989,0.083269193984873,-0.0576096106132724,0.1722405636436581,0.1817306092121735,-0.0576096106132724,346,3,True,Friday,5,False,-0.1184178598028652,0.0086798881173242,0.4520245372251841,1.2102318778794037,0.0524225575560373,0.2899828698354325,0.4621647637821813,0.1037814412152138,0.1578074865927123,0.0912933822561101,-0.1415422371709143,-0.1415422371709143,0.8495577976387706,-0.1036779405845477,0.150614373521531,0.339229364816392,-0.0166933180808247,0.1987611559269312,0.063138136314191,21.32278812935946,2025,validation,False,True,False,True,False,2,A
True,B,A,MP,2025-08-22,2025-08-27,3,67.87999725341797,4.703998565673828,904166973.672142,0.9890776699029126,0.7636363636363636,0.9090909090909092,0.8909090909090909,0.696969696969697,0.703030303030303,0.9757575757575756,2025-08-25,1.6050181449569183,-0.8567176887987836,0.7483004561581348,0.7430174026826472,0.5278398076120832,0.2763612772427775,0.0185449797440115,2025-08-28,71.51000213623047,-0.1025031689565696,0.0385959225896539,-0.1186128094660394,-0.1185848567138722,0.0385959225896539,-0.1413648560715992,346,2,True,Friday,5,False,-0.0952952371345609,-0.0866523475222073,0.0934277585581822,2.3804779637115527,-0.0145180356484349,0.2747800338454265,1.2700631937902105,0.0314156445406341,0.2197437163330329,0.2043712544686327,-0.1772121545040246,-0.1772121545040246,0.7974574243576845,-0.1494227135530416,-0.217859007551014,0.2234676756398615,-0.0076156510305046,0.4401183242724656,0.0692987441957647,20.62252460669005,2025,validation,True,True,True,False,False,3,A
True,A+,A,NKTR,2025-12-05,2025-12-09,2,56.900001525878906,4.073500061035156,37633981.43741608,0.9818181818181818,0.7348927875243665,0.8508771929824561,0.8187134502923976,0.6608187134502924,0.7251461988304093,0.935672514619883,2025-12-08,0.5007971204771918,-0.0392782238897122,0.4615188965874796,0.8602482632471851,0.568171271231012,0.4173307776532087,0.0297827066171765,2025-12-10,58.16999816894531,-0.1548908132223956,0.0140966741504773,-0.2221075911231985,-0.2356884909065011,0.0140966741504773,-0.2673199196585515,361,1,True,Friday,17,False,-0.1274344069201569,0.0324805098113376,0.0322932262062232,0.2835551359264439,-0.0253177285131611,-0.0304694695564645,0.924263870589216,-0.0021963336505667,0.0155249103197945,0.1834551018301182,-0.1489679777677208,-0.1497309760494921,0.5307366271695078,-0.1178727222101908,-0.2545820385242924,0.1877300993100888,0.0052002610313623,0.5061741573915652,0.0715905088189228,17.443417961846876,2025,validation,True,True,False,False,False,2,A
True,B,A,GRAL,2026-03-20,2026-03-24,2,46.84000015258789,4.506400108337403,75340761.8374443,0.9710720363017584,0.726930320150659,0.864406779661017,0.711864406779661,0.847457627118644,0.6214689265536724,0.0169491525423728,2026-03-23,0.8343685050461297,-0.4327172246943724,0.4016512803517572,0.7258066997068232,0.2996575065047842,0.1930593657168635,0.0182085133698035,2026-03-25,50.29999923706055,0.027435409324986,0.0624254361287328,-0.0896619958238543,0.0095427345828402,0.1005964502990062,-0.0896619958238543,376,5,True,Friday,7,False,0.0877844556141029,-0.0674895365427572,-0.0671180839142243,-0.4545242965599846,-0.0508804216349322,-0.4120600452619568,-0.2869932174997723,-0.1779833906949566,-0.1028661249586437,0.0174414439876424,-0.196293734837429,-0.6058566005050141,0.7778523033254595,-0.3951765769443878,0.2067544370715914,-0.1939122348267605,-0.0202186820209473,0.3745016953377073,0.0962083709149694,18.137531872168605,2026,validation,False,True,True,True,False,3,A
True,A,A,DNTH,2026-04-02,2026-04-07,2,86.0,5.797499656677246,131465975.68229675,0.96516276413478,0.7083333333333333,0.8267045454545454,0.6534090909090909,0.5340909090909091,0.9375,0.9488636363636364,2026-04-06,0.3035795153870158,-0.2690824114481062,0.0344971039389095,0.9614139154241303,0.214335036597155,0.2328587415380419,0.015910412473759,2026-04-08,88.48999786376953,0.0725506379627611,0.0854334429934884,-0.0327720826747387,0.0187592236657634,0.0905187290043998,-0.0327720826747387,378,2,True,Thursday,19,False,0.0430564364239616,0.0749999999999999,0.399967435662768,1.086872164780115,0.0723994383165769,0.3595075470897919,1.155515433667441,0.0850810454646922,0.1387368769248234,0.1835904342286041,-0.028138749281053,-0.028138749281053,0.5399499762156854,-0.175890377326643,0.488279929722208,0.1345332903681198,-0.02317879778928,0.7415931521813985,0.0674127867055493,18.69425863604453,2026,validation,False,True,False,True,False,2,A
True,A,A,CRVS,2026-05-08,2026-05-12,2,15.550000190734863,1.2212002277374268,21768725.450425148,0.9806488332384746,0.7102272727272726,0.8465909090909091,0.8068181818181818,0.8465909090909091,0.4772727272727273,0.7102272727272727,2026-05-11,1.064526652720523,-0.720602645211862,0.343924007508661,0.7794113315933484,0.6621522144377017,0.2047166339488704,0.015903307617898,2026-05-13,15.81999969482422,-0.2730720466598733,0.0202275411502637,-0.2781289319474394,-0.1826801166496832,0.0202275411502637,-0.2781289319474394,383,2,True,Friday,14,False,0.0058214846290955,-0.0329601825550903,0.0298013111189958,-0.2399804063268044,-0.0091123298448622,0.0073005108492538,0.4421750590037849,0.0083531434359811,-0.0309716460061176,0.1197878263569798,-0.2106599193646612,-0.2217216943442242,0.7181861131152284,-0.1422345439829481,0.0739263646839958,0.0960889803661613,0.0150788392548293,0.7619048051552899,0.0785337757400834,16.895984885351922,2026,validation,True,True,False,True,False,3,A
True,A,A,PRAX,2026-07-31,2026-08-05,3,307.8299865722656,18.14519805908204,111654488.14834596,0.990427927927928,0.7191011235955056,0.8595505617977528,0.904494382022472,0.4044943820224719,0.848314606741573,0.7471910112359551,2026-08-04,0.2882311325177485,0.340035606535924,0.6282667390536726,0.8840939972238959,0.7778532608695652,0.2331201330817615,0.0134286063058035,2026-08-06,350.4700012207031,0.1023196999077253,0.103261341385439,-0.0192312900131232,0.1019202816112327,0.1197820379493532,-0.0192312900131232,395,7,True,Friday,0,True,-0.0537042787466121,-0.0209281416405413,-0.0335614806295482,-0.0345011462637525,-0.0246414406700427,0.0012131376817936,0.0822806018577544,-0.020641788004941,-0.0161369713067648,0.1028582776198074,-0.1028241680088317,-0.1601276988994371,1.0903532608695652,0.1185461956521738,-0.2747056468583512,0.096976902173913,0.0032168650995125,0.8629404468290713,0.0589455181450372,18.530919733815512,2026,validation,True,True,False,False,True,2,A
False,A,B,RGNX,2019-01-25,2019-02-01,5,43.09000015258789,2.7878499984741216,20324665.64153672,0.9643183897529736,0.7181818181818181,0.8272727272727273,0.6454545454545455,0.9545454545454546,0.5545454545454546,0.2545454545454545,2019-01-31,0.8859878480029538,-0.3694612674849387,0.516526580518015,0.7676756973370411,0.6769973050508563,0.2044585236423066,0.0129663263579447,2019-02-04,44.77999877929688,0.0020098292773846,0.1284055416870264,-0.0587315168627003,0.0748102362693041,0.1284055416870264,-0.0587315168627003,3,2,True,Friday,4,True,-0.0485758604209963,-0.0642779399242743,0.0046631094843923,-0.2701558352914024,-0.0206595564671193,-0.1466380326849717,-0.271806099756042,0.0142458687277469,-0.0855412592156175,0.0236149776240806,-0.094367412897749,-0.4162037450498345,1.549813092236808,0.0614622272450664,-0.0859027336300063,0.072741893419108,0.0065207872135324,0.362963590895608,0.0646983056069144,16.827345762661935,2019,development,False,False,False,False,True,0,B
False,A,B,UPBD,2019-02-01,2019-02-07,4,12.07817554473877,0.3957124961211243,29027253.822078705,0.9688359303391384,0.7090909090909091,0.8181818181818182,0.6909090909090909,0.5545454545454546,0.8818181818181818,0.8636363636363636,2019-02-04,1.3108879688948545,-0.6731489536220685,0.6377390152727856,0.8571457765667593,0.4495460904022456,0.1417183051289621,0.004568813401504,2019-02-08,12.288472235749513,0.015972649963309,0.0536223868559415,-0.0239589309664945,0.0370794888654184,0.0536223868559415,-0.0239589309664945,4,1,True,Friday,18,False,-0.0069162851447206,0.0335931852905417,0.0557597950848745,0.2219858526234053,0.0163693406246638,0.0951921485938238,0.2357588573086118,0.0174348765537475,0.0373603733435157,0.0581603520937283,-0.0347337577473012,-0.0347337577473012,0.8596543647181452,-0.2278081732596597,-0.2202297612227859,0.197696617785628,1.8863576789485137e-07,0.037736663871626,0.0327626051348041,17.183745733595686,2019,development,False,True,False,False,False,1,B
False,A,B,TBCH,2019-03-29,2019-04-05,5,11.359999656677246,0.8749999999999993,18821376.16384983,0.9991166077738516,0.6637426900584795,0.8157894736842105,0.9912280701754386,0.9736842105263158,0.0263157894736842,0.0175438596491228,2019-04-01,1.600000653948104,-0.8685716901506703,0.7314289637974336,0.8627455013622572,0.3706465399654451,0.2514288766043528,0.0186757446532912,2019-04-08,11.920000076293944,0.0234899103338133,0.0612415719432857,-0.0276845571806954,-0.0729865671133093,0.0612415719432857,-0.1115771740934051,12,3,True,Friday,0,True,0.0097777472601996,-0.1471471533823364,-0.246684369088152,-0.2213845416127514,-0.1655955269707847,-0.2389425847620708,-0.4079471295014187,-0.076701372389757,-0.0527725245025131,-0.0213542695597172,-0.3205741553108882,-0.4021052812275133,0.4674729471674093,-0.3695880694734927,0.1825528028411949,-0.2898281349458943,0.0059982600142749,0.2244892001198905,0.0770246502151685,16.75050381186317,2019,development,True,False,False,False,False,1,B
False,A+,B,IOVA,2019-07-12,2019-07-16,2,23.90999984741211,1.2960000038146977,45065675.867996216,0.9288849868305532,0.7251461988304093,0.8771929824561403,0.2894736842105263,0.9385964912280702,0.9473684210526316,0.8771929824561403,2019-07-15,0.4706794819105421,0.2469133440449992,0.7175928259555413,0.7777773068282956,0.50655155679293,0.3317903579553251,0.0176157438698782,2019-07-17,24.88999938964844,0.044596248998431,0.0683005546254238,-0.0449979493511184,-0.0048211705434865,0.0683005546254238,-0.0449979493511184,27,1,True,Friday,13,False,-0.0252752067622621,0.0584329210229332,0.2331098813843553,1.0719237371273596,0.039294080047465,0.2994565053641911,0.9800586096417164,0.0547646909042376,0.1683133141174244,0.0756588484463096,-0.0623529471603094,-0.0623529471603094,0.4469362212970294,-0.4507624326326275,-0.0359785450172976,0.0812801716431253,-0.0029251857054545,0.3043485472016917,0.0542032627388314,17.623631447485753,2019,development,False,False,True,False,False,1,B
False,A,B,KRNT,2019-07-19,2019-07-23,2,29.46999931335449,1.2489998817443844,11037550.215559006,0.926251097453907,0.6812865497076024,0.8245614035087719,0.2631578947368421,0.8771929824561403,0.9035087719298246,0.4473684210526316,2019-07-22,0.2722179221610826,0.2642113330268471,0.5364292551879297,0.9239132237573224,0.3840412539014792,0.4883897203825142,0.0206569146230597,2019-07-24,30.06999969482422,0.032258105438893,0.0369138883144923,-0.0202527189391411,-0.0066511093322439,0.0522114968659097,-0.0202527189391411,28,2,True,Friday,8,False,-0.0499677988889665,-0.0353518805459052,0.0681405998684003,0.0716363386674359,-0.0151717843959199,0.035473828314944,0.261505537646012,0.0128964542754788,0.0180572048485174,0.0385228783422118,-0.0847826517049979,-0.0847826517049979,0.5900393540507531,-0.2664404939611887,-0.2107968784583639,0.1712579725878681,0.0027210858756483,0.586776546845146,0.0423820804494689,16.216813673425023,2019,development,False,False,False,False,False,0,B
False,A+,B,WPM,2019-09-13,2019-09-17,2,24.773895263671875,0.8640873019596265,89328423.39746475,0.9682683590208522,0.6906906906906907,0.8063063063063063,0.6846846846846847,0.5405405405405406,0.8468468468468469,0.6936936936936937,2019-09-16,0.8050457463107418,-0.1180722887009668,0.6869734576097749,0.7407417000845337,0.6506960777252287,0.4293607012734659,0.0148422859816885,2019-09-18,25.367498085095857,0.0398536204660353,0.043144301997456,-0.0336380279145176,-0.030713058662167,0.043144301997456,-0.0574040815728867,36,1,True,Friday,11,False,-0.0725691550137929,-0.0846468612330455,0.005208898451013,0.1656752017459475,-0.0589364874709134,-0.0091258410157497,0.1896635430607451,0.0077508838052082,0.0358063295827262,0.05855336871768,-0.1355984769413073,-0.1355984769413073,1.2527887627160603,0.0424004360176391,0.0402111490130008,-0.00745246513457,-0.0007234143012122,0.0256399806330785,0.0348789438545303,18.30783028632788,2019,development,False,True,False,False,True,1,B
False,A,B,TTD,2019-11-15,2019-11-19,2,22.915000915527344,1.065180110931397,352360617.4146652,0.9578207381370826,0.7719298245614035,0.9210526315789472,0.5789473684210527,0.8508771929824561,0.8859649122807017,0.2543859649122807,2019-11-18,0.5473236589510297,0.1398826041883127,0.6872062631393425,0.9245039834759512,0.6955864561882471,0.3567463914007299,0.0163321080296943,2019-11-20,23.600000381469727,0.1156779448351139,0.1199999482752922,-0.0039406953594934,0.0344914899520312,0.1340677756928949,-0.0656355831075832,45,9,True,Friday,9,False,0.1719430013628378,0.1282620146767241,0.1762743112039715,-0.0566852837043706,0.1109630173549376,0.1345767324360471,0.0728594397545805,0.0303491261115296,-0.0314193467061193,0.0355992531140363,-0.0090382126286207,-0.137398815928906,0.6113989940857868,0.204882521288531,0.1086438329472385,0.3229910276201663,0.004165174982591,0.3166417078025723,0.0464839654538099,19.68016569043122,2019,development,False,False,True,False,True,1,B
False,A,B,JKS,2019-11-22,2019-11-26,2,13.273873329162598,0.6279946921967989,15018362.508130074,0.9391304347826088,0.6956521739130435,0.8260869565217391,0.391304347826087,0.8521739130434782,0.8434782608695652,0.008695652173913,2019-11-25,0.3056224169611141,-0.232273915684312,0.0733485012768021,0.919355930326281,0.7731244317851479,0.0611237579521721,-0.0028735194342934,2019-11-27,13.527218837413995,0.0777524204239901,0.0783199702403196,-0.0175937206881825,0.2088535511603184,0.2099886509377109,-0.0175937206881825,46,2,True,Friday,4,False,0.1565220180286837,0.1420081382448113,0.1698242624315415,-0.089999805821853,0.1282219982881236,0.0657972437116973,-0.0860820561293519,0.0295599744811825,-0.0536895509599351,0.005092256188137,-0.0536397777460306,-0.2573022721280343,1.4078259537239854,0.9320421575224233,0.0411861058636284,0.2758397454444927,0.0154639902628133,0.6271199043093125,0.0473105834765726,16.524784177593425,2019,development,False,False,False,True,True,1,B
False,A,B,INSP,2020-03-27,2020-03-31,2,56.02999877929688,7.694550323486327,39106730.17269135,0.9599666388657214,0.7083333333333333,0.8375,0.6,0.725,0.8,0.3666666666666666,2020-03-30,0.5588374721044796,-0.0064985021418573,0.5523389699626223,0.9018101206304368,0.4465819306080384,0.0181946161585434,-0.0023171035069707,2020-04-01,57.540000915527344,-0.0045186328135823,0.0403197716008056,-0.1991657786258418,0.2045532925928446,0.23479322073811,-0.1991657786258418,64,2,True,Friday,2,True,0.2220283673710839,-0.14196024256099,-0.3475020730504506,-0.2362323021656206,-0.1365520853772877,-0.2408106179746784,-0.1697291427733157,-0.111447354034871,-0.0708919164730293,0.0155399402493461,-0.3866447759693193,-0.4102105391652959,0.4465819306080384,0.2019524977431235,0.4596469815405786,-0.2212218289886796,-0.0294725796446256,0.2747868955918098,0.1373291181710585,17.48180513732222,2020,development,False,True,False,False,True,1,B
False,A+,B,FSLY,2020-09-04,2020-09-09,2,80.91999816894531,7.44915008544922,991001649.2604064,0.9698015530629852,0.8419540229885057,0.9482758620689656,0.6982758620689655,0.8793103448275862,0.9482758620689656,0.896551724137931,2020-09-08,0.2658025860965304,0.1973381129176801,0.4631406990142106,0.9066345744690822,0.4636149047305596,0.2510357188580207,0.02266669995857,2020-09-10,84.4800033569336,-0.0232008361266988,0.0324336855455942,-0.1214488840972375,0.0429687157809521,0.1286694446644498,-0.1214488840972375,87,3,True,Friday,17,False,-0.1452413675498562,-0.0485597264505581,0.0200428123180529,0.7021454903362341,-0.0433065896968816,-0.0660957919784773,0.9236849091720668,-0.0359483510589849,0.0619155569528715,0.1802959893036506,-0.1882837176525618,-0.3130147080398039,1.035244462257941,-0.1005225085057772,-0.0320055664028858,-0.0462542937869403,-0.0085678944233699,0.8124463812419714,0.0920557371973345,20.71422675653143,2020,development,False,False,True,False,False,1,B
False,A,B,W,2020-09-18,2020-09-22,2,290.0899963378906,21.31784973144532,779542352.7017212,0.9586846543001686,0.6918767507002801,0.8025210084033614,0.5882352941176471,0.8235294117647058,0.6638655462184874,0.8907563025210085,2020-09-21,0.596213577597838,0.0642665959289853,0.6604801735268233,0.7783689702129195,0.744099604288131,0.0154793553957213,-0.0010836997447146,2020-09-23,300.3299865722656,-0.0188791767844065,0.0237738986037594,-0.091366074486956,-0.0152165185328272,0.0795125560233276,-0.091366074486956,89,2,True,Friday,8,False,0.1498731478577151,0.052194354347919,-0.1181602508720136,0.3814466819818911,-0.0055705133313963,0.0491887821641532,0.8727148832341121,-0.040573720513624,0.0389377403044091,0.1548087679674326,-0.1689918250461437,-0.1689918250461437,1.7269459804728382,0.1834625796601534,0.090633052079023,0.0175861759277418,0.0100987646011949,0.8321072168542486,0.0734870212712014,20.474217578150604,2020,development,False,True,False,False,True,1,B
False,A+,B,DKNG,2020-10-30,2020-11-03,2,35.400001525878906,3.321250152587892,1602578786.7567253,0.9930615784908932,0.7011494252873562,0.8362068965517241,0.9310344827586208,0.913793103448276,0.2586206896551724,0.8189655172413793,2020-11-02,0.3823851214810889,0.2408740730156854,0.6232591944967744,0.8489596992744121,0.5624470218528397,0.3432440609028377,0.031379007216949,2020-11-04,39.43000030517578,0.0235861095099638,0.1283287175787015,-0.0278975010298618,0.1820948579661385,0.1876743968705356,-0.0278975010298618,95,3,True,Friday,0,True,-0.1717360754406782,-0.2016237843018411,-0.4449670397709412,0.0743551048925952,-0.224492001788067,-0.2300363799695473,0.1747966768840323,-0.1055823339663318,0.0257644792397213,0.12917580487995,-0.4485122265232402,-0.4485122265232402,0.7137491644097115,-0.2340784156978413,0.3705176356169426,-0.6026572919753469,0.0016056027563817,0.152439081122824,0.093820621735282,21.194879910453334,2020,development,True,False,False,False,False,1,B
False,A+,B,REPL,2020-11-13,2020-11-17,2,45.90999984741211,4.081299591064452,29063829.81016159,0.961698584512906,0.7630853994490359,0.9256198347107438,0.6198347107438017,0.9008264462809916,0.768595041322314,0.8760330578512396,2020-11-16,0.2891236673140241,0.4459363137195083,0.7350599810335324,0.9463411956371052,0.5258965352431095,0.6272515202990387,0.0552319624070831,2020-11-18,49.27000045776367,-0.0156281804467152,0.1132534598034116,-0.1108179223410642,-0.0058859531729849,0.1132534598034116,-0.1108179223410642,97,1,True,Friday,10,False,-0.0126881753244707,0.0980626247178324,0.1203025954183978,0.8900781439684597,0.0386877793532149,0.3958310476441338,1.1042138051434192,0.0691306634870818,0.1442984783114849,0.1415675931260922,-0.0727125549619612,-0.0727125549619612,0.9021871894274464,-0.2792213211140024,-0.0299260618489933,0.3823977908097077,0.009547582471471,0.8347827336888554,0.0888978349951902,17.18500499717382,2020,development,False,False,True,False,False,1,B
False,A+,B,REPX,2021-03-05,2021-03-10,3,13.542808532714844,7.5313271930539,15093198.060153294,0.954843408594319,0.823671497584541,0.9202898550724636,0.5507246376811594,1.0,0.9202898550724636,0.8405797101449275,2021-03-09,0.293790006410108,0.3626781580119385,0.6564681644220465,0.8000000620276015,0.3373060527064438,0.4285279370122705,0.2114999771118164,2021-03-11,18.50214439150541,-0.0206185518970154,0.1340208205655295,-0.0474226646816609,-0.0927834345112714,0.1340208205655295,-0.1336081705198372,113,2,True,Friday,18,False,-0.4011469271291457,-0.6418483192626658,-0.3862379546186546,0.3325824926178848,-0.5205358864328361,-0.3343133844727382,0.2531019427304324,-0.0541034425981635,0.153934688547312,0.2783929827333034,-0.7127831340217894,-0.7758838276226672,0.120308962250701,-0.7914434463033375,0.3331125410776352,0.2562782493013353,-0.0005922026277355,0.7752294942552075,0.5561126538015184,16.529754740705254,2021,development,False,False,True,False,False,1,B
False,A+,B,BEAM,2021-07-16,2021-07-20,2,88.01000213623047,9.38054962158203,132841122.70946504,0.9612005856515372,0.8126520681265206,0.8978102189781022,0.6131386861313869,0.9416058394160584,0.8832116788321168,0.6642335766423357,2021-07-19,0.4519988737135911,0.279301624347698,0.7313004980612892,0.9549910567382056,0.5184450662609247,0.4754517874103512,0.0493308141114681,2021-07-21,95.4000015258789,-0.1156184339924228,0.0610586672439628,-0.1365827942441098,-0.0323899781746536,0.0610586672439628,-0.1365827942441098,132,2,True,Friday,10,False,-0.1285275374007672,-0.3412425290756441,0.0354117898380055,0.2107580022049568,-0.1205771447030376,0.0175013667668404,0.164399131465613,0.0053847202507391,0.0512727700696626,0.1081064261050321,-0.3646496576735992,-0.3646496576735992,0.4337370679791723,-0.4799169781324897,0.3667344602182318,0.1903762078918949,0.0087668027264271,0.4950497043923172,0.1065850402669221,18.704664406028986,2021,development,False,False,True,False,False,1,B
False,B,B,EH,2021-07-16,2021-07-21,3,28.690000534057617,3.0890997886657714,65739587.03354836,0.95900439238653,0.7493917274939172,0.8065693430656934,0.5912408759124088,0.9562043795620438,0.7007299270072993,0.4890510948905109,2021-07-20,0.3916995782759341,0.1294874383786209,0.521187016654555,0.7424651922084057,0.7771518391886,0.1100644769830312,0.0113484700593367,2021-07-22,30.59000015258789,-0.1614906998828403,0.0032690546247435,-0.2533507669611553,-0.1677018974346503,0.0032690546247435,-0.2533507669611553,132,2,True,Friday,10,False,-0.1402456861739797,-0.297674379296904,-0.2697887537406654,0.0279469971662444,-0.2237868964774381,-0.0983544563001285,-0.1189958770540351,-0.0504919506183533,0.0413467643871785,0.0942536680255681,-0.3567264234166994,-0.3944446466296152,0.9003189609674385,-0.3169990132862158,-0.3139929188633976,-0.1513917253723123,0.0022973942812718,0.2823761817237458,0.107671653229798,18.001211844366626,2021,development,False,False,False,False,False,0,B
False,A,B,JKS,2021-07-30,2021-08-03,2,41.37240982055664,4.246641130416098,147990262.08723068,0.9382239382239382,0.7128205128205127,0.8769230769230769,0.3846153846153846,0.953846153846154,0.8,0.0153846153846153,2021-08-02,0.426646766321028,0.1518573492591779,0.578504115580206,0.993670740908404,0.42371330322877,0.386875018788695,0.0389444833473366,2021-08-04,44.81178803625404,0.0181601319361479,0.0474559906693967,-0.0734965059318452,-0.2975843019982381,0.0474559906693967,-0.3147163921934032,134,6,True,Friday,0,True,-0.0503964062343492,-0.0708620531756248,0.0349530839381877,0.4580629063295061,-0.0451214794297349,0.1415486825761909,0.0191499949751519,-0.0013006414350519,0.1121534525016947,0.029657662676453,-0.1678505182028454,-0.1678505182028454,0.3913020057738448,-0.058729660611921,0.0932097821108324,-0.0769166317465464,-0.0217185969937676,0.5698689010677801,0.1026442778855505,18.81265703285579,2021,development,False,False,True,False,False,1,B
False,A,B,SD,2021-12-03,2021-12-10,5,6.880527019500732,0.7075360560820242,12365311.973934174,0.9870317002881844,0.6498800959232613,0.802158273381295,0.8705035971223022,0.8776978417266187,0.2014388489208633,0.8992805755395683,2021-12-06,1.1411551997890768,-0.5854636786542403,0.5556915211348363,0.7770958393303627,0.3289520463191629,0.0198466372509676,-0.0019268263529059,2021-12-13,7.252636952597804,-0.0280737278485211,0.0208129835368331,-0.0919651427740609,0.0900290285911284,0.0929331652806377,-0.0968054990957748,152,3,True,Friday,19,False,-0.1771620926999657,-0.2013041379714983,-0.2147435667196718,-0.0258449461209188,-0.2075364573729547,-0.2185256925517571,0.2790311374042791,-0.0463466452127573,0.0016293973167389,0.1074166978303425,-0.3462307000380555,-0.3462307000380555,0.7572160058626919,-0.091381149401299,0.0394725355946599,-0.4170093362908265,0.0365615494111222,0.1978025663275359,0.1028316659576703,16.33040568902246,2021,development,True,False,False,False,False,1,B
False,A+,B,RRC,2022-02-04,2022-02-11,5,19.55715751647949,1.2230419954466851,115505213.46868517,0.97178002894356,0.6858513189448441,0.8489208633093526,0.7194244604316546,0.7410071942446043,0.5971223021582733,0.8561151079136691,2022-02-10,0.5413913462083155,-0.0627755628271389,0.4786157833811765,0.8382344691402364,0.6577117997624097,0.4001570500954499,0.0249023554824818,2022-02-14,20.2288973842571,-0.030834838845875,0.0099619909691897,-0.0687857656078292,0.0887095432161761,0.1555977343669679,-0.0687857656078292,161,2,True,Friday,15,False,0.0488933694231157,0.1566400709849875,0.0886752150364327,-0.1096548031057935,0.0318464005489234,0.0624764568842437,0.1533150230734865,0.0253069266803072,-0.0284255277134654,0.0600900523056031,-0.09422239172733,-0.160625995129239,0.6786731996697991,-0.1472497096930527,0.2733900509440214,0.0429574368812341,0.0024448722958405,0.2222220259929223,0.062536797303806,18.564826225164435,2022,development,False,True,False,False,False,1,B
False,B,B,BILL,2022-03-18,2022-03-23,3,224.8300018310547,19.65619964599609,434215631.672821,0.9700557103064068,0.8124999999999999,0.9444444444444444,0.7013888888888888,0.9513888888888888,0.7847222222222222,0.375,2022-03-22,0.6572988879657151,-0.1999365465634033,0.4573623414023117,0.7301900858631752,0.7076150883384632,0.3744366023393933,0.032500222521193,2022-03-24,233.8099975585937,-0.0070997976110637,0.0433685449532899,-0.0890466288132613,-0.0896026567169865,0.0473889138477836,-0.1203327265754971,167,2,True,Friday,9,False,0.1990294299905073,0.0953425306827968,-0.0310721929998823,-0.0350229772510513,0.0758729009307708,0.1020927287133901,-0.0426382110389145,-0.0540459168165229,-0.0438205400646408,0.0281405976677762,-0.1182791600156185,-0.1439938813793968,1.537917843677096,0.2123776526014418,-0.1272840561850904,0.0289049087006043,-0.0172602641059039,0.8694880590613762,0.0874269425161792,19.88905181584939,2022,development,False,False,True,False,True,1,B
False,A+,B,RES,2022-06-03,2022-06-07,2,8.40987491607666,0.5782917776688504,15259289.296059608,0.9666193181818182,0.6879432624113475,0.8085106382978723,0.6666666666666666,0.9078014184397164,0.4893617021276595,0.851063829787234,2022-06-06,0.5473014093272996,-0.1407332021546115,0.406568207172688,0.8260871368004222,0.7791170276493926,0.4378432524298569,0.0301724886532792,2022-06-08,8.753504876687789,-0.1776861038340993,0.0072313732042748,-0.1983472372010706,-0.2861571682417599,0.0072313732042748,-0.2892563136555137,178,3,True,Friday,18,False,0.0163938942091528,0.0568180994264757,-0.0567949292098276,-0.0342679424537831,0.0132376390000008,-0.0971924364003232,0.3465577573031599,-0.0245497049036432,-0.0226009280441454,0.0804996830856508,-0.1308409495377318,-0.2796280622945045,0.7305871845358378,0.203060700262244,-0.070996286515635,0.270690458349453,-0.0086111048080598,0.7894739483861597,0.0687634219818613,16.540699009738624,2022,development,False,False,False,True,True,1,B
False,A,B,ARHS,2023-02-10,2023-02-14,2,12.782535552978516,0.7679652030934091,16243254.580821993,0.9289855072463769,0.7342995169082125,0.8840579710144928,0.2898550724637681,0.9492753623188406,0.9637681159420288,0.8840579710144928,2023-02-13,0.5036580399324102,0.0959347320225056,0.5995927719549159,0.7584544623866445,0.7830097864168645,0.2038614585125747,0.0119634113889919,2023-02-15,13.2522110549084,-0.0472550230402599,0.0611535996672636,-0.0899930202053873,-0.0284920747434027,0.0611535996672636,-0.0899930202053873,214,1,True,Friday,11,False,-0.0453920004558145,0.0342772071816177,0.078477094231991,0.521929890299452,0.0096381124485911,0.203106561373116,0.6931681485171317,0.0491471665546197,0.1056081493053366,0.0756094664621258,-0.0783532609416542,-0.0783532609416542,0.6215452754561892,-0.1610282416337821,0.5007087613677925,0.0535264163315992,-0.0049751503102117,0.4200000762939474,0.0600792542223332,16.603188277842392,2023,validation,False,False,True,False,False,1,B
False,A+,B,RIG,2023-02-10,2023-02-14,2,7.349999904632568,0.3835000276565551,172862669.70335245,0.9594202898550724,0.6908212560386473,0.8079710144927537,0.5942028985507246,0.8043478260869565,0.6739130434782609,0.782608695652174,2023-02-13,0.3650582956697283,0.1043036135736816,0.4693619092434099,0.8500001788138917,0.5532346543720557,0.6779666496261119,0.0357634428561168,2023-02-15,7.440000057220459,-0.1801075460056524,0.0336021502792029,-0.2459677297892027,-0.0483871143475365,0.0336021502792029,-0.2459677297892027,214,1,True,Friday,11,False,0.056034463268398,0.1085972515480666,0.3486238829104882,0.909090931609784,0.1118674768216962,0.3865308317321898,0.8461306391187893,0.0831558264741045,0.1257167083242165,0.0580262817468384,-0.0328947372548797,-0.0328947372548797,0.939927860972573,-0.1837816816970583,0.1873585244823934,0.1142276138786062,-0.0176390931424086,0.4285712339442292,0.0521768751880992,18.96800802047908,2023,validation,False,True,False,False,False,1,B
False,A,B,CRK,2023-03-17,2023-03-21,2,9.93165397644043,0.7149358444132586,66541433.47873211,0.950752393980848,0.691609977324263,0.8027210884353742,0.5102040816326531,0.91156462585034,0.6530612244897959,0.0068027210884353,2023-03-20,0.5259969804584017,0.1483579531813933,0.674354933639795,0.7804878616104972,0.5924459236455237,0.0134873700753327,0.0009268052749944,2023-03-22,10.355919433313677,-0.0055865872788358,0.0093109773048314,-0.0959031710592736,0.0111731996872259,0.0437616998790026,-0.0959031710592736,219,6,True,Friday,10,False,-0.0462964234881863,-0.2179195586384564,-0.2056746384513617,-0.3127039463663129,-0.1165114335953836,-0.1435365970639052,-0.3306677641525278,-0.0405651664387174,-0.0410819058977365,-0.0304088516194374,-0.23248886633062,-0.3090530010343139,2.812032681868451,0.2695221140765451,0.0863229522286033,-0.3491749864319975,-0.0159027734324663,0.4576277761613821,0.0719855772371055,18.013335371435453,2023,validation,False,False,False,False,True,0,B
False,A,B,ON,2023-04-06,2023-04-13,4,75.33999633789062,3.494000244140625,507027954.56474304,0.9563994374120957,0.6806526806526806,0.8181818181818182,0.5664335664335665,0.6573426573426573,0.8181818181818182,0.4265734265734265,2023-04-10,1.027476736243945,-0.3835157051097287,0.6439610311342162,0.7647038516375587,0.5116299682087508,0.2633079864513841,0.0119994546878436,2023-04-14,77.5999984741211,-0.0430411907676065,0.0318299132638109,-0.0698453386020726,-0.0981958152966807,0.0318299132638109,-0.1408505221661935,222,3,True,Thursday,15,False,-0.0793108315769473,-0.0695319846601777,-0.074560951371679,0.2611314734034704,-0.0467936909037685,-0.0529632088435585,0.0991944449842885,-0.0036117308454637,0.0300894950593277,0.0300922153391949,-0.113334173760917,-0.1394632357311155,0.5490113146991571,-0.2419143789899417,-0.0855642194953575,-0.0542161696093074,-0.0169846228927087,0.4797956250505735,0.0463764323596521,20.044076697244023,2023,validation,False,True,False,False,False,1,B
False,A,B,ARCT,2023-08-25,2023-08-29,2,31.420000076293945,2.1079999923706048,14886001.772871016,0.9744897959183674,0.717391304347826,0.8478260869565217,0.7463768115942029,0.8913043478260869,0.5144927536231884,0.5652173913043478,2023-08-28,0.507590894708474,-0.3984829520762352,0.1091079426322387,0.7926827566315323,0.6390544499444388,0.099620059408302,0.0066793600796912,2023-08-30,31.88999938964844,0.0059580572293118,0.0388837159673731,-0.0492317254585412,-0.0846660052451192,0.0388837159673731,-0.0881153816156711,242,8,True,Friday,4,True,0.0625634224065798,0.1314367864012706,-0.0850320344589133,0.1637037065294053,0.0202292478601009,0.0291786255499248,0.3363246878239765,-0.025241736343898,0.0187810382460968,0.0612280349906586,-0.1269797551831494,-0.1676821171842664,0.4541872916456207,-0.2767350237397716,0.0968137481210087,-0.0068693807455298,0.0064829449957137,0.8527128688277379,0.0670910244192223,16.51593185099852,2023,validation,False,False,False,True,False,1,B
False,A+,B,DKNG,2023-08-25,2023-08-29,2,28.14999961853028,1.6320001602172844,448014695.0024986,0.956268221574344,0.6932367149758454,0.8333333333333334,0.5652173913043478,0.855072463768116,0.6594202898550725,0.7463768115942029,2023-08-28,0.3002449283172408,0.1531862594711479,0.4534311877883887,0.7348481345548101,0.463786405722798,0.5882346753843735,0.0343716102392865,2023-08-30,28.850000381469727,0.05268632366258,0.0578856171304102,-0.0024263325441471,0.0644713580037801,0.1317158091564501,-0.0024263325441471,242,11,True,Friday,4,True,0.0594655604762328,-0.042191214592366,-0.1306362356408401,0.1882650478652712,-0.0288917736561491,-0.0122183275004867,0.3702297318287459,-0.0312473904230917,0.0161524991955528,0.0793487328305504,-0.1838214482864112,-0.1838214482864112,0.6247401001173827,-0.4936347557862267,0.3170874803622601,-0.1462894192454876,0.0033027578931335,0.6942144331001986,0.0579751396921152,19.92033659118617,2023,validation,False,False,False,False,False,0,B
False,A,B,IBRX,2024-03-15,2024-03-19,2,5.130000114440918,0.522749948501587,22481288.883218765,0.9833222148098733,0.7111111111111111,0.84,0.8333333333333334,0.9333333333333332,0.3666666666666666,0.1333333333333333,2024-03-18,0.4571972590001825,0.1166903420557826,0.5738876010559651,0.9047619047619048,0.589444358458443,0.5547584704394226,0.0564202275069922,2024-03-20,5.5,-0.0690909298983487,0.2327273108742453,-0.0736364017833363,0.0381818251176313,0.2327273108742453,-0.1654545177112926,271,7,True,Friday,9,False,-0.0655737106895951,0.089171989998366,0.0732217341569114,0.3053435183969051,0.0622217841053545,0.1876924836886817,0.675703966052202,0.0254804129303474,0.0164015444120113,0.044418669818727,-0.0756756868216133,-0.0756756868216133,1.8481762369086312,-0.1371407934788217,0.2228929497063745,0.0634617964195429,0.0244399931009138,0.7222225901519918,0.1019005724834292,16.92819391600895,2024,validation,True,False,False,False,False,1,B
False,A,B,OLMA,2024-06-07,2024-06-11,2,13.130000114440918,1.015549993515015,15366996.359052658,0.921853388658368,0.6919540229885057,0.8068965517241379,0.2206896551724138,0.8758620689655172,0.9793103448275862,0.0206896551724137,2024-06-10,0.482496946725567,0.0,0.482496946725567,0.8333331263729237,0.5199809580214335,0.1969374334520947,0.0149031153597705,2024-06-12,14.010000228881836,-0.1434689647426407,0.0135617114403476,-0.1755888649505974,-0.2105638658865734,0.0135617114403476,-0.2234118531981443,283,4,True,Friday,14,False,0.3564049277374985,0.5040092557756835,0.3343495844344848,0.0100000088031475,0.261105516320524,0.2480276928036751,0.0671868612510284,0.0643528937359132,0.0001330912022727,0.0080746754217366,-0.1449596144761005,-0.1449596144761005,1.0419860633708051,1.169556074503615,0.2913285079496206,0.1534266190367307,-0.0376222724932412,0.7791045710885836,0.0773457718707916,16.547732674104576,2024,validation,False,False,False,False,True,0,B
False,A+,B,HIMS,2024-06-21,2024-06-25,2,22.14999961853028,1.5852500915527343,253247298.21591377,0.9502724795640328,0.7165532879818594,0.8299319727891157,0.5034013605442177,0.8639455782312925,0.782312925170068,0.9727891156462584,2024-06-24,0.4604948746738745,0.1766287150131941,0.6371235896870687,0.7633590898303353,0.6375244889908196,0.6181986977691513,0.0441839282575502,2024-06-26,22.81999969482422,-0.0705521749291138,0.0105170803824592,-0.1761612844664254,-0.1143733849805236,0.0105170803824592,-0.1761612844664254,285,2,True,Friday,5,False,-0.0910956563090933,0.0268891948035228,0.3698206254805971,0.3239689315358731,0.0410057318616101,0.3475694792930943,1.0055775496609187,0.0932281757020674,0.1066302242694992,0.148762223672374,-0.1394716466398762,-0.1394716466398762,0.9879594402134304,0.0296642751593039,0.2407632417760763,0.3405515957126714,0.0049129349419463,0.7687495306135366,0.0715688541243379,19.349877032589617,2024,validation,False,False,False,False,True,0,B
False,A+,B,TDUP,2025-05-16,2025-05-22,4,7.150000095367432,0.4795000195503235,21807021.84519291,0.9401544401544402,0.6987179487179487,0.8141025641025641,0.4038461538461538,0.8012820512820513,0.8910256410256411,1.0,2025-05-21,0.3962461928544686,0.3336805857946736,0.7299267786491422,0.88191333540034,0.636929891060388,0.896767071546479,0.0608203419940762,2025-05-23,7.300000190734863,-0.0136986820351932,0.0424657444766909,-0.0356164687792511,0.0575341902031523,0.0684931488953382,-0.0657534255523308,332,1,True,Friday,9,False,0.1476725639610456,0.6176470524775466,1.1536145298604557,1.6879698739312508,0.365220319720078,0.9236460769564347,2.639584472980969,0.1869794362170709,0.266750735095786,0.2063050529856929,-0.0055632769867446,-0.0055632769867446,0.6536647947261999,-0.1153175902281181,1.0477591354053368,0.3449709173412388,0.0,0.9500000596046304,0.0670629389027557,16.897742578885786,2025,validation,False,True,False,False,False,1,B
False,B,B,PGY,2025-08-22,2025-08-26,2,33.7599983215332,3.2252004623413084,123151707.4923706,0.9672330097087378,0.703030303030303,0.8303030303030303,0.6727272727272727,0.9212121212121211,0.5151515151515151,0.9272727272727272,2025-08-25,0.384472746096107,-0.1612304301191194,0.2232423159769876,0.7402318625349049,0.7463315027838726,0.2108397022497449,0.0201183526782504,2025-08-27,34.41999816894531,0.0252760834649599,0.1288495528536197,-0.0406739623956389,0.0723417144372002,0.1490412940446832,-0.0406739623956389,346,4,True,Friday,5,False,0.0138137866369891,0.1775374339621285,0.0727676853557139,1.2108708126703904,0.0815139352972573,0.2710938458629888,1.2111532458162828,-0.0019982065568747,0.12398645951329,0.1499103754006614,-0.1861138212608309,-0.1861138212608309,1.0586325415044326,-0.0871992593250219,0.2401994041783017,-0.2333937879691047,0.0073899667440924,0.8907211232355552,0.095533193800077,18.628927547577785,2025,validation,False,False,False,True,False,1,B
False,A,B,LTBR,2025-11-07,2025-11-11,2,18.75,3.274500179290772,53463991.04020119,0.9640117994100296,0.7058823529411764,0.8176470588235294,0.6411764705882353,0.9529411764705882,0.5235294117647059,0.8,2025-11-10,0.6840737970591069,-0.2717970196725424,0.4122767773865644,0.8661417204578836,0.4286990988040905,0.0244311862347743,0.0039960000937477,2025-11-12,20.489999771118164,-0.1732552111622995,0.0175695761040957,-0.2015616987262281,-0.2635431761274045,0.0175695761040957,-0.3513909170176738,357,5,True,Friday,14,False,-0.3011554210466786,-0.2597710202733916,-0.1508152144570805,0.3888888888888888,-0.2276958585151131,-0.0898941853676127,0.3595429029751131,-0.0151711819088649,0.0907107969550369,0.1547394781552438,-0.4017230405644486,-0.4017230405644486,1.1498832288419076,-0.0928643385203832,0.0442855661477352,-0.0206094840465811,-0.0544746834188212,0.990867373111268,0.1746400095621745,17.794518920587386,2025,validation,False,False,False,True,False,1,B
False,A,B,QUBT,2025-12-05,2025-12-09,2,12.84000015258789,1.2211499691009522,326395087.5326109,0.9530791788856304,0.7231968810916178,0.8304093567251462,0.5321637426900585,0.8888888888888888,0.7485380116959064,0.0584795321637426,2025-12-08,0.3439381623234713,-0.040945168079294,0.3029929942441772,0.7738098076414379,0.5379441442707023,0.2784262057822506,0.0264180385090284,2025-12-10,13.0,-0.1330768878643329,0.0023076717670147,-0.1723076747013971,-0.0976923429048978,0.0023076717670147,-0.2207692219660832,361,2,True,Friday,17,False,0.0974359283681352,0.2502433865892781,-0.0235741045578089,-0.1574802922949246,0.1077082480104787,-0.1700600997407108,-0.041776728834875,-0.0519363633050738,-0.0902729598020426,0.0175066920112891,-0.0932203184356292,-0.503095972261364,0.7368098164963871,-0.3063725250484788,-0.3007538906655445,0.0280491393850375,-0.0213549310369868,0.1571435578007753,0.0951051366502383,19.60361913048941,2025,validation,False,False,False,True,False,1,B
False,A,B,NVTS,2026-01-30,2026-02-03,2,8.579999923706055,1.025249981880188,296618950.667572,0.9491035280508964,0.8053949903660886,0.9421965317919077,0.4913294797687861,0.953757225433526,0.9710982658959536,0.5953757225433526,2026-02-02,0.273103865320441,0.1853211776792022,0.4584250429996432,0.934426357655652,0.7171168348370487,0.1267984557312676,0.0145740037364361,2026-02-04,9.020000457763672,-0.0254989450374892,0.0288247518860971,-0.1851441760952135,-0.1031042414610204,0.0288247518860971,-0.1851441760952135,369,9,True,Friday,0,True,-0.1563421967217233,-0.1420000076293945,0.2016806840543046,-0.3677229096048852,-0.1295746882970808,-0.0285656128735154,0.1735580048329439,0.0563697278379835,0.0256758636242357,0.1203291531825068,-0.2470382115816146,-0.3548872330330407,0.5565230694868004,-0.2727156116440835,0.3274601220827604,0.2501310695121876,-0.024312948729723,0.0937501552204229,0.1194930059436807,19.50795887863975,2026,validation,False,False,True,False,False,1,B
False,A+,B,TGB,2026-02-20,2026-02-24,2,7.949999809265137,0.6425000905990601,69268878.95796299,0.9715261958997722,0.712121212121212,0.8323863636363636,0.7159090909090909,0.7329545454545454,0.6875,0.7897727272727273,2026-02-23,0.3735404471217909,0.3268482623110152,0.7003887094328062,0.7792205379469732,0.7831911897975612,0.7937738212132538,0.0646387529372474,2026-02-25,8.600000381469727,-0.0662791422343079,0.0360464479292736,-0.0720930621970836,-0.1418604898736426,0.0360464479292736,-0.2186047102194183,372,1,True,Friday,5,False,0.0127388415092279,0.0460526196084853,0.1041666694261409,0.8317971266716768,-0.0128515799599708,0.1699434639487376,0.8354765999395879,0.0273631837996681,0.0956818976119242,0.1598227324332211,-0.1405405611605257,-0.1405405611605257,0.8031201927246334,-0.2861435807831796,0.1278240748338392,0.3165958422652012,-0.0169491672943675,0.8749991307656315,0.080817623397962,18.053506286209146,2026,validation,False,True,False,False,False,1,B
False,A,B,MXL,2026-05-22,2026-05-27,2,99.16000366210938,11.130498695373532,505841302.12221146,0.9374295377677564,0.7153558052434457,0.8539325842696629,0.3764044943820224,0.9550561797752808,0.8146067415730337,0.99438202247191,2026-05-26,0.639683388143873,-0.4653879800847453,0.1742954080591277,0.984732887938567,0.7008491016864938,0.447418921993946,0.0518101912738047,2026-05-28,101.5999984741211,-0.1004921184823962,0.0184055391207347,-0.1716534948221867,-0.2918307280627683,0.0184055391207347,-0.3329724639678183,385,3,True,Friday,4,False,0.0738575654612652,-0.0067113909311466,0.6438992732723412,4.527313306031528,0.1781549872716479,1.1140604162327978,3.075635327038321,0.2029829614178435,0.4918323672704212,0.3917103557894765,-0.0490073189361403,-0.0490073189361403,0.6675401369069659,-0.3627053525370196,0.6978496641037686,0.4241615793354664,-0.0181599036003364,0.9690912420099432,0.1122478649083256,20.041733545889343,2026,validation,False,False,False,True,False,1,B
False,A,B,RLAY,2026-06-05,2026-06-09,2,13.520000457763672,1.1375498771667485,68383985.97476482,0.9633389734912576,0.6872659176029963,0.8202247191011236,0.6348314606741573,0.7191011235955056,0.7078651685393258,0.7359550561797753,2026-06-08,0.5845897179553279,-0.0835130563816877,0.5010766615736402,0.9473682625473324,0.5877290564885375,0.0879085686500126,0.0071479902148514,2026-06-10,13.90999984741211,0.0819554533305653,0.1035226851081183,-0.0341480541341473,0.2954709313757619,0.353702381758781,-0.0341480541341473,387,2,True,Friday,16,False,-0.0377224004111185,-0.0102488573361851,0.0807354284894454,0.367037410356787,-0.0021771745065833,-0.0055167032124203,0.5340190775505451,0.0346683970175683,0.068201462215991,0.1284971647163619,-0.2261018323321481,-0.2261018323321481,1.2039333963914125,0.1633025776476957,0.3430084847322756,-0.0291633699982351,0.0,0.3684212701880776,0.0841383016753913,18.04064923200572,2026,validation,False,True,False,False,True,1,B
